날짜,1시,2시,3시,4시,5시,6시,7시,8시,9시,10시,11시,12시,13시,14시,15시,16시,17시,18시,19시,20시,21시,22시,23시,24시
2021-01-01,64942,62593,60905,59889,59638,59936,60193,59982,59626,57904,57604,56869,56191,56424,56691,58299,60425,62931,64176,63645,62754,61561,61979,63055
2021-01-02,60658,58603,57309,56663,56733,57327,58378,59285,60669,59515,58770,57296,55466,55066,55493,57865,61407,64223,65082,64257,62981,61686,61962,64227
2021-01-03,61992,59723,58310,57599,57518,58073,58877,59373,59434,56835,56485,55912,56037,57802,59465,61355,63202,65426,66473,65646,64815,63289,63706,64480
2021-01-04,62078,60011,58936,58715,59233,61081,64908,71659,80766,82796,82045,79963,76537,79560,81315,81431,82840,81666,78838,75717,72867,69726,68460,70327
2021-01-05,67267,64957,63471,63136,63564,65045,68221,73685,81609,83240,82327,80551,78100,80560,81611,82647,84497,83721,81513,78460,75423,72053,70992,72838
2021-01-06,69834,67769,66454,66041,66425,67820,71258,76764,84638,85568,83607,81501,77331,79353,80703,82423,84890,84026,81286,78156,75065,71868,71204,72623
2021-01-07,69787,67923,66797,66489,67004,68565,71857,76917,84978,88741,89725,88948,85653,87825,88570,88791,90195,88593,85675,82103,78767,75135,74165,75614
2021-01-08,73086,70960,69867,69143,69141,70433,73185,78406,86597,89506,89858,88961,85456,87080,87873,88394,89749,87970,84470,81091,78254,74855,73882,75386
2021-01-09,72506,70368,69057,68216,67882,68061,69159,70598,73312,73146,73740,72918,70451,70522,70652,71328,73094,74004,74232,72796,71222,69024,69331,71259
2021-01-10,69016,66797,65250,64317,64098,64459,64882,64993,65140,63661,63682,63093,62089,62194,62778,64543,66813,69439,70738,69913,68716,67209,67725,68749
2021-01-11,66415,64357,63260,62743,63238,64878,68630,75014,84899,89038,90564,90503,87340,89303,89758,89481,89824,87333,84111,80588,77300,73692,72582,74455
2021-01-12,71608,69670,68467,67935,68101,69301,72617,77928,86120,88089,86670,83758,79558,81987,84014,85429,86635,84736,82125,79067,76045,72710,71518,73255
2021-01-13,70389,68240,66860,66064,66177,67252,70123,75242,82971,84235,82359,78997,73791,75361,76029,77230,79665,78546,76696,74163,71883,69255,68252,69914
2021-01-14,66746,64775,63565,63330,63888,65322,68523,73841,80757,80501,78686,75711,70958,72641,73520,74674,77159,77206,76347,74083,71710,68953,67891,69110
2021-01-15,66149,63620,62130,61644,62022,63299,66269,71082,78032,78869,78279,76936,73618,76161,76666,76674,77067,75314,73908,71808,70103,67927,67006,69025
2021-01-16,65871,63503,62090,61578,61947,62762,64049,65843,68162,67499,67033,64903,61516,62137,62819,64335,66905,68347,69347,68524,67318,65729,66025,67841
2021-01-17,65365,62845,61468,60746,60880,61500,62097,62496,62142,59172,57975,56686,55375,55638,56808,59470,63246,66585,68310,67743,66517,65138,65321,65885
2021-01-18,63481,61426,60035,59848,60284,62258,66160,72762,82242,85910,86673,85407,81010,82626,83540,83140,84210,83005,81557,78688,75837,72489,71399,73003
2021-01-19,70296,68321,67166,66696,67239,68622,71942,77321,84965,85348,83864,81109,76402,78006,78856,80275,83221,83393,82105,79413,76608,73081,71708,73434
2021-01-20,70412,68255,66976,66517,66818,68071,71340,76650,83468,83109,81176,78031,72981,74564,75115,76249,78833,78552,77684,75598,73356,70473,69246,70789
2021-01-21,67488,65112,63800,63265,63646,65013,68033,72967,79980,79815,78985,78637,75947,79046,80096,79945,80435,78514,76783,74042,71490,68713,67515,68956
2021-01-22,65738,63156,61788,61230,61695,63070,65879,70398,77484,79367,79026,77749,74568,76940,77628,77201,77339,75177,73222,70819,68922,66134,65328,67155
2021-01-23,63772,61232,59775,59183,59395,60245,61336,62496,64935,65119,65370,64683,62771,63546,63708,63712,63760,63720,64352,63434,62342,60896,60952,62533
2021-01-24,59645,57194,55840,55339,55734,56512,57185,57361,57004,54526,53955,52535,51810,52498,52331,53892,57034,59988,62157,61913,61057,60083,60259,60776
2021-01-25,57931,55620,54655,54553,55335,57527,61556,67487,75047,74827,73319,70572,66809,68251,68274,69101,71796,72051,72147,70447,68668,66403,65251,66605
2021-01-26,63269,60853,59678,59224,59687,61221,64409,68914,76518,78892,79190,78616,75662,77282,77661,77476,77820,75725,74593,72333,70176,67293,66103,67662
2021-01-27,64295,62087,61047,60744,61417,63002,66366,71362,77213,76086,73562,70505,66163,68380,70410,72666,74825,74465,74186,72550,71004,68628,67451,68809
2021-01-28,65455,63150,61882,61433,62120,63827,66844,71727,77571,77553,77723,78198,76435,78162,78259,78863,80655,80279,79639,77501,75061,71958,70951,72623
2021-01-29,69780,67571,66579,66021,66442,67779,71045,76274,83375,83971,82411,79294,74777,76298,77004,77943,80841,80764,79565,77089,74748,71618,70525,72421
2021-01-30,69215,66916,65273,64328,64190,64596,65730,67051,68962,68293,68485,67032,63873,63375,62700,62412,63702,65032,66689,66367,65222,63758,63807,65812
2021-01-31,63063,60686,59311,58658,58753,59316,60052,60226,59470,56512,56160,54799,53442,53654,54675,56264,58663,61311,63574,63246,62475,61139,61139,61412
2021-02-01,58524,56248,55253,55057,55706,57378,61185,66789,75385,77878,77725,76770,73442,75317,75910,76213,76934,75345,74503,72390,70181,67545,66602,68340
2021-02-02,65398,63177,62387,62188,63011,64922,68534,74087,80454,79397,77763,75338,71043,73617,75097,76754,80076,80457,80267,77971,75279,72091,70533,72173
2021-02-03,68968,66924,65714,65306,65740,67253,70596,75938,82594,81774,79189,75953,71348,73246,74543,76211,79330,78526,77673,75730,73663,70609,69184,70774
2021-02-04,67451,65300,64010,63712,64398,66053,69180,74269,80547,80804,79491,76612,71705,73261,74066,75051,77695,78155,78405,76426,74114,70910,69608,71251
2021-02-05,68216,65756,64409,63971,64415,66037,69276,74179,80617,80698,79390,77084,72747,75086,75721,75846,77153,75645,74947,73061,71066,68248,67078,68848
2021-02-06,65727,63406,61914,61347,61382,62053,63132,64437,66340,65588,65570,64197,61002,61068,60734,61080,62464,63239,64778,64357,63543,61999,61850,63317
2021-02-07,60243,57738,56259,55858,56199,56940,57861,58175,58234,56832,56521,54661,52645,52538,52984,54708,57776,60847,63690,63698,63191,62180,62370,62459
2021-02-08,59736,57677,56634,56603,57523,59889,63931,70277,77225,76706,75453,72869,68814,70947,72177,73804,76973,77850,77950,75869,73494,70473,68796,70209
2021-02-09,67085,64782,63449,63153,63819,65321,68668,73701,79114,77595,75749,72623,68304,69667,70373,71438,74391,75059,75300,73646,71901,69341,67869,69387
2021-02-10,65947,63684,62488,62060,62517,63908,66808,71257,76269,75338,73473,70300,66403,67396,67081,66521,66982,66143,67017,66317,65511,63838,62962,64221
2021-02-11,61009,58357,56446,55543,55377,55750,56070,55634,54229,52072,51246,49951,49186,49002,49931,51269,53055,54836,56799,56936,56542,55733,56226,56776
2021-02-12,54231,51733,50318,49784,49926,50789,51619,51959,50190,45789,43264,41237,40134,39720,40254,42320,45879,49395,52477,53075,53261,53444,54192,54836
2021-02-13,52184,50033,48830,48410,48751,49611,50609,50869,49523,46684,45923,44249,43073,42821,43324,45426,48750,52258,55185,55686,55445,55013,55383,55519
2021-02-14,52485,50084,48850,48412,48682,49580,50516,50881,51616,51897,52107,50934,50706,51759,52268,52862,54032,55514,57591,57687,57132,56275,56338,56360
2021-02-15,53355,51159,50077,49856,50704,52514,56169,61516,70552,74279,74829,73240,68237,69233,69749,70450,72392,73440,74098,72598,70697,68235,66682,68072
2021-02-16,64830,62517,61443,61214,61937,63759,67184,72169,77641,77251,76551,75271,73277,76922,79279,80401,80711,78477,78069,76376,74171,71754,69775,71099
2021-02-17,67839,65781,64636,64230,64724,66292,69524,74785,82304,84749,84680,83194,79368,81204,81843,81967,83318,82430,81711,79904,77062,74086,72141,73401
2021-02-18,70296,68105,66863,66225,66531,67971,71027,76138,83075,84067,83115,81040,76674,78298,78735,79016,80963,80657,80397,78547,75881,73163,71154,72467
2021-02-19,69599,67147,65688,65186,65418,66694,69755,74313,79299,78485,76927,73697,68885,70351,70669,71341,73536,73419,73597,72090,70576,68626,67040,68051
2021-02-20,64603,61684,60086,59282,59339,59912,61115,62221,62885,61071,59834,57230,54138,54314,54587,55594,57965,59629,62175,62348,61819,61294,61155,62338
2021-02-21,59218,56554,55084,54462,54774,55641,56301,56216,54517,51788,51184,49393,47952,47683,48085,49848,52999,56450,59722,60140,59700,59349,59061,58657
2021-02-22,55491,53370,52246,52224,53152,55331,59173,64343,69671,69839,68604,65762,62052,64417,65237,66359,68580,68917,70422,69912,68619,66928,65333,65823
2021-02-23,62279,60239,59009,58862,59677,61585,65077,69520,73896,73183,72224,69517,65514,67653,69005,70285,72469,72801,73859,72809,71120,69166,67410,67820
2021-02-24,64104,61757,60370,60063,60648,62277,65418,69784,75639,76281,75195,72237,67903,69507,69779,70333,72194,71425,72187,71308,69947,68093,66432,67029
2021-02-25,63313,61008,59799,59395,60188,61774,64819,69243,75613,77597,77701,76812,74059,76595,76848,76491,76722,74595,73506,71909,70123,67968,66321,67582
2021-02-26,64166,61574,60120,59545,59930,61692,64723,68868,73253,72151,70590,67172,62918,64469,65392,66610,68859,68221,68701,67991,66940,65648,64180,65472
2021-02-27,61810,59253,57746,57207,57526,58402,59640,60309,60494,58726,58264,56043,53135,53050,53218,54392,56460,58263,60795,61158,60567,60114,59849,60933
2021-02-28,57861,55277,53841,53361,53559,54420,55157,55081,53865,52693,52913,52454,52167,53229,54586,54594,55364,57117,59305,59511,58728,58229,58230,58095
2021-03-01,54813,52430,51238,50874,51421,52687,54338,56035,59366,61327,63022,63506,62286,63513,63838,63778,64162,64174,64904,64823,63829,62868,62555,62348
2021-03-02,59203,56897,55942,55689,56373,58277,61974,67622,75180,77208,76045,73940,70074,70967,70755,70509,71710,72974,73939,73178,70705,68667,67111,67516
2021-03-03,63984,61831,60716,60362,61082,62772,65908,70389,74748,74091,72288,69573,65343,66913,67872,69351,71275,71663,72408,71652,69560,67738,66402,66894
2021-03-04,63299,61005,59762,59293,59865,61494,64699,69580,75755,76597,76059,74966,71388,73061,73166,73167,73547,73015,73239,71971,69480,67331,65994,66803
2021-03-05,63418,60761,59440,59173,59705,61360,64319,68641,72682,71447,68543,64680,60096,60938,61491,63138,65726,67571,68693,68273,66582,65193,64237,64596
2021-03-06,61077,58544,57297,56835,57062,57916,59217,59860,60609,59607,59404,58450,56899,58034,58077,58397,59609,60477,62348,62607,61624,60639,60241,61147
2021-03-07,58108,55377,53947,53274,53622,54405,54986,54946,54800,53889,53775,52351,50911,50582,50366,51395,53417,56140,59484,60702,60336,59702,59358,58912
2021-03-08,56003,53837,52921,52885,53849,56099,60042,65658,71789,71435,68554,65037,60859,62279,63259,65198,67735,69491,71063,70517,68241,66324,64878,65095
2021-03-09,61359,58984,57988,57768,58470,60294,63539,68001,72893,72308,69312,65610,61328,62732,63832,65972,68181,69383,70787,70291,68297,66320,64850,65080
2021-03-10,61427,59098,58111,57853,58506,60239,63598,67642,70943,69283,66718,63646,59346,60552,61416,63081,65779,67202,68721,68551,67037,65476,64203,64478
2021-03-11,60924,58710,57753,57463,58024,59928,63067,66979,71172,69933,66985,64046,60121,61307,61980,64114,67143,68151,68914,68627,66600,64907,63465,63475
2021-03-12,59635,57264,56274,55983,56676,58419,61460,66294,72453,73861,73010,72224,69236,70952,71290,71022,70629,69413,69294,68668,66514,64751,63720,64256
2021-03-13,60715,58048,56729,56212,56573,57444,58653,58874,58284,55900,54556,52241,49944,50613,51578,53238,55036,56580,59053,59825,59504,58786,58404,59415
2021-03-14,56086,53644,52219,51869,52269,53243,53949,53304,51638,49665,48872,47427,46797,47262,47865,49269,51558,54564,57769,58921,58751,58227,57908,57296
2021-03-15,54226,52157,51057,50979,51877,54113,57825,62740,67732,67590,65207,62822,59933,61828,62645,64033,66731,67833,68220,67684,65593,63825,62474,62579
2021-03-16,59031,56830,55814,55434,56121,57935,60970,64798,67848,66254,63968,61378,57592,59158,60127,61845,64551,66680,68470,68547,66706,64947,63580,63707
2021-03-17,60054,57948,57037,56823,57578,59339,62446,65735,67595,65810,63892,61305,57808,59300,60377,62264,64803,65950,67362,67684,66046,64703,63397,63409
2021-03-18,59555,57447,56572,56409,57051,58879,61824,65089,67769,66159,64385,61940,58073,59475,60641,62385,65016,66776,68081,67902,66059,64496,63065,62915
2021-03-19,59091,56905,55723,55546,56144,57716,60554,63991,67369,65800,62835,60425,57498,59523,60537,62258,64229,64962,65821,65838,64418,62962,61832,61880
2021-03-20,58111,55833,54547,54086,54238,55237,56456,57544,59536,60519,61460,61248,59655,60207,59918,59194,58791,58611,59648,59811,59081,58160,57583,58485
2021-03-21,55206,52693,51309,50844,51224,52203,52781,52611,51756,50840,50959,49929,48474,48007,47850,48878,51629,54905,58067,59578,59280,58725,58227,57767
2021-03-22,54734,52511,51391,51322,52217,54483,58332,62475,66050,65193,64096,62006,58854,60465,61552,63093,65652,67313,68873,68820,66888,65095,63921,64085
2021-03-23,60483,58181,57194,56967,57662,59461,62522,65438,67908,66226,64061,61468,57603,59018,60096,61778,64382,66227,67748,68079,66279,64755,63311,63349
2021-03-24,59755,57518,56596,56395,57116,58867,61556,64707,68196,67430,65788,63493,59366,60817,61083,62216,64397,65568,66864,67282,65882,64341,63083,63053
2021-03-25,59256,57060,55951,55701,56366,58043,60868,63533,65477,63366,61547,59282,55864,57444,58711,60695,63399,65211,66761,67429,65845,64208,62920,62733
2021-03-26,58965,56606,55628,55359,55960,57720,60667,63586,66019,63746,61517,60321,57947,59701,60084,61134,62637,63598,64728,65073,63761,62488,61358,61409
2021-03-27,57565,55144,53990,53723,53986,54804,55831,56114,56997,57254,58160,58291,57303,58654,58652,58576,58707,58545,59154,59368,58518,57640,57132,57552
2021-03-28,54142,51451,50144,49742,50055,50749,51355,51618,51875,52090,52685,52277,51198,50871,50420,50332,51665,54006,56363,57877,57608,56810,56455,55785
2021-03-29,52604,50212,49175,49067,49866,52089,55505,59867,64295,63462,61852,59703,56723,58685,60925,62339,64357,65367,66173,66819,65038,63395,61996,61637
2021-03-30,57747,55685,54832,54620,55220,56939,59717,62529,65028,63583,61195,58704,55263,56892,58261,59908,62453,64221,65541,66325,64858,63446,62193,61568
2021-03-31,57641,55557,54665,54490,55317,56992,58975,61009,63468,62153,60597,58463,55630,57451,58806,60683,63194,64159,65048,65755,64479,63083,61378,61091
2021-04-01,57364,55519,54462,54117,54718,56250,58715,60963,63021,62092,61492,60431,58234,60871,62430,63370,64982,65215,65788,66192,64637,62904,61315,60853
2021-04-02,57097,54862,53822,53410,54088,55533,57948,60480,63344,62635,61245,59516,56490,59407,61222,62265,63540,63629,64166,64600,63183,61752,60308,59904
2021-04-03,56237,54037,52935,52249,52385,53279,54103,55069,56960,57337,58128,58356,57499,58799,59014,58790,58537,58147,58564,59025,58227,57361,56580,56577
2021-04-04,53326,50976,49649,49198,49491,50305,50937,51504,51784,52224,52650,51988,51029,50681,50750,51456,52664,54588,56355,57780,57503,56524,55876,54943
2021-04-05,51812,49849,48887,48895,49744,51778,55256,58336,61020,60299,59232,57280,54356,55977,57623,59240,61854,63946,65370,66231,64719,62993,61615,61216
2021-04-06,57598,55676,54993,54745,55368,56611,59206,61975,65040,64238,61700,58795,55057,56765,58069,59988,62533,64411,65889,66622,65061,63380,61955,61480
2021-04-07,57633,55611,54887,54708,55266,56808,59249,60768,62330,60986,59813,57876,54668,56796,58274,60008,62222,63735,65065,66289,64972,63381,61961,61389
2021-04-08,57730,55669,54811,54535,55078,56656,59128,61029,62758,61123,59731,57568,54311,56331,58023,59910,62362,64127,65878,66706,65187,63502,62205,61658
2021-04-09,57949,55915,54780,54622,55339,56873,59155,60885,62384,61426,60608,59235,56604,58499,59773,61234,63340,64089,64841,65500,64353,63102,61676,61505
2021-04-10,57763,55561,54527,53952,54282,55299,55707,54466,53003,51148,50783,49221,47127,48125,49371,50645,52319,54126,56445,58226,58074,57498,56827,56684
2021-04-11,53435,51136,49931,49571,49981,50850,51024,49349,46915,45027,44860,43641,42677,42970,44122,46172,48801,51719,54494,56582,56651,55954,55204,54029
2021-04-12,50730,48808,48032,47967,48693,50463,53806,58563,64838,66221,66273,66359,64726,67410,68335,68504,69016,68431,67598,66805,64050,62827,61227,61007
2021-04-13,57378,55237,54296,53916,54296,55732,58455,62145,65989,65713,63819,61302,57643,59147,59329,60146,62527,64433,65891,66770,65350,63484,61953,61683
2021-04-14,58013,55973,54992,54746,55485,57056,59367,61526,63318,62047,60389,57927,54760,56511,57930,59789,62221,63896,65211,66263,65030,63549,62160,61866
2021-04-15,58076,56351,55399,55236,55736,57245,59439,61159,63167,62212,61227,59573,56701,58760,59350,60284,62812,64262,65378,66365,65014,63557,61834,61527
2021-04-16,57879,55862,54994,54582,55156,56441,58884,62139,66009,65880,65930,65771,63171,65380,65479,64869,64800,64360,64512,65252,63946,62474,61159,61298
2021-04-17,57733,55410,54276,53820,53948,54792,55490,54562,53052,50751,50508,52650,50227,50125,50210,51082,52572,54334,56544,58589,58502,57668,56996,57391
2021-04-18,54216,51842,50495,49881,50285,51140,51260,49593,47554,45818,45579,43803,42822,42783,43623,45596,48510,51982,55022,57129,57397,56771,56205,55187
2021-04-19,52168,50205,49477,49293,50187,52147,55042,57546,60588,60195,59275,57507,54545,56537,58209,60163,62492,64236,65409,66072,64710,62974,61494,61179
2021-04-20,57502,55549,54742,54444,54967,56479,58526,60002,61784,61039,60285,58616,55637,57789,59468,61350,63611,64709,65721,66393,64859,63004,61494,60647
2021-04-21,56752,54753,53898,53680,54312,55653,57818,59578,61674,61356,60624,59268,56748,59959,61727,62961,64942,65605,65594,65940,64831,63239,61351,60378
2021-04-22,56627,55028,53860,53460,54039,55160,57516,60372,63887,63980,63175,62293,59842,62584,64710,66141,67265,67059,66837,66966,65193,63184,61118,60309
2021-04-23,56476,54532,53749,53403,53672,54850,57460,60652,64215,64149,63362,62337,60228,62320,63337,64465,65461,65160,64867,65062,64136,62736,61017,60013
2021-04-24,56319,54292,53217,52739,52842,53277,53801,53468,53371,52132,51733,50195,48702,50357,51922,52899,54232,54677,56229,57782,57725,56838,55847,55441
2021-04-25,52462,50325,49115,48563,48895,49481,49629,48133,46177,44779,44992,43982,43413,43811,45370,47343,49919,52561,54922,56678,56810,55996,55082,53739
2021-04-26,50652,48944,48109,47976,48569,50388,52968,55610,59230,59324,58923,57475,55049,57495,59125,60527,62669,63973,64891,65456,64177,62385,60467,59873
2021-04-27,56380,54503,53563,53035,53553,54706,56948,59617,63490,63961,63612,62669,60812,62857,63597,64762,66283,66257,66165,66161,64838,62958,60943,60364
2021-04-28,56622,54741,53816,53450,53920,55063,57192,59583,62566,62323,61532,60240,58202,61235,63090,63904,64939,64815,64867,65551,64558,62955,61229,60024
2021-04-29,56235,54355,53474,53108,53521,54759,57017,59777,62554,62468,62029,60709,57200,58913,59832,61426,63827,64958,65619,66022,64643,62949,61066,60034
2021-04-30,56374,54498,53497,53141,53524,54599,56987,59834,62846,62771,61697,60004,57338,59666,61155,62430,63853,63730,64036,64304,63134,61822,60353,59667
2021-05-01,56056,53924,52614,52091,51938,51941,52566,52531,52626,52136,52527,51684,49914,50138,50599,51074,51845,53387,55258,56696,56758,55977,55359,55203
2021-05-02,52128,49793,48599,48126,48297,48885,49184,48326,47185,46217,46158,44227,43301,43662,44415,45706,48303,51332,54015,56159,56721,56170,55468,54226
2021-05-03,51139,49245,48295,48268,48903,50548,53121,55362,58225,58328,58142,56553,53962,56084,57856,59809,62595,64005,64800,65471,64347,62636,60925,59908
2021-05-04,56172,54174,53443,52997,53487,54569,56931,60271,64965,66467,66399,65901,63517,66508,67370,67464,67838,67007,66430,66282,64841,62960,61269,60553
2021-05-05,56743,54563,53348,52723,53141,53591,54003,53286,52793,52005,52093,50555,48131,49482,50723,52289,54522,56396,58477,60187,60540,59695,58632,57269
2021-05-06,53782,51926,51114,50950,51467,52626,54676,56240,59116,59401,59571,58939,56930,59689,61275,62308,64491,64667,64858,65436,64310,62630,60829,59855
2021-05-07,56196,54260,53384,53037,53416,54254,56090,58045,61489,63524,64780,64256,61237,61594,61342,61603,62524,63274,63592,64301,63690,62181,60367,59631
2021-05-08,56068,53714,52624,52163,52314,52683,52848,51614,50898,49699,49796,48882,47474,48287,49402,51084,53409,54472,55825,57165,57311,56571,55637,54857
2021-05-09,51573,49570,48468,47983,48158,48491,48433,46555,44470,43311,43808,42958,42424,42709,43668,45557,48063,51088,53697,55489,56138,55572,54466,52879
2021-05-10,49956,48046,47167,47057,47754,49449,52856,57910,63989,65915,66005,65206,63109,65891,66628,66682,66328,65969,65830,66093,64850,62928,61013,60087
2021-05-11,56468,54681,53587,53417,53726,54609,56982,60009,63673,64337,63897,62665,59663,62063,63309,64439,65676,65759,65632,66134,65112,63165,61051,59932
2021-05-12,56228,54333,53315,53017,53238,54199,56094,58033,60790,60771,60438,59508,56914,59290,60551,62256,64181,64924,65453,66063,65431,63537,61446,59781
2021-05-13,55962,54095,53200,52826,53270,54225,55935,57685,60448,60725,60795,59895,57744,60734,62707,64728,66618,67191,67349,67558,66198,63946,61683,60038
2021-05-14,56252,54563,53554,53092,53364,54212,56085,58300,61577,62799,62755,62364,60819,64381,66463,67763,68888,68186,67386,67236,66117,64001,61692,60025
2021-05-15,56286,54253,53281,52599,52617,52773,53964,55072,56951,57675,57796,57779,57415,58733,59658,59629,59585,59223,59832,60555,60149,58758,57085,55908
2021-05-16,52961,51003,49695,49096,49057,49253,50272,51047,52447,54068,55727,56057,55927,56382,56532,56633,56855,57265,58040,58503,58209,56738,55342,53778
2021-05-17,50905,49079,48176,47862,48393,49626,53189,58502,64766,67314,67866,67901,66138,68080,68311,68248,68368,67484,67136,66933,65713,63424,61266,59967
2021-05-18,56357,54464,53581,53139,53338,54189,56571,60173,64596,65305,64010,62111,59152,61186,61974,63041,65028,65882,66001,66240,65309,63598,61579,59903
2021-05-19,55996,53962,52889,52394,52341,52816,53417,53082,53182,52802,53654,52809,51279,53128,54991,56923,58744,59294,60551,61842,62006,60700,58846,56952
2021-05-20,53753,52053,51284,50864,51225,52134,55043,59550,65633,67983,67953,67898,65659,67763,68685,68777,69140,68155,67443,66958,65507,63253,61066,59816
2021-05-21,56250,54295,53410,53037,53200,54042,56655,59939,64393,65760,65548,64514,61774,63904,64847,65185,65806,65425,64799,64902,64094,62340,60454,59272
2021-05-22,55319,53314,52169,51689,51666,51896,52371,51682,51442,50583,50910,50065,48648,49780,50913,52150,53870,55349,56813,58018,58452,57321,55980,54874
2021-05-23,51551,49427,48232,47717,47823,47968,47766,46455,45786,46029,46698,46246,45873,47318,49034,51145,52956,53969,55340,56718,56815,55634,53963,52485
2021-05-24,49556,47745,46974,46804,47318,48679,52171,56845,62373,62782,61402,60147,57835,59849,61295,62748,64784,65511,65512,65847,64633,62502,60261,58735
2021-05-25,55235,53563,52789,52331,52545,53250,55994,60105,65179,65261,62319,60013,56818,58894,59978,61351,63325,64537,65144,65408,64574,62852,60779,59394
2021-05-26,55487,53545,52583,52112,52400,53133,55401,58456,62254,62812,62099,60829,59652,62561,64442,66303,66876,65620,65023,65264,64510,62649,60535,59195
2021-05-27,55569,53782,52707,52291,52402,53352,56141,60331,65934,67738,67698,66980,63591,64463,63684,63325,64192,65151,65638,65867,65043,63231,61000,59698
2021-05-28,56098,54228,53053,52739,52929,53849,56119,58915,62882,63946,64693,65491,64452,66069,64410,63363,63505,63795,63824,64236,63893,62157,60137,59075
2021-05-29,55446,53392,52249,51677,51643,51706,51846,50826,50625,49911,50696,50219,49490,51279,52348,53071,54183,55147,56610,57507,57782,56846,55619,54630
2021-05-30,51515,49368,48253,47883,47928,47984,47866,46450,45018,44139,45061,44342,44039,44830,45896,47722,50308,53194,55498,56685,57041,56014,54373,52770
2021-05-31,49758,48012,47179,46943,47279,48625,52062,56703,61479,62284,62391,61529,58894,61057,62329,63961,65504,65752,66049,65936,64859,62885,60518,59230
2021-06-01,55499,53780,52807,52372,52609,53335,55499,58030,61276,62241,62407,61383,58825,61645,63513,65206,67332,67164,67057,67141,65793,63378,60852,59669
2021-06-02,55895,54028,52932,52635,52702,53244,55403,58197,61838,62953,63459,62825,61121,65054,66903,67766,68419,68212,67837,67341,66218,64089,61335,59906
2021-06-03,56239,54347,53331,52874,52943,53592,56224,60346,65934,68319,68898,68424,66511,69239,70113,69894,70093,68828,67693,67020,65326,63147,60747,59693
2021-06-04,56071,54139,53106,52764,52917,53868,55786,58471,61745,61636,61002,59504,56470,59145,60611,61925,64037,64769,64864,64722,64081,62353,60255,59215
2021-06-05,55518,53575,52410,51586,51394,51475,51785,52052,52895,52623,52895,52090,50533,51685,52376,53240,54834,55995,57283,58199,58611,57399,55874,54975
2021-06-06,51815,49956,48877,48249,48093,48196,48220,47360,46804,47726,48568,48276,47647,48221,49003,50481,52576,55010,57022,58117,58683,57581,55807,53749
2021-06-07,50776,48904,47984,47647,47977,49128,52001,56113,61634,63909,65203,65583,63419,65828,66616,66864,68270,68543,68353,68045,66850,64353,61559,60105
2021-06-08,56460,54715,53713,53184,53338,54225,56249,59324,63507,64943,65840,65605,63482,66947,68962,69341,70018,69703,68979,69796,68551,65781,62743,61196
2021-06-09,57421,55473,54527,53974,54002,54739,56886,59668,63799,65825,67133,67101,65391,68599,70198,71453,73387,73042,72003,71392,70035,67079,63893,62102
2021-06-10,58253,56245,55046,54392,54438,55080,57177,60582,65608,68271,70182,70942,69258,71964,73384,74520,74929,73610,72087,71212,69428,66492,63191,61409
2021-06-11,57767,55925,54698,54256,54276,54874,57872,62061,67669,70071,70068,69148,65664,67372,68362,68857,69966,69608,68990,68763,67739,65348,62303,60734
2021-06-12,57128,55122,53883,53170,52843,52770,53404,54002,54886,55010,56428,56446,55480,56618,57295,58482,59920,60931,61648,62209,62166,60548,58242,57070
2021-06-13,53732,51555,50178,49386,49213,49298,49636,49806,50350,50766,52052,51941,51790,52287,53260,54988,57277,58990,60501,61518,61377,59828,57567,55262
2021-06-14,52182,50195,49255,48781,48996,50318,53596,58772,65618,68322,69792,69917,68165,70904,72255,73041,74220,73492,72305,71474,69942,67009,63649,61939
2021-06-15,58217,56284,55182,54608,54732,55592,58539,63394,69851,72692,73227,72993,70550,72715,73311,72825,72705,71819,71234,70618,69271,66376,63308,61820
2021-06-16,58172,56321,55222,54682,54605,55479,57997,61595,66382,68689,69826,69895,67953,70094,71014,71507,72494,71890,71046,70441,69565,66812,63504,62032
2021-06-17,58164,56241,55217,54607,54462,55188,57624,61316,66141,67838,68269,68930,67353,70596,71954,72169,72670,71470,70232,69813,68283,65688,62615,61355
2021-06-18,57526,55852,54782,54280,54402,55196,58117,62409,67834,70082,70192,69587,67178,69772,70457,70404,70527,69185,67913,67704,66689,64391,61558,60670
2021-06-19,57143,55180,53856,53136,52908,52889,53584,53576,54126,53775,54589,53868,52907,54337,55184,55890,57449,58825,60220,60838,60923,59414,57440,56413
2021-06-20,53220,51132,49909,49147,48909,48991,49180,48402,48018,47810,49717,49943,50513,51394,52403,53982,56230,57966,59780,60819,61200,59629,57441,55277
2021-06-21,52362,50401,49490,49111,49421,50583,53274,57738,63650,65863,66777,66736,64909,67818,69515,70461,72091,72382,71407,70346,68879,66204,63094,61713
2021-06-22,57838,55929,54898,54187,54272,54977,57287,60856,65849,68481,68960,68565,67247,70397,70791,70640,72518,72268,71174,70466,68926,66189,62929,61482
2021-06-23,57893,55901,54959,54414,54262,54968,57367,61236,66615,68677,69251,69448,67155,69889,71219,71285,71726,70848,69683,69292,68454,65966,63125,61629
2021-06-24,57900,56007,54914,54443,54434,55041,57381,60903,65749,67437,68364,68245,66287,69110,70598,71504,72813,72326,71314,70714,69313,66678,63532,62028
2021-06-25,58331,56381,55099,54333,54441,55149,57309,60669,65143,67062,68046,67934,66023,68808,70237,71084,72763,72159,70468,69715,68580,66268,63058,61576
2021-06-26,57977,55834,54438,53561,53274,53115,54452,55895,57841,58279,58425,57178,55653,57102,58269,59407,60399,60566,61207,61811,62042,60422,58273,56910
2021-06-27,53539,51599,50249,49508,49209,49239,49604,49112,48927,49502,51550,52184,52881,54360,55413,56390,57922,59490,60994,61947,62109,60489,58330,56098
2021-06-28,52865,51054,50069,49649,49860,51319,54533,59203,65741,68443,69784,69905,68364,71621,73306,74472,74821,73541,72301,71798,70319,67261,64112,62629
2021-06-29,58875,56913,55809,55254,55259,55999,58563,62259,67662,70347,71338,71090,69221,72180,73466,74167,75854,74951,73440,72753,71059,68179,64708,63057
2021-06-30,59230,57359,56279,55523,55516,56252,59049,63358,69344,72094,72802,72460,69604,71601,72627,73342,74824,74488,73418,72787,71521,68678,65294,63528
2021-07-01,59606,57748,56502,55787,55398,56126,58404,62175,67352,69691,71265,71498,69941,73285,74602,75403,77476,77081,76208,75540,73756,70553,66837,64982
2021-07-02,60789,58523,57169,56331,56295,56940,59449,63929,70062,72671,72744,72296,69885,72823,74416,75428,76865,76465,74944,73884,72762,69914,66256,64367
2021-07-03,60317,57915,56388,55146,54701,54510,55159,56251,58640,60843,62921,63518,62889,64228,64612,64266,63779,63108,63063,63079,62561,60918,59015,58380
2021-07-04,55277,53303,52038,51241,50999,51054,51743,52616,53916,55574,57256,57786,57982,58880,59260,59235,59692,60517,61610,62368,62361,60652,58278,56307
2021-07-05,53146,51449,50451,50026,50125,51487,54903,60918,68568,72299,73151,73089,71274,74418,75556,75787,76256,74936,73620,72579,70935,68167,64960,63503
2021-07-06,59855,57832,56698,56088,56026,56877,59944,64988,71734,75224,76164,76249,74225,77775,79267,79246,79663,78358,76215,75041,73367,70250,66555,64956
2021-07-07,60958,58902,57831,57108,57174,57903,60956,66341,73570,77246,79415,79413,76882,79626,80734,81086,80871,79236,77783,77225,75703,72335,68500,66570
2021-07-08,62281,59988,58600,57866,57881,58582,61634,66581,73251,76642,77660,77922,76354,79570,80208,80266,81187,80386,78711,77561,75348,71791,67759,65622
2021-07-09,61569,59458,58326,57654,57584,58372,61379,66138,72727,75592,76698,76236,73858,75980,76979,77274,78397,78101,76298,75278,74105,71040,67376,65708
2021-07-10,61587,59245,57872,56813,56364,56241,57018,58062,60147,61835,63961,64106,63955,65440,65806,66047,66250,66898,67482,67726,67661,65798,62800,61239
2021-07-11,57570,55100,53593,52617,52354,52358,52967,53749,55438,57455,59233,59773,59709,60585,61483,62943,64307,66217,67655,68518,68120,65677,62508,59816
2021-07-12,56331,54025,52743,52200,52440,53793,57618,63556,71968,76215,77912,78190,76886,80493,82261,83235,85011,85002,83586,82506,80172,76138,71435,68806
2021-07-13,64016,61434,60041,59080,59038,59851,62822,67946,75457,79608,81463,81836,80363,83061,84676,85417,87172,86701,85405,84723,82540,78429,73408,70201
2021-07-14,65247,62420,60939,60027,59764,60411,63566,69053,76874,81578,84211,85370,83495,85921,87026,87052,88087,87796,86661,85925,83834,79655,74431,71250
2021-07-15,66010,63284,61558,60545,60452,61101,64214,69565,77319,81495,83510,83725,82454,85685,87691,88170,88551,86924,85074,83843,81408,77222,72463,69758
2021-07-16,64926,62323,60471,59447,59412,60172,62941,67860,75096,79241,81941,82654,81331,84258,85558,86631,88015,86635,83890,81611,79067,75054,70522,68212
2021-07-17,63774,61156,59378,58043,57638,57483,58366,59681,62038,64381,67307,68140,67819,69017,69305,69619,70395,70798,71648,71849,71574,68967,65574,63658
2021-07-18,59734,57226,55454,54431,54017,53848,54410,54740,55740,57664,60852,61939,62878,64170,65201,66599,68529,70163,71561,72054,72021,69479,65620,62144
2021-07-19,58243,55952,54581,53977,54151,55675,59737,66475,75586,79764,81070,81493,79853,82795,83959,83972,84586,84095,82868,82141,80289,76395,71908,69351
2021-07-20,64814,62430,60879,59895,59731,60652,63786,69120,76965,81247,83158,84152,82652,85677,86722,87160,87841,87461,86503,85784,83481,79050,73960,70986
2021-07-21,65934,63301,61673,60724,60530,61080,64016,69161,76429,80696,82566,83340,81861,84857,86471,87308,88937,88936,87865,87271,85050,80649,75101,71866
2021-07-22,66710,63844,62085,61096,61023,61625,64525,69474,76578,80769,82636,83402,81833,85219,87031,87934,89658,89958,89056,88223,85694,80770,75323,72207
2021-07-23,67131,64331,62489,61347,61101,61812,64659,69709,76563,80793,82708,83948,82857,85845,87448,88508,89812,89491,87952,87065,84849,80386,75464,72299
2021-07-24,67214,64295,62299,61042,60341,60232,61243,62912,66288,69093,71945,73153,72866,74152,74971,75621,76163,77026,78098,78285,77502,74227,70006,67361
2021-07-25,62941,59982,58017,56832,56163,56009,56553,57380,59113,61276,63897,65417,66498,67822,68642,70042,71567,73972,75711,76521,76208,73200,69272,65586
2021-07-26,61308,58695,57066,56196,56118,57225,60886,66927,75643,80429,82317,82897,81622,84337,85922,87162,88830,89426,88572,87591,84751,79932,74622,71613
2021-07-27,66789,64184,62441,61433,61334,61869,64777,69698,76866,81436,83599,84587,83594,86612,88086,88942,90550,91141,90223,88949,86014,81110,75664,72730
2021-07-28,67795,64943,63226,62078,61823,62781,65767,70525,77551,81695,83802,84811,83797,86517,87918,88773,89936,90240,89266,88382,85796,81286,75738,72512
2021-07-29,67754,64979,63211,62099,61918,62577,65303,70200,77128,81279,83637,84695,83771,86519,87694,88323,89634,89429,88131,87511,84768,79989,74511,71270
2021-07-30,66562,63902,62268,61160,60824,61570,64254,68833,75483,79301,81349,82604,81734,84565,86307,87425,87847,87066,85274,84854,83180,78990,73832,71255
2021-07-31,66736,63627,61701,60276,59565,59303,60107,61635,64021,66149,68433,69553,69654,70578,71208,72209,73451,75210,76348,76776,75965,72440,68369,65886
2021-08-01,61761,58831,56855,55637,55124,54993,55628,56806,59018,61752,64856,65828,66997,68131,68679,69633,69800,71500,72622,72943,71736,68556,65101,62020
2021-08-02,58392,55835,54429,53712,53767,54829,57575,61888,67570,71181,72542,72983,72003,72314,73463,73892,74426,75460,75103,74849,73078,69555,65288,63028
2021-08-03,59345,56854,55360,54468,54501,55222,57700,61636,67020,70044,71947,72994,72838,74449,75339,75073,75947,77517,77198,77024,75598,71665,67102,64633
2021-08-04,60559,58054,56713,55719,55568,56095,58407,62211,67565,71072,72883,73942,73640,75554,76919,77943,79193,80073,79628,79513,77482,73195,68438,65684
2021-08-05,61522,58817,57322,56361,56073,57029,59689,64095,70323,74454,76727,78254,77991,80425,81818,82775,84189,85215,84493,83457,80899,76134,70828,68218
2021-08-06,63711,60943,59335,58244,57999,58616,61117,65579,71991,75992,78558,80186,79990,81995,82295,81973,82367,82218,80580,80014,78076,74061,69285,66675
2021-08-07,62865,60088,58339,57268,56922,56918,57902,59323,61578,63845,66485,67904,67831,69692,71259,72918,73343,73756,74535,75210,74363,70893,66856,64692
2021-08-08,60632,57816,56066,54989,54537,54655,55227,56370,58210,61182,64765,67178,68349,68988,68985,68634,67957,68743,69664,70201,69273,66645,63541,60798
2021-08-09,57391,55178,53871,53329,53555,55011,58429,63891,71413,75439,77035,77640,76281,79236,81507,83161,84559,84755,83550,82430,79740,75401,70651,68360
2021-08-10,64030,61729,60262,59366,59207,60020,62838,67495,74379,78265,79859,80777,79180,81614,83370,84094,84877,84543,83178,82106,79140,74805,70071,67906
2021-08-11,63826,61606,60259,59473,59297,60007,62817,67512,74023,77285,78255,78488,77040,79878,81040,81846,83543,83818,82414,81814,79250,75023,70330,67850
2021-08-12,63634,61360,60016,59066,59136,60046,62804,67333,74260,78470,80325,81037,79585,82698,85163,86169,86355,85168,82997,81953,78630,74097,69669,67820
2021-08-13,63816,61634,60381,59452,59400,60278,63154,68140,75109,78209,79483,80401,78075,80080,80711,80912,81779,81407,80053,79363,76817,73162,68861,66924
2021-08-14,63085,60843,59382,58419,58018,58171,59083,60915,64005,65518,66747,66848,64879,65213,65389,65410,66039,66811,67643,68470,67351,64706,61669,60495
2021-08-15,57499,55252,53828,52988,52830,53044,53242,53304,53699,54574,56339,56922,57391,58877,60201,61424,62904,65326,67214,68076,67483,65034,61974,59619
2021-08-16,56465,54592,53225,52605,52553,53339,55344,58328,62796,65678,67845,68471,67492,70230,72134,73154,73904,74170,74327,74559,73137,69959,66378,63774
2021-08-17,60130,58309,57019,56410,56360,57512,60358,65322,71850,74716,75167,75164,74109,76998,78352,79233,80393,80393,79072,78029,74932,71140,67156,65625
2021-08-18,62153,60173,59081,58419,58476,59441,62187,66202,71908,74066,74492,74713,73147,76434,78908,79848,80362,79423,77227,76478,73873,70261,66401,64843
2021-08-19,61432,59556,58477,57836,57896,58814,61344,65157,70605,73057,74315,74709,72912,76007,78089,78733,79226,79472,78209,77640,74776,70920,66790,65388
2021-08-20,61716,59778,58644,58021,58008,58899,61340,65540,71016,73467,74783,74981,73189,76004,77385,77956,79325,79554,77787,77304,75148,71447,67485,66024
2021-08-21,62367,60216,58875,57997,57727,57927,58983,61285,64746,67268,69192,69215,67379,67297,66986,66752,66612,66164,66650,67325,66221,63831,61036,60282
2021-08-22,57186,55069,53804,52976,52653,52937,53338,53718,55006,55906,58388,58725,58185,58814,59451,60861,62004,63235,65089,66387,65591,63611,60920,58598
2021-08-23,55413,53659,52454,52005,52363,54095,57967,64518,73343,77417,78376,78282,76521,78840,79334,78757,78860,77148,75400,74304,71488,68133,64912,63511
2021-08-24,60163,58503,57312,56806,57071,58147,61394,67084,74550,78463,79713,79653,77628,79698,80923,80851,81241,80461,79104,78126,74727,70870,67155,65584
2021-08-25,61975,59980,58847,58228,58323,59512,62515,68095,75647,79561,80262,79630,77244,79690,80237,79808,79817,78712,76967,76757,74218,70564,66951,65492
2021-08-26,61783,59698,58662,58074,58138,59089,61722,66185,72440,75305,75871,75202,73766,76750,78982,79671,81471,81418,80278,79617,76283,72175,68030,66103
2021-08-27,62317,60322,59083,58369,58299,59334,62097,67054,73956,77102,77607,76878,75037,77379,78339,77992,77762,75737,73895,73313,70756,67440,64417,63531
2021-08-28,60028,58056,56775,55977,55787,55999,56790,57609,58929,59134,60023,60131,60235,63066,64696,64872,65168,64758,65598,66357,65278,63038,60274,59178
2021-08-29,55914,53960,52682,51816,51555,51975,52626,53716,55406,57279,58954,58181,57128,57188,58135,59296,60842,62637,64470,65588,64675,62550,59985,57911
2021-08-30,55001,53034,52056,51633,51732,53289,56743,62626,69975,73385,75003,74604,72586,75776,77772,78223,78996,78169,76776,75880,72921,69346,65593,63917
2021-08-31,60287,58466,57444,56798,56914,58099,61024,66175,72397,74527,74853,74411,72437,74804,76235,76842,77665,76258,74786,74099,71232,68114,64780,63518
2021-09-01,60091,58273,57216,56597,56723,57769,60760,66271,72988,76058,76134,76347,73991,76100,77104,76957,77228,75832,74659,74160,71409,68138,64798,63287
2021-09-02,59773,57873,57012,56292,56259,57521,60291,64379,69542,72203,73295,73677,72253,74759,75897,75808,76036,74957,74155,73504,70916,67525,64268,62674
2021-09-03,59081,57394,56309,55846,56000,57283,59958,63871,68439,70064,70490,70442,68506,71455,72571,73299,74073,73403,72278,71770,69516,66530,63285,62132
2021-09-04,58770,56635,55452,54516,54419,54815,55427,55978,56883,56886,57806,57993,57112,58501,60359,61556,62391,62254,63254,63885,62731,60605,58495,57709
2021-09-05,54162,52047,50919,50221,50160,50645,51048,51072,51803,53458,55276,55817,56141,56789,57495,58172,58923,60219,61612,62545,61538,59662,57589,55617
2021-09-06,52844,51119,50127,49756,50318,52071,55385,60768,67583,70961,72011,72382,70542,73479,74794,75096,75426,74093,72972,72008,69020,66222,63137,61833
2021-09-07,58303,56667,55679,55213,55520,56824,59671,64681,71401,74104,74238,74559,72724,74990,75759,75695,76195,75244,74529,73916,70832,67724,64552,63152
2021-09-08,59480,57569,56498,56017,56204,57333,60066,64203,69249,70698,70589,69955,67503,69995,71670,72985,74423,74360,73751,73172,70552,67555,64373,62977
2021-09-09,59218,57442,56290,55787,56011,57216,59678,63457,68170,69714,69730,69655,68170,71393,73469,75012,76594,76209,75404,74628,71695,68495,64998,63315
2021-09-10,59635,57937,56691,56263,56446,57684,60375,64940,70921,73348,73726,73596,71103,73018,74101,75001,75304,74482,73629,72943,70491,67554,64377,62981
2021-09-11,59300,57348,56219,55478,55156,55741,56541,57343,58506,58379,58945,58653,57468,59139,60226,61486,63362,64524,65458,65783,64288,62130,59552,58295
2021-09-12,54968,53015,51675,51051,50988,51348,51799,51627,51506,51449,52418,52822,53176,54768,56506,58277,60274,62067,63898,64512,63365,61425,58877,56819
2021-09-13,53884,52166,51143,50756,51191,52826,56166,61677,68075,70976,71852,71843,70427,73670,75747,76761,77820,76827,75786,74710,71864,68351,64612,62842
2021-09-14,59250,57414,56403,55927,56180,57381,60109,64596,69980,72647,73401,73236,70970,73650,74631,75222,76081,76003,75341,74267,71318,68105,64466,62952
2021-09-15,59437,57472,56574,56054,56286,57465,59772,63310,67536,68755,69307,68760,66856,70087,72057,73288,74944,74580,73528,72592,70115,67250,63777,62275
2021-09-16,58700,57190,56157,55514,55747,56925,59359,62542,66656,68672,69686,69794,68540,71994,73808,74948,75435,74348,73644,72926,70121,67136,63757,62179
2021-09-17,58649,56808,55870,55337,55392,56611,59212,63735,69430,71806,71837,71097,68216,68709,68811,69117,69190,68978,68797,68292,66586,64424,61471,59974
2021-09-18,56597,54703,53471,52830,52584,53048,53800,54086,54332,53699,54275,54079,53708,54939,55566,56572,58363,60316,61890,62245,60852,59086,56817,55792
2021-09-19,52858,50860,49515,48981,48871,49479,49859,49305,48331,47733,49088,49201,49456,50143,50912,52157,54609,56933,58627,58954,57970,56351,54453,52568
2021-09-20,49632,47710,46508,45663,45562,46053,46503,45823,44524,44027,45080,45327,46043,47152,47880,49457,51752,53918,55565,55779,55020,53873,52107,50364
2021-09-21,47630,46037,44930,44443,44379,45226,46211,47754,48450,48019,47169,46435,45978,45127,45213,46163,48131,50878,52931,53652,53255,52494,51044,49540
2021-09-22,47019,45237,44190,43669,43678,44383,45080,45564,45752,46463,47723,47183,46667,46667,47345,49270,51991,54448,56653,57177,56247,54836,52797,50887
2021-09-23,48133,46362,45559,45262,45584,47107,49890,53440,57619,59426,60640,60288,58080,60254,62140,64382,66873,66921,67149,66117,63703,61078,58296,56814
2021-09-24,53776,52071,51131,50746,51002,52177,54342,57298,60880,61715,62423,62754,61786,64749,66274,67266,68879,68857,68550,67639,65266,62797,59880,58698
2021-09-25,55558,53739,52676,51931,51921,52551,53497,54414,56029,56477,57734,57998,57705,59960,60778,60694,60501,60229,61697,61851,60726,58965,56840,55913
2021-09-26,52882,51092,49980,49349,49345,49916,50367,50354,50181,50243,51211,51046,51325,52770,54036,55386,56814,58309,60328,60737,59756,58119,56001,54123
2021-09-27,51446,49650,49013,48670,49117,50885,53981,58832,64506,65810,65188,64714,63876,67752,70074,71340,72396,71966,71556,70231,67369,64895,61987,60777
2021-09-28,57344,55668,54770,54321,54626,55862,58461,62834,67967,69393,69294,69625,68092,71328,72707,73380,74094,73296,73039,71644,69076,66099,62795,61501
2021-09-29,58041,56404,55569,54992,54974,56404,59057,63819,70330,73486,74085,74418,72570,74682,75635,75683,75682,73801,73016,71515,69088,66270,63005,61764
2021-09-30,58219,56500,55442,54811,54941,56212,58645,62054,66048,66868,66414,65033,62791,66060,67963,69860,72623,73225,72707,71174,68459,65543,62518,60983
2021-10-01,57503,55790,54600,54060,54193,55598,58167,61781,65747,65955,65155,64237,62603,65869,67798,69731,72146,71916,71316,69738,67490,65041,62113,60679
2021-10-02,57020,55169,53800,52979,52921,53408,54275,54491,54666,53962,54523,54446,53394,54791,55889,57526,59769,61036,62298,61970,60743,59042,57068,55923
2021-10-03,53119,51054,49680,49067,49061,49783,50341,50064,49075,48068,48767,48548,48908,50788,52036,54043,56722,58883,60876,60737,59537,58004,56349,54539
2021-10-04,51566,49784,48794,48423,48650,49985,51947,54870,59031,61606,63438,63618,61766,64461,66304,67959,69357,69067,69932,68996,67235,64843,62029,59867
2021-10-05,56283,54477,53580,53017,53447,54844,57807,61746,66737,68882,69488,69012,67190,70271,72173,73712,75634,75698,75146,73376,70329,67171,63884,62217
2021-10-06,58339,56565,55616,55042,55352,56603,59307,63208,68179,69696,69902,69365,67266,69995,71253,72263,73845,73199,72985,71417,68939,66236,63277,61649
2021-10-07,58007,56371,55229,54839,55032,56369,59007,62646,67302,68857,69632,69990,68884,72034,73199,73403,73754,73058,72899,71231,68604,65844,62843,61484
2021-10-08,58133,56423,55227,54858,55029,56208,58881,62991,68194,70021,70628,70807,69038,71333,72120,72391,72717,71751,71181,69593,67418,64913,62135,60779
2021-10-09,57301,55285,54058,53373,53238,53726,54540,55056,56163,56559,57114,56792,55688,57645,59110,60217,61465,62127,63659,63130,62026,60237,58021,56369
2021-10-10,53078,51154,49958,49161,49160,49738,50427,50413,50513,50551,51597,52245,53573,55321,55906,56671,58212,59570,61161,60610,59504,58049,56207,54440
2021-10-11,51423,49686,48728,48263,48371,49568,51453,54649,59157,61256,62056,61923,60239,62441,63770,63953,64294,63821,64647,63912,62556,60694,58642,57115
2021-10-12,54194,52566,51713,51439,51787,53393,56318,61186,67007,68988,68835,68285,65988,68499,69584,69781,70121,69621,70037,68497,66237,64024,61650,60509
2021-10-13,57117,55237,54240,53873,54045,55356,58056,61512,65123,65442,64885,64454,62846,66125,68102,69425,70552,70381,70657,69239,67278,64811,62235,61049
2021-10-14,57587,55786,54797,54364,54583,56028,58611,61650,65023,65423,65106,64242,61757,64550,66325,67811,70328,71080,71458,69781,67469,64912,62227,60966
2021-10-15,57382,55560,54673,54132,54274,55662,58411,61852,65590,66838,67253,66724,64950,67663,69785,70482,70778,70008,69548,68112,66212,63864,61562,60618
2021-10-16,57070,54804,53730,53142,53092,53832,54852,55901,57284,57350,57782,57291,55848,56844,57277,57304,57858,58471,60050,59574,58808,57709,56464,56295
2021-10-17,53277,51217,50068,49497,49747,50576,51377,50597,47552,45086,45182,44045,43386,44060,45387,48114,52221,55979,58584,58640,58246,57410,56333,55190
2021-10-18,52421,50475,49682,49361,50232,52224,55741,59553,62382,61976,61330,59508,56783,59522,61598,64373,67672,68824,69348,68029,66078,64134,62305,61514
2021-10-19,57696,55752,54710,54217,54754,56399,59042,62775,66612,65856,63937,62758,60690,63420,64995,65919,67879,69252,69823,68669,66625,64470,62703,61903
2021-10-20,58312,56277,55168,54828,55241,56853,59940,63414,66121,64815,63022,61095,58337,60910,62824,65087,67870,68911,69414,68306,66510,64584,62765,62051
2021-10-21,58286,56254,55153,54819,55512,57093,59852,63450,66649,66038,64444,62551,59920,62296,63913,65339,68293,69458,70203,68752,66734,64816,63029,62282
2021-10-22,58562,56515,55488,55101,55570,57234,59969,63086,65388,64294,62595,60463,57800,60798,62021,63732,66483,67651,67900,66419,64948,63448,61934,61382
2021-10-23,57530,55321,54070,53576,53711,54660,55835,55992,54638,52342,51359,49592,47853,49143,50450,52592,55595,57570,59042,58616,58182,57275,56583,56489
2021-10-24,53278,51003,49844,49335,49586,50438,51222,50805,48946,46627,46071,44787,44210,45160,46732,49364,52764,55630,57699,57508,57099,56535,55768,54869
2021-10-25,51849,49844,48821,48750,49489,51696,55537,60054,63809,62872,61520,59576,56708,59554,61362,63805,67204,68825,69114,67501,65453,63802,62195,61793
2021-10-26,58017,56045,54807,54502,55024,56749,59765,63132,65826,64733,63231,61230,58074,60789,62633,64791,67929,69256,69601,68163,66103,64365,62524,61757
2021-10-27,58026,55949,54982,54521,55184,56846,59700,63259,66450,65814,63850,61511,58205,60675,62534,64536,67757,68937,68916,67465,65718,64218,62731,61992
2021-10-28,58138,56277,55341,55035,55571,57322,60456,63617,65330,63898,62403,60113,57088,59845,61873,64362,67857,69149,69488,68068,66031,64296,62680,61825
2021-10-29,57968,55981,54885,54616,55093,56692,59586,62877,64312,63286,62570,61035,58544,60882,62048,63880,66644,67682,67473,66043,64449,63069,61582,61076
2021-10-30,57353,55211,53999,53494,53640,54670,55963,56688,57440,56815,56432,55804,54526,55898,56065,56071,56733,58290,59770,59472,58715,57864,57145,56918
2021-10-31,53692,51498,50274,49699,50038,50829,51884,51576,49732,47807,47229,45969,45641,46801,48261,50518,53760,56441,58161,58039,57652,57062,56109,55157
2021-11-01,52098,50090,49207,49020,49717,51901,55682,60508,65137,64737,63729,62302,59635,62888,64998,66714,69259,68814,68762,67374,65834,64297,62398,61915
2021-11-02,58129,56088,55150,54804,55390,57160,60153,63816,66518,65463,64213,62397,59529,62879,65125,67281,69463,69329,69554,68062,66473,64568,62628,62228
2021-11-03,58511,56529,55350,55024,55580,57160,60120,63958,66823,65338,63738,61812,58867,62407,64443,67048,69599,69039,68823,67395,66154,64428,62681,62505
2021-11-04,58794,56678,55699,55291,55717,57493,60572,64283,67170,65581,64195,62193,59538,63321,65740,67663,70149,69859,69745,68274,66622,64915,63216,62796
2021-11-05,59005,56764,55760,55418,55940,57614,60575,64179,67542,66282,64751,62721,59936,63479,65797,67411,68742,68091,67691,66420,65200,63552,62159,62176
2021-11-06,58423,56190,54948,54440,54675,55590,56962,57345,56465,54147,53147,51611,50068,51495,52910,54664,57069,58507,59455,59053,58715,58106,57425,57399
2021-11-07,54097,51842,50488,50175,50436,51316,52250,51933,49792,47613,47509,46301,46092,47173,49259,51897,54296,56862,58370,58102,57690,57150,56511,55490
2021-11-08,52438,50604,49671,49532,50233,52270,55927,61342,68571,71772,72602,71927,68328,70099,70355,70491,71411,70505,70477,69035,67267,65198,63306,63378
2021-11-09,59698,57462,56345,56071,56582,58349,61491,65980,71233,71902,71489,70678,68273,71208,71363,71686,72800,71983,71701,70008,68247,66063,64150,64699
2021-11-10,60921,58808,57572,57069,57661,59407,62487,66958,72480,73197,72896,71892,69679,72714,72348,72320,73477,71941,71355,69855,68461,66471,64829,65161
2021-11-11,61509,59282,58102,57751,58257,60062,63237,67445,70858,70382,70561,70552,68299,71936,72760,73497,74708,73880,72982,71230,69470,67506,65672,65757
2021-11-12,62071,59899,58712,58282,58627,60272,63571,67666,71221,70185,69978,69413,67385,70420,71705,72491,73855,72681,71316,69704,68318,66549,65156,65554
2021-11-13,61840,59353,57848,57297,57455,58438,59674,60344,59740,57203,56133,54250,52823,54312,55544,57007,59237,60781,61462,61066,60726,59831,59335,59577
2021-11-14,56246,53822,52599,52138,52358,53277,54245,54098,52579,50407,49839,48733,48388,49326,50681,52904,55713,58572,59863,59729,59547,58804,58161,57537
2021-11-15,54583,52427,51390,51224,52195,54451,58418,63844,69495,68811,66905,64315,61914,65854,68024,69389,71603,71539,71004,69303,67957,66222,64449,64338
2021-11-16,60190,58195,57163,56947,57819,59684,63017,67538,71880,70474,68120,65478,62124,65352,67365,69354,72200,72310,71759,70305,68742,66929,65153,65459
2021-11-17,61688,59566,58387,57986,58684,60430,63941,68058,71862,69829,67783,65206,61660,65117,67408,69885,73028,72394,71347,69860,68539,66826,65017,65192
2021-11-18,61200,59121,58000,57568,58247,60035,63386,66942,71050,70238,68797,66494,63657,66831,68714,70250,72485,72225,71289,69724,68209,66345,64833,64807
2021-11-19,61053,58639,57531,57052,57671,59456,62438,66492,70926,70059,68341,66134,63141,65942,67516,68711,70830,70412,69340,67859,66892,65494,64085,64274
2021-11-20,60393,58010,56735,56053,56290,57322,58766,59449,60548,59636,58767,56797,53527,54403,55503,57090,59225,60672,61390,61041,60697,59992,59407,59696
2021-11-21,56448,53889,52574,51947,52202,53236,54370,54290,54340,53833,53834,54002,53499,54283,55089,55740,57040,59107,60516,60078,59423,58573,58266,57764
2021-11-22,54658,52590,51633,51372,52170,54372,58620,64577,72066,73090,72736,71878,69193,71997,73817,74985,76847,76219,74764,72782,70719,68543,66954,67306
2021-11-23,63646,61210,59900,59533,59900,61666,65276,70614,76365,76653,76488,75834,72978,75990,77524,78434,79838,78476,76347,74056,71662,69330,67837,67787
2021-11-24,64058,61796,60403,59948,60370,61960,65356,70388,76095,76210,74682,72336,69098,72086,73243,74129,75772,75224,73945,72009,70510,68295,66552,66849
2021-11-25,63018,60763,59601,59113,59597,61065,64367,69078,74444,73335,71182,68607,64718,67385,69116,71223,74172,74510,73382,71561,70024,68113,66439,66711
2021-11-26,63081,60689,59418,59099,59813,61812,65041,69955,74295,71983,70064,67463,64104,67545,69966,72423,75223,74226,72279,70569,69170,67517,66209,66745
2021-11-27,63116,60579,59137,58532,58740,59558,61263,62339,62053,58842,57755,55732,53145,54224,55408,58083,61293,63321,63937,63454,62810,62144,61735,62377
2021-11-28,59269,56838,55446,54948,55141,56165,57191,57264,55515,52037,51235,49687,48788,49902,52004,54806,57854,60833,62027,61831,61326,60751,60436,59975
2021-11-29,57112,54969,53859,53860,54861,57062,61176,67365,74153,74464,72989,70470,66235,68960,71112,72832,75340,75099,73707,71674,69839,67836,65989,66296
2021-11-30,62375,60081,58992,58476,58993,60774,63927,68931,76863,79890,80362,79851,76757,79020,79260,79070,79365,78031,75880,73662,71459,69255,67679,68181
2021-12-01,64608,62262,60871,60416,61052,62728,66473,71791,78135,78581,77364,75696,72085,75114,76800,78791,81177,80436,78158,75997,73666,71347,69563,69866
2021-12-02,66186,63711,62354,61797,62319,64042,67411,72893,79441,78624,76236,73957,70334,73963,76609,78366,80145,79111,77157,74922,72284,69825,68120,68565
2021-12-03,64942,62465,61165,60454,60957,62541,65856,71108,77353,76953,75382,73464,70034,73379,74744,76222,78696,77946,75725,73623,71729,69815,68416,68976
2021-12-04,65149,62545,61117,60399,60657,61505,62965,64124,64807,63002,63225,62316,60202,61134,61314,62231,64255,65643,65770,65126,64536,63611,63213,64009
2021-12-05,60931,58692,57150,56537,56672,57490,58362,58770,57358,54261,53627,51811,50618,51312,52716,55719,59713,62884,64032,63622,62992,62240,62093,61931
2021-12-06,59207,57019,55929,55578,56364,58610,62887,69677,77463,77379,75736,72915,68883,71933,73779,75553,78083,77879,76015,73810,71761,69663,67903,68330
2021-12-07,64524,62293,61003,60657,61408,63196,66608,71944,78079,77463,75342,72149,67689,70654,71661,73034,75545,75490,75461,73830,71915,70018,68307,68784
2021-12-08,65044,62777,61473,61028,61709,63588,67256,72413,78310,76954,74465,71226,66839,69330,71203,73582,76725,76214,75068,73328,71888,70051,68499,68932
2021-12-09,64888,62794,61652,61214,61772,63445,66898,72043,77938,78012,76751,75267,72025,75752,76991,77214,78182,77134,75583,73656,71616,69407,67636,68386
2021-12-10,64705,62295,60964,60530,61012,62539,65735,70732,77016,77936,77392,76049,72754,74927,75330,75730,76566,75191,73246,71138,69762,68049,66693,67377
2021-12-11,63669,61098,59679,59068,59367,60100,61542,62653,64230,63401,62848,61084,58527,58950,60219,61536,63224,64357,64834,64186,63118,62230,61796,62551
2021-12-12,59266,56623,55217,54521,54781,55728,56739,57131,57179,56366,56318,54911,54016,53927,55119,57534,60771,64088,65441,65336,64719,63734,63598,63767
2021-12-13,60840,58652,57560,57346,58313,60530,64952,72134,80338,80285,77976,75458,71225,74034,76040,78811,82173,81946,79883,77435,74826,72402,70622,71090
2021-12-14,67265,65034,63585,62878,63444,64801,68414,74093,81524,82571,80956,78379,73637,75102,77233,79482,81584,80332,78120,75676,73512,71073,69251,69641
2021-12-15,65742,63251,61866,61474,62085,63468,66790,72076,78941,79839,78405,76068,72237,74559,75351,75993,77748,76931,75298,73747,72188,70237,68684,69036
2021-12-16,65406,63002,61502,60912,61368,62982,66501,71806,79336,81399,81266,79024,73236,75280,77051,77403,78543,77771,76482,74528,72376,70126,68770,69344
2021-12-17,65942,63664,62173,61789,62555,64446,68013,73841,81118,81732,80698,79694,76605,79862,82018,83912,85699,83976,81417,78790,76739,74358,72730,73712
2021-12-18,69913,67703,66154,65387,65525,66105,67498,69261,70883,69397,68183,66182,63683,64719,66302,68429,70283,70751,70765,69787,68083,66148,65540,66782
2021-12-19,64019,61803,60214,59507,59532,60304,61215,61692,62102,60617,59882,57729,56150,56113,57035,59800,63417,66324,67544,67251,66428,65044,64697,64602
2021-12-20,61870,59667,58491,58106,58906,60923,64720,71772,80755,81754,80042,77822,74191,77079,78455,79168,80599,79415,77379,75090,73016,70232,68390,69251
2021-12-21,65878,63608,62264,61731,62498,64125,67528,73142,80294,80288,78318,75395,70640,73043,74482,76124,78407,78683,77315,75509,73635,70960,69164,69738
2021-12-22,66448,64376,63129,62738,63568,65372,68972,74774,81451,80314,77553,74025,69425,71947,73636,75787,78893,78543,77046,75272,73562,70913,69471,70151
2021-12-23,66522,64485,63288,62892,63663,65498,69069,74749,81874,81417,78809,75397,70848,73206,74744,76748,79447,79189,77820,75959,73681,71002,69484,70447
2021-12-24,67061,64661,63177,62805,63285,64970,68158,73459,80227,81185,80555,79234,75833,78810,80322,80385,80410,78537,76330,74678,72999,70748,69837,71421
2021-12-25,68309,66053,64677,63885,64114,64792,66053,67095,67845,66420,65420,63675,61571,62348,63366,65783,69566,72005,72815,71920,70669,68967,68924,69466
2021-12-26,66596,64524,62941,62164,62249,62904,63895,64503,64348,62491,61703,60151,58835,58920,60238,63261,67338,70914,71719,71110,69940,68479,68301,68738
2021-12-27,66465,64473,63140,62540,63122,65025,69117,76487,86054,87590,86103,84363,81635,85670,88435,89654,90708,88653,85067,81527,78245,74696,73048,74217
2021-12-28,71059,68940,67701,67076,67184,68598,72033,78270,86809,88717,87587,85746,82410,85691,87226,87627,88077,85978,83052,80011,77035,73589,71856,72875
2021-12-29,69651,67276,65941,65136,65534,66910,70309,75972,84106,85966,85065,82961,79348,82153,82446,82500,83608,82009,79711,77646,75511,72342,70829,71882
2021-12-30,68581,66406,65155,64639,65121,66804,70225,75906,83494,83012,80587,77991,75134,79852,81928,83044,84564,82901,80604,78216,76176,73142,71610,72472
2021-12-31,69373,67187,65955,65431,65798,67226,70163,75036,81748,81729,79936,76772,72530,73346,73706,74401,75972,75798,74578,72976,71602,69383,68874,70123
