,거래일자,발전량 
0,2018-01-01,17322.238512254902
1,2018-01-02,12127.505051470587
2,2018-01-03,17848.95650490196
3,2018-01-04,11203.583678921568
4,2018-01-05,13427.599269607845
5,2018-01-06,19465.279664215686
6,2018-01-07,5612.067946078431
7,2018-01-08,3466.019257352941
8,2018-01-09,9854.12049019608
9,2018-01-10,7269.711723039215
10,2018-01-11,8173.746632352942
11,2018-01-12,10455.817367647058
12,2018-01-13,10619.152036764704
13,2018-01-14,14061.673647058824
14,2018-01-15,17039.395674019608
15,2018-01-16,3242.999504901961
16,2018-01-17,8934.434227941176
17,2018-01-18,11428.484426470588
18,2018-01-19,18574.547419117647
19,2018-01-20,15848.948401960784
20,2018-01-21,15619.633465686275
21,2018-01-22,10179.119654411765
22,2018-01-23,16153.511227941177
23,2018-01-24,17748.982355392156
24,2018-01-25,17395.280740196078
25,2018-01-26,18968.94218872549
26,2018-01-27,22160.825960784314
27,2018-01-28,18497.158963235295
28,2018-01-29,18017.196980392157
29,2018-01-30,18761.818573529414
30,2018-01-31,10670.051333333333
31,2018-02-01,23768.302644607844
32,2018-02-02,18395.78887254902
33,2018-02-03,17711.163605392157
34,2018-02-04,17695.257919117645
35,2018-02-05,17507.948732843135
36,2018-02-06,17578.39306617647
37,2018-02-07,21061.859249999998
38,2018-02-08,21207.212593137254
39,2018-02-09,15156.779975490197
40,2018-02-10,13736.273325980392
41,2018-02-11,16644.984218137255
42,2018-02-12,13302.75488480392
43,2018-02-13,23748.332892156865
44,2018-02-14,15509.367487745098
45,2018-02-15,19382.55218137255
46,2018-02-16,17515.613100490194
47,2018-02-17,27348.667892156864
48,2018-02-18,14187.712330882354
49,2018-02-19,14136.112230392157
50,2018-02-20,19144.842585784314
51,2018-02-21,17186.625029411764
52,2018-02-22,22979.013943627448
53,2018-02-23,16057.885071078432
54,2018-02-24,19277.08689460784
55,2018-02-25,18979.922019607842
56,2018-02-26,27544.222828431375
57,2018-02-27,18241.505220588235
58,2018-02-28,1794.2127475490195
59,2018-03-01,24381.836872549018
60,2018-03-02,29244.499985294115
61,2018-03-03,22154.707862745097
62,2018-03-04,11421.103955882352
63,2018-03-05,7686.028519607843
64,2018-03-06,28668.082921568628
65,2018-03-07,9497.860450980392
66,2018-03-08,8085.318561274509
67,2018-03-09,18610.41030637255
68,2018-03-10,27783.066362745096
69,2018-03-11,26517.07929901961
70,2018-03-12,26341.227397058825
71,2018-03-13,26484.79012009804
72,2018-03-14,26124.181531862745
73,2018-03-15,2051.7923897058827
74,2018-03-16,15263.625465686275
75,2018-03-17,29717.58756617647
76,2018-03-18,9252.340335784313
77,2018-03-19,3812.995568627451
78,2018-03-20,14817.914080882354
79,2018-03-21,5517.803664215687
80,2018-03-22,29233.606286764705
81,2018-03-23,30485.344411764705
82,2018-03-24,24379.909357843135
83,2018-03-25,26412.576919117644
84,2018-03-26,27415.405892156865
85,2018-03-27,27846.291931372547
86,2018-03-28,28179.49248284314
87,2018-03-29,21189.324975490195
88,2018-03-30,26731.785669117646
89,2018-03-31,27265.473897058822
90,2018-04-01,15842.863355392157
91,2018-04-02,26981.4235122549
92,2018-04-03,23582.977085784314
93,2018-04-04,7802.740850490196
94,2018-04-05,4725.740725490196
95,2018-04-06,22348.95457598039
96,2018-04-07,25619.975156862743
97,2018-04-08,26492.73587990196
98,2018-04-09,30873.640428921568
99,2018-04-10,26603.417225490197
100,2018-04-11,30957.210732843138
101,2018-04-12,27006.177296568625
102,2018-04-13,15228.811970588235
103,2018-04-14,3504.5931200980394
104,2018-04-15,29142.973558823527
105,2018-04-16,29524.999098039214
106,2018-04-17,29480.137090686276
107,2018-04-18,33429.24208578431
108,2018-04-19,32562.064973039214
109,2018-04-20,31270.02814460784
110,2018-04-21,32057.92293137255
111,2018-04-22,9816.78856127451
112,2018-04-23,2699.027401960784
113,2018-04-24,8025.915556372548
114,2018-04-25,29771.634240196076
115,2018-04-26,27320.52460539216
116,2018-04-27,29681.52876960784
117,2018-04-28,32216.443578431372
118,2018-04-29,30527.36075490196
119,2018-04-30,22037.74368382353
120,2018-05-01,15212.157399509806
121,2018-05-02,6422.82881372549
122,2018-05-03,26509.702409313726
123,2018-05-04,35172.14734068627
124,2018-05-05,27842.518987745098
125,2018-05-06,3909.3340588235296
126,2018-05-07,13136.590137254901
127,2018-05-08,20804.819046568628
128,2018-05-09,26012.6337377451
129,2018-05-10,31677.73455147059
130,2018-05-11,29819.674897058827
131,2018-05-12,4711.974862745098
132,2018-05-13,23660.80156127451
133,2018-05-14,30088.511524509802
134,2018-05-15,25077.82086029412
135,2018-05-16,5652.801654411765
136,2018-05-17,9183.343220588235
137,2018-05-18,8945.593639705883
138,2018-05-19,23710.73449509804
139,2018-05-20,23223.277468137258
140,2018-05-21,26412.104889705883
141,2018-05-22,21256.722703431373
142,2018-05-23,33892.00347794117
143,2018-05-24,33329.657318627455
144,2018-05-25,28329.123149509804
145,2018-05-26,32400.643213235293
146,2018-05-27,19235.252281862744
147,2018-05-28,22892.00855637255
148,2018-05-29,23770.163602941175
149,2018-05-30,20361.325602941175
150,2018-05-31,28911.44131372549
151,2018-06-01,33135.08029901961
152,2018-06-02,33240.52443137255
153,2018-06-03,30974.0513872549
154,2018-06-04,26392.166397058823
155,2018-06-05,20528.127453431374
156,2018-06-06,28655.933794117645
157,2018-06-07,30225.19923529412
158,2018-06-08,25646.378291666668
159,2018-06-09,25699.39293137255
160,2018-06-10,15947.540843137254
161,2018-06-11,14752.919776960785
162,2018-06-12,25103.884860294118
163,2018-06-13,24018.112718137254
164,2018-06-14,24235.948723039215
165,2018-06-15,27544.400382352942
166,2018-06-16,31227.85081862745
167,2018-06-17,23059.936747549018
168,2018-06-18,28290.361720588236
169,2018-06-19,11966.600551470588
170,2018-06-20,28539.651835784316
171,2018-06-21,33225.953825980396
172,2018-06-22,27863.939024509804
173,2018-06-23,27501.346551470586
174,2018-06-24,32063.328661764706
175,2018-06-25,26729.7791127451
176,2018-06-26,4912.428132352941
177,2018-06-27,16428.499970588236
178,2018-06-28,7175.19437254902
179,2018-06-29,21510.273904411766
180,2018-06-30,9496.672909313726
181,2018-07-01,9345.313144607842
182,2018-07-02,12260.411639705882
183,2018-07-03,17125.2461372549
184,2018-07-04,26129.334475490195
185,2018-07-05,14196.802840686276
186,2018-07-06,10286.339414215685
187,2018-07-07,27443.87887009804
188,2018-07-08,20750.49455637255
189,2018-07-09,8188.505193627451
190,2018-07-10,19680.82857843137
191,2018-07-11,22493.05762009804
192,2018-07-12,25838.44819117647
193,2018-07-13,27586.408465686272
194,2018-07-14,30516.35362009804
195,2018-07-15,31889.379924019606
196,2018-07-16,31433.916348039213
197,2018-07-17,31319.56388235294
198,2018-07-18,31240.298848039216
199,2018-07-19,31941.770644607845
200,2018-07-20,31864.237926470585
201,2018-07-21,30396.620411764707
202,2018-07-22,24042.244970588235
203,2018-07-23,29179.325497549016
204,2018-07-24,29810.73649264706
205,2018-07-25,28781.089426470586
206,2018-07-26,28928.576348039216
207,2018-07-27,29981.691536764705
208,2018-07-28,26249.027625
209,2018-07-29,29576.515796568627
210,2018-07-30,25151.00167647059
211,2018-07-31,29684.03895833333
212,2018-08-01,31717.976340686273
213,2018-08-02,30833.714953431372
214,2018-08-03,27866.263968137253
215,2018-08-04,28748.65206862745
216,2018-08-05,27319.428784313724
217,2018-08-06,25623.020355392156
218,2018-08-07,22819.150110294115
219,2018-08-08,28109.568345588235
220,2018-08-09,24673.91518872549
221,2018-08-10,22210.14744117647
222,2018-08-11,21846.88561519608
223,2018-08-12,22465.69837254902
224,2018-08-13,28318.727252450983
225,2018-08-14,29378.556421568628
226,2018-08-15,28202.538632352942
227,2018-08-16,19316.598296568627
228,2018-08-17,28265.810004901963
229,2018-08-18,31991.310215686273
230,2018-08-19,30187.23924019608
231,2018-08-20,25661.71795833333
232,2018-08-21,24737.009894607843
233,2018-08-22,25581.921715686276
234,2018-08-23,6780.303134803921
235,2018-08-24,14716.668794117646
236,2018-08-25,14493.89063235294
237,2018-08-26,8940.30893627451
238,2018-08-27,8196.77893872549
239,2018-08-28,18602.546654411766
240,2018-08-29,23257.69399509804
241,2018-08-30,18901.773669117647
242,2018-08-31,13021.424639705881
243,2018-09-01,20694.679186274512
244,2018-09-02,19756.41193627451
245,2018-09-03,11779.184191176471
246,2018-09-04,29169.55221568627
247,2018-09-05,30330.569946078434
248,2018-09-06,13426.142745098039
249,2018-09-07,15014.502389705882
250,2018-09-08,23859.043995098036
251,2018-09-09,31933.085968137253
252,2018-09-10,28934.574046568625
253,2018-09-11,23648.212784313724
254,2018-09-12,26445.164950980394
255,2018-09-13,9464.848250000001
256,2018-09-14,9986.70118137255
257,2018-09-15,10888.679235294117
258,2018-09-16,16093.406394607844
259,2018-09-17,24354.027164215688
260,2018-09-18,29166.07000980392
261,2018-09-19,12588.187627450981
262,2018-09-20,6460.985855392157
263,2018-09-21,6704.2944240196075
264,2018-09-22,28586.63030882353
265,2018-09-23,22506.464776960787
266,2018-09-24,22761.639284313726
267,2018-09-25,32141.39430392157
268,2018-09-26,22326.902487745097
269,2018-09-27,29999.14783578431
270,2018-09-28,18002.774659313724
271,2018-09-29,20931.19813235294
272,2018-09-30,29651.64000245098
273,2018-10-01,23309.11575245098
274,2018-10-02,29642.81041911765
275,2018-10-03,31566.407193627452
276,2018-10-04,25341.118110294115
277,2018-10-05,2649.627399509804
278,2018-10-06,7918.024845588236
279,2018-10-07,29808.281764705884
280,2018-10-08,27523.47711029412
281,2018-10-09,12477.275637254901
282,2018-10-10,20850.18688235294
283,2018-10-11,27846.927683823527
284,2018-10-12,31625.088289215684
285,2018-10-13,28729.065367647057
286,2018-10-14,24564.725539215684
287,2018-10-15,25322.93180147059
288,2018-10-16,11877.173713235294
289,2018-10-17,26335.71707107843
290,2018-10-18,24283.872960784312
291,2018-10-19,30270.537012254903
292,2018-10-20,28674.152924019607
293,2018-10-21,29023.453772058823
294,2018-10-22,16689.528727941175
295,2018-10-23,16480.77650735294
296,2018-10-24,28840.830625
297,2018-10-25,27578.83894852941
298,2018-10-26,3842.379460784314
299,2018-10-27,20036.143041666666
300,2018-10-28,20161.761975490197
301,2018-10-29,18677.400776960785
302,2018-10-30,27955.130825980392
303,2018-10-31,23978.56203921569
304,2018-11-01,28684.789553921568
305,2018-11-02,27792.93436029412
306,2018-11-03,24997.64692892157
307,2018-11-04,26829.936382352942
308,2018-11-05,23919.012367647058
309,2018-11-06,19183.652286764707
310,2018-11-07,5266.20505637255
311,2018-11-08,1387.1463848039216
312,2018-11-09,13001.621906862745
313,2018-11-10,21954.76019607843
314,2018-11-11,9518.756093137255
315,2018-11-12,22115.843492647058
316,2018-11-13,21648.488791666663
317,2018-11-14,22616.08163235294
318,2018-11-15,20401.476375
319,2018-11-16,7341.112879901962
320,2018-11-17,23895.38106617647
321,2018-11-18,7737.688
322,2018-11-19,20050.68556617647
323,2018-11-20,24698.080825980393
324,2018-11-21,6936.460053921569
325,2018-11-22,24846.987105392156
326,2018-11-23,22996.72494117647
327,2018-11-24,6855.327776960784
328,2018-11-25,15202.244698529412
329,2018-11-26,19619.630144607843
330,2018-11-27,17861.18637009804
331,2018-11-28,17343.143955882355
332,2018-11-29,14826.618301470588
333,2018-11-30,21221.542090686275
334,2018-12-01,13790.218426470588
335,2018-12-02,15528.585235294117
336,2018-12-03,3766.935585784314
337,2018-12-04,5851.0826519607845
338,2018-12-05,19011.314007352943
339,2018-12-06,7830.787818627451
340,2018-12-07,13807.518352941177
341,2018-12-08,17815.935269607842
342,2018-12-09,21052.300985294114
343,2018-12-10,20496.856669117646
344,2018-12-11,3324.809774509804
345,2018-12-12,18018.927289215684
346,2018-12-13,11570.303352941177
347,2018-12-14,21576.48005392157
348,2018-12-15,22462.18349264706
349,2018-12-16,6365.8161176470585
350,2018-12-17,17562.485487745096
351,2018-12-18,18379.008982843137
352,2018-12-19,16327.688036764705
353,2018-12-20,9217.71087990196
354,2018-12-21,11602.682585784314
355,2018-12-22,15816.241132352941
356,2018-12-23,21497.801757352943
357,2018-12-24,23555.55669852941
358,2018-12-25,10538.705267156862
359,2018-12-26,16796.209455882352
360,2018-12-27,22141.99643382353
361,2018-12-28,17012.832620098037
362,2018-12-29,20505.15030882353
363,2018-12-30,21691.866588235294
364,2018-12-31,22161.145485294117
365,2019-01-01,11694.902786764707
366,2019-01-02,19735.455796568625
367,2019-01-03,24727.559428921566
368,2019-01-04,10047.467634803921
369,2019-01-05,19790.246473039217
370,2019-01-06,23407.922752450977
371,2019-01-07,20463.839159313728
372,2019-01-08,19667.047176470587
373,2019-01-09,16857.772862745096
374,2019-01-10,14530.307328431372
375,2019-01-11,18391.978321078434
376,2019-01-12,13366.289573529411
377,2019-01-13,20858.14555882353
378,2019-01-14,17540.505607843137
379,2019-01-15,14550.05455392157
380,2019-01-16,24269.70892647059
381,2019-01-17,19183.668843137257
382,2019-01-18,24537.676732843138
383,2019-01-19,13919.36825490196
384,2019-01-20,24704.96981617647
385,2019-01-21,22683.374897058824
386,2019-01-22,24049.917583333332
387,2019-01-23,23352.35500245098
388,2019-01-24,27982.425899509803
389,2019-01-25,19001.259546568628
390,2019-01-26,28282.339281862744
391,2019-01-27,28152.186051470588
392,2019-01-28,22048.46987009804
393,2019-01-29,28537.155007352943
394,2019-01-30,18268.983397058822
395,2019-01-31,6256.095708333333
396,2019-02-01,22410.231225490195
397,2019-02-02,20715.963117647058
398,2019-02-03,1867.081899509804
399,2019-02-04,29583.402931372548
400,2019-02-05,27342.841139705884
401,2019-02-06,19910.221840686274
402,2019-02-07,18381.344710784313
403,2019-02-08,26548.11307107843
404,2019-02-09,25856.707575980392
405,2019-02-10,16419.6404877451
406,2019-02-11,27764.70449264706
407,2019-02-12,26687.737963235293
408,2019-02-13,29407.299897058827
409,2019-02-14,23946.575284313727
410,2019-02-15,11532.308573529412
411,2019-02-16,21391.619171568625
412,2019-02-17,34164.219
413,2019-02-18,14480.60249754902
414,2019-02-19,5283.303708333334
415,2019-02-20,20948.592105392156
416,2019-02-21,30211.08937745098
417,2019-02-22,20538.82813235294
418,2019-02-23,30045.70349264706
419,2019-02-24,33244.10756372549
420,2019-02-25,29374.965039215684
421,2019-02-26,32662.643343137253
422,2019-02-27,13052.202401960785
423,2019-02-28,24668.816825980393
424,2019-03-01,31265.884639705884
425,2019-03-02,21773.66773529412
426,2019-03-03,18219.303465686276
427,2019-03-04,27750.208490196077
428,2019-03-05,17701.38680882353
429,2019-03-06,21271.524605392155
430,2019-03-07,29499.06549509804
431,2019-03-08,37570.14912254902
432,2019-03-09,26155.185975490196
433,2019-03-10,8834.007090686275
434,2019-03-11,18164.48162009804
435,2019-03-12,22575.763044117648
436,2019-03-13,35862.31434068627
437,2019-03-14,33850.31580882353
438,2019-03-15,22252.900823529413
439,2019-03-16,31761.780526960785
440,2019-03-17,37421.613041666664
441,2019-03-18,25476.388666666666
442,2019-03-19,32875.92489705882
443,2019-03-20,9231.917573529412
444,2019-03-21,15877.41506372549
445,2019-03-22,38794.9468627451
446,2019-03-23,30385.388698529412
447,2019-03-24,41964.84444607843
448,2019-03-25,26525.243781862744
449,2019-03-26,36753.859105392155
450,2019-03-27,31316.600289215687
451,2019-03-28,29232.17143137255
452,2019-03-29,34166.92058088235
453,2019-03-30,25437.737404411764
454,2019-03-31,32635.64041666667
455,2019-04-01,37907.26905147059
456,2019-04-02,41413.18723774509
457,2019-04-03,42119.90241911764
458,2019-04-04,40796.92972058823
459,2019-04-05,31597.698159313724
460,2019-04-06,30131.16894607843
461,2019-04-07,20350.59367401961
462,2019-04-08,38251.15181372549
463,2019-04-09,15216.526919117647
464,2019-04-10,9877.798129901961
465,2019-04-11,25228.925411764707
466,2019-04-12,39610.85836274509
467,2019-04-13,34677.3913872549
468,2019-04-14,15889.665703431372
469,2019-04-15,41967.64190931372
470,2019-04-16,34590.100906862746
471,2019-04-17,35430.73160784313
472,2019-04-18,32185.06205882353
473,2019-04-19,17393.015845588234
474,2019-04-20,36935.49660784314
475,2019-04-21,23148.54906127451
476,2019-04-22,38052.740906862746
477,2019-04-23,13021.096093137256
478,2019-04-24,17311.820181372546
479,2019-04-25,8884.609465686275
480,2019-04-26,8569.17543382353
481,2019-04-27,37647.362637254904
482,2019-04-28,19953.199580882352
483,2019-04-29,7842.569757352941
484,2019-04-30,27472.062085784313
485,2019-05-01,34401.120031862745
486,2019-05-02,43593.860134803916
487,2019-05-03,42098.79292401961
488,2019-05-04,35648.957343137256
489,2019-05-05,38758.811985294116
490,2019-05-06,42422.3961740196
491,2019-05-07,43847.04686519608
492,2019-05-08,34732.79522794118
493,2019-05-09,39205.318857843136
494,2019-05-10,39915.67615441176
495,2019-05-11,40013.847149509806
496,2019-05-12,37570.27810539216
497,2019-05-13,29185.0208872549
498,2019-05-14,36914.57724019608
499,2019-05-15,36818.59324264706
500,2019-05-16,37624.95859068628
501,2019-05-17,24115.241551470586
502,2019-05-18,15725.953171568628
503,2019-05-19,14827.590031862745
504,2019-05-20,31728.572669117646
505,2019-05-21,45065.79070588235
506,2019-05-22,43902.1360882353
507,2019-05-23,42571.11961029412
508,2019-05-24,40214.537350490195
509,2019-05-25,33409.62482107843
510,2019-05-26,33911.992421568626
511,2019-05-27,4713.53806372549
512,2019-05-28,38204.56705147059
513,2019-05-29,43702.56025245098
514,2019-05-30,31065.374213235293
515,2019-05-31,35516.382176470586
516,2019-06-01,35176.35024019608
517,2019-06-02,39219.73515441176
518,2019-06-03,40850.16829656863
519,2019-06-04,39068.52832352941
520,2019-06-05,38697.35492892157
521,2019-06-06,18007.92156862745
522,2019-06-07,12153.540556372549
523,2019-06-08,31682.45842401961
524,2019-06-09,34369.647784313725
525,2019-06-10,22839.256458333333
526,2019-06-11,30554.12324509804
527,2019-06-12,38566.38205392157
528,2019-06-13,39226.28467401961
529,2019-06-14,16328.736529411764
530,2019-06-15,36414.98561029412
531,2019-06-16,36205.29626960785
532,2019-06-17,37702.68374019608
533,2019-06-18,20713.081107843136
534,2019-06-19,29026.740345588238
535,2019-06-20,35440.15334068627
536,2019-06-21,36915.09296323529
537,2019-06-22,33759.07237009804
538,2019-06-23,35709.340573529415
539,2019-06-24,38687.84191911765
540,2019-06-25,39853.78549509804
541,2019-06-26,11166.95705392157
542,2019-06-27,24579.580100490195
543,2019-06-28,30804.578870098037
544,2019-06-29,8480.26600735294
545,2019-06-30,24665.65364705882
546,2019-07-01,19531.625737745097
547,2019-07-02,37102.708507352945
548,2019-07-03,28435.767899509803
549,2019-07-04,41041.681884803926
550,2019-07-05,38688.59707107843
551,2019-07-06,42475.44606862745
552,2019-07-07,31817.575154411767
553,2019-07-08,30651.15149019608
554,2019-07-09,26703.350210784312
555,2019-07-10,9914.808669117647
556,2019-07-11,19546.97305637255
557,2019-07-12,32165.720183823527
558,2019-07-13,22789.690551470587
559,2019-07-14,33955.794850490194
560,2019-07-15,24024.504524509804
561,2019-07-16,32313.958497549018
562,2019-07-17,28282.558404411764
563,2019-07-18,20504.05225735294
564,2019-07-19,15388.231789215686
565,2019-07-20,9619.661965686275
566,2019-07-21,14895.015997549019
567,2019-07-22,29041.49855637255
568,2019-07-23,31893.45011764706
569,2019-07-24,14856.604740196079
570,2019-07-25,11783.69205882353
571,2019-07-26,13097.90794362745
572,2019-07-27,15780.894732843137
573,2019-07-28,17525.652512254903
574,2019-07-29,33337.6641127451
575,2019-07-30,28347.18803921569
576,2019-07-31,28602.579061274508
577,2019-08-01,36004.53497794118
578,2019-08-02,39544.6986495098
579,2019-08-03,34217.885727941175
580,2019-08-04,36394.12202205882
581,2019-08-05,36542.18556862745
582,2019-08-06,29725.85806862745
583,2019-08-07,31154.015897058824
584,2019-08-08,30291.789487745096
585,2019-08-09,34187.30788480392
586,2019-08-10,35017.77781862745
587,2019-08-11,25390.539875
588,2019-08-12,18042.3938627451
589,2019-08-13,34867.367421568626
590,2019-08-14,33974.38340441176
591,2019-08-15,17646.946416666666
592,2019-08-16,28989.162149509804
593,2019-08-17,33038.76066666667
594,2019-08-18,38212.30250245098
595,2019-08-19,34945.975159313726
596,2019-08-20,31649.82937254902
597,2019-08-21,23848.89551470588
598,2019-08-22,25073.24699264706
599,2019-08-23,27844.27593137255
600,2019-08-24,22877.99932843137
601,2019-08-25,28079.946661764705
602,2019-08-26,33600.2327377451
603,2019-08-27,11640.536610294117
604,2019-08-28,19240.36592647059
605,2019-08-29,12649.732098039214
606,2019-08-30,37924.251904411765
607,2019-08-31,35554.5676495098
608,2019-09-01,18768.77669117647
609,2019-09-02,15097.574852941176
610,2019-09-03,11440.769394607842
611,2019-09-04,11787.077323529413
612,2019-09-05,16887.594487745097
613,2019-09-06,14688.300759803922
614,2019-09-07,10135.694705882353
615,2019-09-08,16106.979575980393
616,2019-09-09,15532.54325490196
617,2019-09-10,24633.685580882353
618,2019-09-11,20930.46187009804
619,2019-09-12,10858.56468872549
620,2019-09-13,37251.02445098039
621,2019-09-14,27115.605397058825
622,2019-09-15,30495.889649509805
623,2019-09-16,34692.09255882353
624,2019-09-17,39842.552125
625,2019-09-18,40399.0625882353
626,2019-09-19,38176.17741421569
627,2019-09-20,22115.05631617647
628,2019-09-21,4384.439210784314
629,2019-09-22,3562.915345588235
630,2019-09-23,27616.15145588235
631,2019-09-24,38398.99431127451
632,2019-09-25,28740.960026960784
633,2019-09-26,26484.255968137255
634,2019-09-27,24887.94074754902
635,2019-09-28,24886.434276960787
636,2019-09-29,32272.034786764707
637,2019-09-30,30151.300132352942
638,2019-10-01,9591.233580882354
639,2019-10-02,2996.2171960784312
640,2019-10-03,23987.16274509804
641,2019-10-04,30691.28124264706
642,2019-10-05,15211.018818627452
643,2019-10-06,27032.65499754902
644,2019-10-07,5684.134112745098
645,2019-10-08,31387.08387254902
646,2019-10-09,39240.24577450981
647,2019-10-10,26902.73212745098
648,2019-10-11,35538.797355392155
649,2019-10-12,35784.7923382353
650,2019-10-13,35869.02181127451
651,2019-10-14,30094.584585784312
652,2019-10-15,24542.593801470586
653,2019-10-16,32611.861948529415
654,2019-10-17,20105.310274509804
655,2019-10-18,12898.011458333332
656,2019-10-19,33138.52051960784
657,2019-10-20,30810.131948529415
658,2019-10-21,33800.12849264706
659,2019-10-22,31374.55992156863
660,2019-10-23,12497.505767156863
661,2019-10-24,22872.223426470588
662,2019-10-25,27379.93956372549
663,2019-10-26,28099.363122549017
664,2019-10-27,32483.756093137254
665,2019-10-28,31122.806534313724
666,2019-10-29,27243.166607843137
667,2019-10-30,35280.15153676471
668,2019-10-31,32117.41446078431
669,2019-11-01,30187.30051960784
670,2019-11-02,20884.559024509806
671,2019-11-03,23812.611441176472
672,2019-11-04,24966.896022058823
673,2019-11-05,28442.45060294118
674,2019-11-06,30007.297578431375
675,2019-11-07,26940.600696078433
676,2019-11-08,34082.037473039214
677,2019-11-09,32414.899803921566
678,2019-11-10,13854.898590686274
679,2019-11-11,19601.35192156863
680,2019-11-12,24883.699421568628
681,2019-11-13,6615.962524509804
682,2019-11-14,34041.94392647059
683,2019-11-15,23436.005014705883
684,2019-11-16,21940.210610294118
685,2019-11-17,4804.286958333334
686,2019-11-18,11009.363343137255
687,2019-11-19,20459.551973039215
688,2019-11-20,33108.463325980396
689,2019-11-21,24368.922345588235
690,2019-11-22,27839.6736495098
691,2019-11-23,24659.087705882353
692,2019-11-24,17312.07975980392
693,2019-11-25,11025.459210784315
694,2019-11-26,19605.110257352942
695,2019-11-27,12441.105860294118
696,2019-11-28,23324.361948529415
697,2019-11-29,30902.794786764705
698,2019-11-30,24680.49055392157
699,2019-12-01,3019.615963235294
700,2019-12-02,21082.536561274508
701,2019-12-03,15120.778644607843
702,2019-12-04,25025.36576960784
703,2019-12-05,27115.153779411765
704,2019-12-06,26560.430375
705,2019-12-07,21526.002840686273
706,2019-12-08,27297.924330882353
707,2019-12-09,20984.90880882353
708,2019-12-10,17390.33899019608
709,2019-12-11,13397.974982843136
710,2019-12-12,28549.44988970588
711,2019-12-13,21433.077875
712,2019-12-14,26694.704637254905
713,2019-12-15,22981.94238970588
714,2019-12-16,20695.573529411766
715,2019-12-17,3901.5829411764707
716,2019-12-18,20834.98391421569
717,2019-12-19,26416.074291666668
718,2019-12-20,18973.61608088235
719,2019-12-21,10191.984671568627
720,2019-12-22,13989.271338235294
721,2019-12-23,14737.658992647059
722,2019-12-24,25300.562406862744
723,2019-12-25,20880.589514705884
724,2019-12-26,3668.5479901960784
725,2019-12-27,23117.29458578431
726,2019-12-28,27202.407019607843
727,2019-12-29,5408.11719362745
728,2019-12-30,8734.900823529411
729,2019-12-31,29204.76304166667
730,2020-01-01,18851.3432377451
731,2020-01-02,16923.54842401961
732,2020-01-03,24199.708203431375
733,2020-01-04,24879.903142156865
734,2020-01-05,27192.316480392157
735,2020-01-06,3052.242068627451
736,2020-01-07,1775.5154093137255
737,2020-01-08,5395.060377450981
738,2020-01-09,20682.111024509806
739,2020-01-10,29758.71435784314
740,2020-01-11,25708.833198529413
741,2020-01-12,19146.11843872549
742,2020-01-13,22375.837644607844
743,2020-01-14,19886.709161764706
744,2020-01-15,27659.66726470588
745,2020-01-16,27293.722536764704
746,2020-01-17,25890.703806372552
747,2020-01-18,29347.543838235295
748,2020-01-19,13120.828022058822
749,2020-01-20,27101.832897058826
750,2020-01-21,35840.00898039216
751,2020-01-22,4394.378899509804
752,2020-01-23,20281.238024509803
753,2020-01-24,27787.15867647059
754,2020-01-25,11334.445862745097
755,2020-01-26,18447.46162254902
756,2020-01-27,3450.711208333333
757,2020-01-28,15950.188345588234
758,2020-01-29,16194.30794117647
759,2020-01-30,22332.346492647062
760,2020-01-31,20182.56425
761,2020-02-01,24190.072085784315
762,2020-02-02,28878.942370098037
763,2020-02-03,31141.396507352943
764,2020-02-04,38651.74162254902
765,2020-02-05,39426.32870098039
766,2020-02-06,33323.12058333334
767,2020-02-07,30075.154232843135
768,2020-02-08,31336.695965686275
769,2020-02-09,37452.703965686276
770,2020-02-10,34356.66790441176
771,2020-02-11,29860.737308823533
772,2020-02-12,3728.3794338235293
773,2020-02-13,19240.74412009804
774,2020-02-14,36641.949862745096
775,2020-02-15,20802.38643382353
776,2020-02-16,13379.179703431373
777,2020-02-17,16364.629647058822
778,2020-02-18,39766.65948529412
779,2020-02-19,38452.047769607845
780,2020-02-20,41084.679816176475
781,2020-02-21,30004.64948284314
782,2020-02-22,36151.80045343137
783,2020-02-23,48233.30383578431
784,2020-02-24,37577.21302450981
785,2020-02-25,2772.399551470588
786,2020-02-26,28085.536394607843
787,2020-02-27,35533.596666666665
788,2020-02-28,6426.620698529412
789,2020-02-29,23309.67447794118
790,2020-03-01,17557.977083333335
791,2020-03-02,47022.81805882353
792,2020-03-03,28462.803745098037
793,2020-03-04,39452.96686764706
794,2020-03-05,50491.3289117647
795,2020-03-06,48910.133654411766
796,2020-03-07,15369.278433823529
797,2020-03-08,47073.488252450974
798,2020-03-09,19923.059585784315
799,2020-03-10,7235.257220588235
800,2020-03-11,54380.66986764706
801,2020-03-12,50001.90225
802,2020-03-13,39465.78995588235
803,2020-03-14,52717.23237745098
804,2020-03-15,43286.259247549024
805,2020-03-16,51897.821875
806,2020-03-17,36808.38601470588
807,2020-03-18,49302.54011029411
808,2020-03-19,40637.22559068627
809,2020-03-20,52027.489948529415
810,2020-03-21,43565.12276715686
811,2020-03-22,48169.69048039215
812,2020-03-23,52051.50993382353
813,2020-03-24,50263.85560294118
814,2020-03-25,49165.13848284313
815,2020-03-26,13269.471703431373
816,2020-03-27,21509.00817156863
817,2020-03-28,27429.750036764708
818,2020-03-29,44408.8230245098
819,2020-03-30,49012.6324877451
820,2020-03-31,49976.87895098039
821,2020-04-01,40066.262710784315
822,2020-04-02,47829.30994117647
823,2020-04-03,53924.71467647059
824,2020-04-04,51834.010098039216
825,2020-04-05,58120.69724509804
826,2020-04-06,52511.45476715686
827,2020-04-07,48697.9573382353
828,2020-04-08,54329.5206127451
829,2020-04-09,51760.8825882353
830,2020-04-10,39322.68090686275
831,2020-04-11,23906.453330882356
832,2020-04-12,30397.35169852941
833,2020-04-13,51687.86005637255
834,2020-04-14,56184.52986519608
835,2020-04-15,43466.63181372549
836,2020-04-16,52539.28427205882
837,2020-04-17,19276.054919117647
838,2020-04-18,43426.184291666665
839,2020-04-19,8974.31824264706
840,2020-04-20,31995.71855637255
841,2020-04-21,55409.5827867647
842,2020-04-22,52885.94904901961
843,2020-04-23,54677.2325490196
844,2020-04-24,58249.45841911765
845,2020-04-25,51282.37647794118
846,2020-04-26,55215.41865686274
847,2020-04-27,51908.727946078434
848,2020-04-28,56290.114654411766
849,2020-04-29,55373.43570833334
850,2020-04-30,50021.62168382353
851,2020-05-01,43112.44043872549
852,2020-05-02,24166.065414215685
853,2020-05-03,19057.44043137255
854,2020-05-04,47565.1648995098
855,2020-05-05,22373.76278921569
856,2020-05-06,55698.67168872549
857,2020-05-07,55752.31749264706
858,2020-05-08,44212.27941911764
859,2020-05-09,9047.01644607843
860,2020-05-10,24086.476531862747
861,2020-05-11,53546.9353872549
862,2020-05-12,50944.5331495098
863,2020-05-13,59436.38641666667
864,2020-05-14,43549.035607843136
865,2020-05-15,6011.413661764706
866,2020-05-16,26712.291968137255
867,2020-05-17,45503.35415931373
868,2020-05-18,26866.21489460784
869,2020-05-19,27382.70869362745
870,2020-05-20,48857.458580882354
871,2020-05-21,47123.42804411765
872,2020-05-22,45914.39544607843
873,2020-05-23,49663.705950980395
874,2020-05-24,30684.224524509806
875,2020-05-25,33873.54137990196
876,2020-05-26,38940.23467401961
877,2020-05-27,55559.09864950981
878,2020-05-28,52408.6902132353
879,2020-05-29,53480.38265196079
880,2020-05-30,42714.808958333335
881,2020-05-31,35313.64869362745
882,2020-06-01,53072.29984803921
883,2020-06-02,40007.61754901961
884,2020-06-03,36123.21099509804
885,2020-06-04,49360.18425490196
886,2020-06-05,43874.245482843144
887,2020-06-06,45653.917953431366
888,2020-06-07,50902.647455882354
889,2020-06-08,55062.274174019614
890,2020-06-09,53062.120416666665
891,2020-06-10,40330.743901960785
892,2020-06-11,40161.61664705882
893,2020-06-12,25565.827708333334
894,2020-06-13,31524.243039215686
895,2020-06-14,27246.56538970588
896,2020-06-15,53535.34733088235
897,2020-06-16,54455.36324509804
898,2020-06-17,34176.06180147059
899,2020-06-18,14307.617928921569
900,2020-06-19,46222.83166176471
901,2020-06-20,47063.1182254902
902,2020-06-21,52026.02181617647
903,2020-06-22,56444.38389460785
904,2020-06-23,48115.35082843137
905,2020-06-24,10633.55805882353
906,2020-06-25,13204.886463235294
907,2020-06-26,47724.21081372548
908,2020-06-27,40789.8300367647
909,2020-06-28,51707.77822303922
910,2020-06-29,15166.663272058824
911,2020-06-30,22195.366218137253
912,2020-07-01,41564.83898039216
913,2020-07-02,44667.348522058826
914,2020-07-03,20994.553590686275
915,2020-07-04,30122.273784313726
916,2020-07-05,37871.079281862745
917,2020-07-06,28364.194598039216
918,2020-07-07,42209.33889215686
919,2020-07-08,49692.589882352935
920,2020-07-09,41743.72527696078
921,2020-07-10,26345.89106372549
922,2020-07-11,36100.444208333334
923,2020-07-12,10655.27030637255
924,2020-07-13,8711.356009803922
925,2020-07-14,19589.835769607842
926,2020-07-15,30304.703865196076
927,2020-07-16,48315.6217132353
928,2020-07-17,52366.96749509804
929,2020-07-18,35159.86611519608
930,2020-07-19,18306.002142156864
931,2020-07-20,20280.603549019608
932,2020-07-21,41852.57659558823
933,2020-07-22,14251.99544117647
934,2020-07-23,6268.6861127450975
935,2020-07-24,17171.753791666666
936,2020-07-25,29884.671220588236
937,2020-07-26,39859.063397058824
938,2020-07-27,17252.291585784315
939,2020-07-28,18832.24881617647
940,2020-07-29,17394.50376470588
941,2020-07-30,25947.19987745098
942,2020-07-31,36910.19351470588
943,2020-08-01,29277.487904411762
944,2020-08-02,28637.403477941178
945,2020-08-03,23246.163867647057
946,2020-08-04,37128.386977941176
947,2020-08-05,27558.130375
948,2020-08-06,11968.596421568627
949,2020-08-07,8211.12124264706
950,2020-08-08,8720.655333333334
951,2020-08-09,30775.054955882355
952,2020-08-10,17702.896156862746
953,2020-08-11,19001.79257598039
954,2020-08-12,28869.05895833333
955,2020-08-13,38086.16157107843
956,2020-08-14,39532.90025735294
957,2020-08-15,41450.938536764705
958,2020-08-16,47784.41675735294
959,2020-08-17,49337.08178186274
960,2020-08-18,51866.5143504902
961,2020-08-19,55870.76744852941
962,2020-08-20,52815.18652205882
963,2020-08-21,44135.20026960785
964,2020-08-22,27530.817171568626
965,2020-08-23,46304.37707352942
966,2020-08-24,48566.034095588235
967,2020-08-25,48212.07833333334
968,2020-08-26,23138.60232598039
969,2020-08-27,27386.667281862745
970,2020-08-28,38060.966963235296
971,2020-08-29,29083.514602941177
972,2020-08-30,41003.25356617647
973,2020-08-31,35074.59369607843
974,2020-09-01,34022.97046813725
975,2020-09-02,8479.12756127451
976,2020-09-03,38805.09459803922
977,2020-09-04,50525.87780147059
978,2020-09-05,16901.68362009804
979,2020-09-06,12255.433897058823
980,2020-09-07,12728.401536764704
981,2020-09-08,42350.942049019606
982,2020-09-09,35191.811970588235
983,2020-09-10,39212.30043872549
984,2020-09-11,14288.575720588236
985,2020-09-12,23537.000578431373
986,2020-09-13,34051.38730882353
987,2020-09-14,43631.34307352941
988,2020-09-15,43002.48162745098
989,2020-09-16,17373.069522058824
990,2020-09-17,14235.772720588235
991,2020-09-18,35281.357767156864
992,2020-09-19,43446.95219607843
993,2020-09-20,53506.35579656863
994,2020-09-21,46944.305879901956
995,2020-09-22,39781.00225245098
996,2020-09-23,28434.91275980392
997,2020-09-24,37699.975210784316
998,2020-09-25,42244.14571078431
999,2020-09-26,45567.49438480392
1000,2020-09-27,49688.64186029412
1001,2020-09-28,51391.19481862745
1002,2020-09-29,43188.62886029411
1003,2020-09-30,41838.09310539216
1004,2020-10-01,38305.97008333333
1005,2020-10-02,37789.68742401961
1006,2020-10-03,29120.5395122549
1007,2020-10-04,18034.313764705883
1008,2020-10-05,51913.937051470595
1009,2020-10-06,54691.96453431373
1010,2020-10-07,45796.4738504902
1011,2020-10-08,51560.24067401961
1012,2020-10-09,47889.38192156863
1013,2020-10-10,43786.09275490196
1014,2020-10-11,33616.56828186275
1015,2020-10-12,38402.86607843137
1016,2020-10-13,34836.53918872549
1017,2020-10-14,31621.80373039216
1018,2020-10-15,43213.74361519608
1019,2020-10-16,14908.78768627451
1020,2020-10-17,46381.501325980396
1021,2020-10-18,47814.48079901961
1022,2020-10-19,43852.24421813725
1023,2020-10-20,46697.2205759804
1024,2020-10-21,11064.037313725492
1025,2020-10-22,21903.09756127451
1026,2020-10-23,47118.73112009803
1027,2020-10-24,51220.004553921564
1028,2020-10-25,43113.877808823534
1029,2020-10-26,42857.928823529415
1030,2020-10-27,39311.43693872549
1031,2020-10-28,31249.040144607843
1032,2020-10-29,44515.20181127451
1033,2020-10-30,44491.13119362745
1034,2020-10-31,40369.76192401961
1035,2020-11-01,8883.742137254902
1036,2020-11-02,33499.737617647064
1037,2020-11-03,40127.325713235296
1038,2020-11-04,49007.04944852941
1039,2020-11-05,37647.32616176471
1040,2020-11-06,10342.14869852941
1041,2020-11-07,32162.407071078433
1042,2020-11-08,44633.43055637255
1043,2020-11-09,45505.848870098045
1044,2020-11-10,44442.96857843137
1045,2020-11-11,43014.13022058823
1046,2020-11-12,41851.92268137255
1047,2020-11-13,36548.44130882353
1048,2020-11-14,35104.33990441176
1049,2020-11-15,35293.36864460784
1050,2020-11-16,32709.327458333333
1051,2020-11-17,18117.992774509803
1052,2020-11-18,11627.684588235294
1053,2020-11-19,3506.954144607843
1054,2020-11-20,11808.956144607842
1055,2020-11-21,32455.14319117647
1056,2020-11-22,5926.822477941177
1057,2020-11-23,30848.583977941176
1058,2020-11-24,30427.150321078432
1059,2020-11-25,38673.00205392157
1060,2020-11-26,29770.253708333334
1061,2020-11-27,16414.922147058824
1062,2020-11-28,30928.250566176474
1063,2020-11-29,21023.181166666665
1064,2020-11-30,33700.67206617647
1065,2020-12-01,39688.12136029412
1066,2020-12-02,28592.65587990196
1067,2020-12-03,31604.46244362745
1068,2020-12-04,33552.29536029411
1069,2020-12-05,30651.74032107843
1070,2020-12-06,35629.76938235294
1071,2020-12-07,16530.278617647058
1072,2020-12-08,30101.37567156863
1073,2020-12-09,35793.34434068628
1074,2020-12-10,16097.150416666667
1075,2020-12-11,19146.259517156865
1076,2020-12-12,35712.55376470588
1077,2020-12-13,13015.19250245098
1078,2020-12-14,23188.43700980392
1079,2020-12-15,28908.575284313727
1080,2020-12-16,27838.137924019607
1081,2020-12-17,34041.20955882353
1082,2020-12-18,19522.81806862745
1083,2020-12-19,40285.01242892157
1084,2020-12-20,30202.06475245098
1085,2020-12-21,25590.570799019606
1086,2020-12-22,25029.74644117647
1087,2020-12-23,19765.19769362745
1088,2020-12-24,32602.553551470588
1089,2020-12-25,33831.22699509804
1090,2020-12-26,29454.650272058825
1091,2020-12-27,12295.576536764705
1092,2020-12-28,34184.2862622549
1093,2020-12-29,13011.990588235294
1094,2020-12-30,18639.356602941178
1095,2020-12-31,22566.39719607843
1096,2021-01-01,18930.379036764705
1097,2021-01-02,32385.82749509804
1098,2021-01-03,27752.160262254904
1099,2021-01-04,28962.87622794118
1100,2021-01-05,23491.42942647059
1101,2021-01-06,32477.98676470588
1102,2021-01-07,17357.49206372549
1103,2021-01-08,19593.796541666667
1104,2021-01-09,21090.028198529413
1105,2021-01-10,22140.43863480392
1106,2021-01-11,11674.690578431373
1107,2021-01-12,25924.880875
1108,2021-01-13,33029.85503921569
1109,2021-01-14,37967.47963480392
1110,2021-01-15,18017.76268627451
1111,2021-01-16,30656.906828431373
1112,2021-01-17,38265.83810784314
1113,2021-01-18,16797.134664215686
1114,2021-01-19,43856.309375000004
1115,2021-01-20,42141.62147303922
1116,2021-01-21,16677.851757352943
1117,2021-01-22,9459.68450245098
1118,2021-01-23,9996.382232843136
1119,2021-01-24,35744.7623382353
1120,2021-01-25,38488.569955882354
1121,2021-01-26,7727.250208333333
1122,2021-01-27,44222.59339705882
1123,2021-01-28,22354.822333333334
1124,2021-01-29,44072.03363235294
1125,2021-01-30,29313.393963235292
1126,2021-01-31,35785.986958333335
1127,2021-02-01,12966.234127450982
1128,2021-02-02,50345.02479901961
1129,2021-02-03,49702.88139215686
1130,2021-02-04,49303.20301960784
1131,2021-02-05,28520.426639705882
1132,2021-02-06,29511.082549019608
1133,2021-02-07,38680.583997549016
1134,2021-02-08,56136.29123529412
1135,2021-02-09,55792.48665931373
1136,2021-02-10,41618.75447303921
1137,2021-02-11,30081.935460784312
1138,2021-02-12,41569.91788970589
1139,2021-02-13,47456.69054166667
1140,2021-02-14,17423.977566176472
1141,2021-02-15,28481.55062745098
1142,2021-02-16,37764.50208823529
1143,2021-02-17,28902.59995343137
1144,2021-02-18,39474.995519607844
1145,2021-02-19,55630.13331617647
1146,2021-02-20,50021.638600490194
1147,2021-02-21,54232.94809803922
1148,2021-02-22,46423.090485294124
1149,2021-02-23,51535.69045833333
1150,2021-02-24,37392.65459803921
1151,2021-02-25,12209.758823529412
1152,2021-02-26,44068.19510539216
1153,2021-02-27,46166.97694852941
1154,2021-02-28,22114.853291666666
1155,2021-03-01,4274.824825980392
1156,2021-03-02,38923.54030392157
1157,2021-03-03,48258.03748039216
1158,2021-03-04,17584.26720833333
1159,2021-03-05,56914.194294117646
1160,2021-03-06,29198.414117647062
1161,2021-03-07,34540.250458333336
1162,2021-03-08,56623.4283504902
1163,2021-03-09,50185.77011764706
1164,2021-03-10,61173.24289705883
1165,2021-03-11,48553.37053186275
1166,2021-03-12,13614.515850490197
1167,2021-03-13,53388.55227941176
1168,2021-03-14,50718.259524509805
1169,2021-03-15,48128.61012499999
1170,2021-03-16,61537.10430637255
1171,2021-03-17,61950.82111519608
1172,2021-03-18,58579.690100490196
1173,2021-03-19,49698.36343137255
1174,2021-03-20,8386.605688725489
1175,2021-03-21,44472.57380637255
1176,2021-03-22,69001.63990931373
1177,2021-03-23,65442.0155759804
1178,2021-03-24,52373.201899509804
1179,2021-03-25,65631.43507107843
1180,2021-03-26,56041.14471568627
1181,2021-03-27,11494.514289215687
1182,2021-03-28,31725.757122549017
1183,2021-03-29,53566.10668137255
1184,2021-03-30,65591.59133578431
1185,2021-03-31,62441.46531127451
1186,2021-04-01,41444.70856127451
1187,2021-04-02,42174.72319117647
1188,2021-04-03,8624.048137254902
1189,2021-04-04,21087.576375
1190,2021-04-05,73256.59176960785
1191,2021-04-06,64694.45961764706
1192,2021-04-07,69654.72662745099
1193,2021-04-08,71175.62370588235
1194,2021-04-09,62579.72371323529
1195,2021-04-10,66075.85534803921
1196,2021-04-11,67673.34629411764
1197,2021-04-12,12372.01305392157
1198,2021-04-13,50955.574723039215
1199,2021-04-14,75339.34675980393
1200,2021-04-15,64881.80284068627
1201,2021-04-16,34392.48847794118
1202,2021-04-17,59459.219188725496
1203,2021-04-18,72588.45715441176
1204,2021-04-19,73822.61020833334
1205,2021-04-20,69361.59010294118
1206,2021-04-21,58951.43300490196
1207,2021-04-22,34900.28646813726
1208,2021-04-23,39578.70161029411
1209,2021-04-24,54895.55759313725
1210,2021-04-25,68713.39787254902
1211,2021-04-26,67589.23421568627
1212,2021-04-27,36017.675799019606
1213,2021-04-28,50052.67857843137
1214,2021-04-29,57347.918061274504
1215,2021-04-30,54659.28900980393
1216,2021-05-01,39326.65074264706
1217,2021-05-02,65951.02774264706
1218,2021-05-03,72931.11941176471
1219,2021-05-04,16584.388272058823
1220,2021-05-05,75423.51471323529
1221,2021-05-06,58273.118674019606
1222,2021-05-07,46233.654705882356
1223,2021-05-08,65955.87407107843
1224,2021-05-09,74580.6982377451
1225,2021-05-10,25870.807659313727
1226,2021-05-11,40143.56332352941
1227,2021-05-12,64838.96207598039
1228,2021-05-13,69359.39103431372
1229,2021-05-14,54651.922144607845
1230,2021-05-15,23169.100117647056
1231,2021-05-16,8501.174382352941
1232,2021-05-17,17960.652210784312
1233,2021-05-18,55310.620708333336
1234,2021-05-19,70049.88147303922
1235,2021-05-20,12961.590656862745
1236,2021-05-21,39370.58150245098
1237,2021-05-22,72822.14414950981
1238,2021-05-23,58673.37655392157
1239,2021-05-24,60836.26785049019
1240,2021-05-25,60565.14074754902
1241,2021-05-26,39917.69856617647
1242,2021-05-27,34776.48563235294
1243,2021-05-28,37832.96451470588
1244,2021-05-29,65439.84610049019
1245,2021-05-30,71591.207125
1246,2021-05-31,55015.54544607843
1247,2021-06-01,61798.6771495098
1248,2021-06-02,58541.269825980395
1249,2021-06-03,14793.987181372548
1250,2021-06-04,72239.97884803922
1251,2021-06-05,61336.833666666666
1252,2021-06-06,64590.34305882353
1253,2021-06-07,54518.08183333334
1254,2021-06-08,61708.102909313726
1255,2021-06-09,65623.74239705881
1256,2021-06-10,35620.0085245098
1257,2021-06-11,39029.05618627451
1258,2021-06-12,57783.92187745098
1259,2021-06-13,60324.537781862746
1260,2021-06-14,47581.62825490197
1261,2021-06-15,16527.69663235294
1262,2021-06-16,47148.4453504902
1263,2021-06-17,30288.490225490197
1264,2021-06-18,23592.39043382353
1265,2021-06-19,69261.06578431373
1266,2021-06-20,67572.71811029412
1267,2021-06-21,66454.64436029411
1268,2021-06-22,53995.58524754902
1269,2021-06-23,44420.69365931373
1270,2021-06-24,53623.373409313725
1271,2021-06-25,63168.598740196074
1272,2021-06-26,46831.19477941176
1273,2021-06-27,58275.65487745099
1274,2021-06-28,52062.423901960785
1275,2021-06-29,54041.2309877451
1276,2021-06-30,49447.71954411765
1277,2021-07-01,62753.87462745098
1278,2021-07-02,50777.09635784313
1279,2021-07-03,14594.75650980392
1280,2021-07-04,25007.521274509803
1281,2021-07-05,22737.406607843135
1282,2021-07-06,21667.558156862746
1283,2021-07-07,22113.56354166667
1284,2021-07-08,36112.78004656862
1285,2021-07-09,46843.63701470588
1286,2021-07-10,47508.350247549024
1287,2021-07-11,39133.58094117647
1288,2021-07-12,52591.65355392156
1289,2021-07-13,51867.68527450981
1290,2021-07-14,49983.27469362745
1291,2021-07-15,58171.25949999999
1292,2021-07-16,58074.85535784314
1293,2021-07-17,52801.0682377451
1294,2021-07-18,50885.855053921565
1295,2021-07-19,52827.40256127451
1296,2021-07-20,53004.956720588234
1297,2021-07-21,66614.61258088234
1298,2021-07-22,64810.07632107843
1299,2021-07-23,61774.10092156863
1300,2021-07-24,59097.900710784306
1301,2021-07-25,57184.92008088235
1302,2021-07-26,59567.815448529414
1303,2021-07-27,66922.8821985294
1304,2021-07-28,64888.52575
1305,2021-07-29,61639.821448529416
1306,2021-07-30,54900.91617647059
1307,2021-07-31,58640.384977941176
1308,2021-08-01,35782.68042892157
1309,2021-08-02,35274.499294117646
1310,2021-08-03,45472.30368137255
1311,2021-08-04,61236.937230392155
1312,2021-08-05,62405.01424264706
1313,2021-08-06,59921.76522794118
1314,2021-08-07,60865.696767156864
1315,2021-08-08,29683.662100490197
1316,2021-08-09,62494.200735294115
1317,2021-08-10,51762.88133088235
1318,2021-08-11,56685.0080367647
1319,2021-08-12,42012.73003921568
1320,2021-08-13,31594.9036495098
1321,2021-08-14,31727.464002450983
1322,2021-08-15,54478.643632352934
1323,2021-08-16,50956.19200735295
1324,2021-08-17,52610.80334313725
1325,2021-08-18,46232.85055637255
1326,2021-08-19,49401.22411764706
1327,2021-08-20,55904.204443627445
1328,2021-08-21,13249.233583333335
1329,2021-08-22,41552.306541666665
1330,2021-08-23,14011.716617647058
1331,2021-08-24,17737.141637254903
1332,2021-08-25,18035.684808823527
1333,2021-08-26,46434.15559313726
1334,2021-08-27,22175.96680637255
1335,2021-08-28,44993.57738970588
1336,2021-08-29,33089.890387254905
1337,2021-08-30,37071.180497549016
1338,2021-08-31,36309.723718137255
1339,2021-09-01,17129.892598039216
1340,2021-09-02,25137.37743382353
1341,2021-09-03,46248.01980637255
1342,2021-09-04,48141.084208333334
1343,2021-09-05,24288.163061274507
1344,2021-09-06,22526.33429166667
1345,2021-09-07,16244.606637254903
1346,2021-09-08,52593.78257843137
1347,2021-09-09,51375.820411764704
1348,2021-09-10,32165.320343137253
1349,2021-09-11,61761.955203431375
1350,2021-09-12,53973.04191666667
1351,2021-09-13,38965.258480392156
1352,2021-09-14,31908.587593137254
1353,2021-09-15,54126.780125000005
1354,2021-09-16,36338.76447549019
1355,2021-09-17,32288.46693872549
1356,2021-09-18,56925.939931372544
1357,2021-09-19,58643.05070098039
1358,2021-09-20,56556.46617156862
1359,2021-09-21,31675.540649509807
1360,2021-09-22,52677.04353431372
1361,2021-09-23,57319.35849264706
1362,2021-09-24,53717.3672254902
1363,2021-09-25,32792.435664215685
1364,2021-09-26,39667.9237867647
1365,2021-09-27,42739.991816176465
1366,2021-09-28,23571.571838235297
1367,2021-09-29,14633.235585784314
1368,2021-09-30,55546.29739950981
1369,2021-10-01,56543.79787990196
1370,2021-10-02,57853.57259558823
1371,2021-10-03,58434.06872549019
1372,2021-10-04,40571.81743627451
1373,2021-10-05,51876.08370343137
1374,2021-10-06,42777.28490686274
1375,2021-10-07,32679.193465686276
1376,2021-10-08,22239.979786764707
1377,2021-10-09,40985.4513504902
1378,2021-10-10,35350.415563725495
1379,2021-10-11,17721.63917892157
1380,2021-10-12,14233.698882352943
1381,2021-10-13,36869.84295098039
1382,2021-10-14,47342.51827205883
1383,2021-10-15,26570.768448529412
1384,2021-10-16,17882.83444852941
1385,2021-10-17,68182.42629411764
1386,2021-10-18,60602.18738235294
1387,2021-10-19,41143.62928186275
1388,2021-10-20,46868.91438970588
1389,2021-10-21,47936.51166666667
1390,2021-10-22,55295.32713235294
1391,2021-10-23,60354.674404411766
1392,2021-10-24,51048.00500735294
1393,2021-10-25,57508.81441176471
1394,2021-10-26,52765.97141666667
1395,2021-10-27,50552.11627941177
1396,2021-10-28,59755.671049019606
1397,2021-10-29,49362.0356372549
1398,2021-10-30,23913.284458333335
1399,2021-10-31,50863.081350490196
1400,2021-11-01,42507.1521127451
1401,2021-11-02,44400.30328431372
1402,2021-11-03,46593.97094362745
1403,2021-11-04,45179.56455147059
1404,2021-11-05,37497.982053921565
1405,2021-11-06,46501.436757352945
1406,2021-11-07,45697.03209803922
1407,2021-11-08,10766.633276960785
1408,2021-11-09,19516.765169117647
1409,2021-11-10,18088.773710784313
1410,2021-11-11,27454.850230392156
1411,2021-11-12,34842.93008578431
1412,2021-11-13,44006.44919362746
1413,2021-11-14,40437.07958823529
1414,2021-11-15,43914.08431862745
1415,2021-11-16,43526.157879901955
1416,2021-11-17,49767.66399754902
1417,2021-11-18,39996.30460294117
1418,2021-11-19,38113.937041666664
1419,2021-11-20,33861.56921568627
1420,2021-11-21,15961.003828431372
1421,2021-11-22,26400.925539215685
1422,2021-11-23,25450.66006372549
1423,2021-11-24,31290.16793382353
1424,2021-11-25,42137.18803921568
1425,2021-11-26,49537.77910294118
1426,2021-11-27,52444.53537745098
1427,2021-11-28,47483.88670833333
1428,2021-11-29,42349.966049019604
1429,2021-11-30,4116.357553921569
1430,2021-12-01,34310.05659803921
1431,2021-12-02,35030.36721813725
1432,2021-12-03,33743.893872549015
1433,2021-12-04,34295.88773284314
1434,2021-12-05,46248.51724509804
1435,2021-12-06,42347.686845588236
1436,2021-12-07,42143.13145343138
1437,2021-12-08,44958.04032843137
1438,2021-12-09,23703.362250000002
1439,2021-12-10,23731.17467892157
1440,2021-12-11,26202.86487254902
1441,2021-12-12,28135.824352941174
1442,2021-12-13,47103.068997549024
1443,2021-12-14,31943.425384803922
1444,2021-12-15,27007.515625
1445,2021-12-16,16588.5131127451
1446,2021-12-17,26181.497036764704
1447,2021-12-18,34066.913029411764
1448,2021-12-19,38234.96986764706
1449,2021-12-20,31850.301318627447
1450,2021-12-21,35800.607159313724
1451,2021-12-22,48384.29661274509
1452,2021-12-23,43753.24121078432
1453,2021-12-24,18328.653338235294
1454,2021-12-25,31601.597458333334
1455,2021-12-26,33490.29939215686
1456,2021-12-27,29791.107865196078
1457,2021-12-28,21190.404830882355
1458,2021-12-29,23236.987325980394
1459,2021-12-30,36399.13050980392
1460,2021-12-31,37459.34792401961
