,year,month,지점명,기온(°C),풍속(m/s),습도(%)
0,2011,1,강릉,-2.8341397849462364,3.68252688172043,37.88575268817204
1,2011,1,강진군,-2.7434139784946234,3.306182795698925,64.16841397849463
2,2011,1,강화,-8.252284946236559,1.7653225806451613,59.04838709677419
3,2011,1,거제,-0.6116935483870968,2.395698924731183,42.23118279569893
4,2011,1,거창,-5.304032258064516,1.9766129032258064,53.95161290322581
5,2011,1,경주시,-3.4548387096774196,3.772715053763441,40.85228494623656
6,2011,1,고산,2.4446236559139782,12.178360215053765,60.22715053763441
7,2011,1,고창,-4.068279569892473,2.9153225806451615,72.12983870967741
8,2011,1,고창군,-4.274731182795699,1.7033602150537634,71.23024193548387
9,2011,1,고흥,-1.714784946236559,3.0625,53.638440860215056
10,2011,1,광주,-3.4120967741935484,2.0961021505376345,62.22674731182795
11,2011,1,구미,-4.13252688172043,2.8219086021505375,43.27284946236559
12,2011,1,군산,-4.5572580645161285,1.9583333333333333,71.4758064516129
13,2011,1,금산,-7.300806451612903,1.1600806451612904,63.93817204301075
14,2011,1,김해시,-1.355510752688172,3.115725806451613,37.41129032258065
15,2011,1,남원,-6.267338709677419,1.548521505376344,66.91935483870968
16,2011,1,남해,-1.5102150537634407,1.6987903225806453,44.2755376344086
17,2011,1,대관령,-11.221505376344085,4.4750000000000005,61.336021505376344
18,2011,1,대구,-2.5065860215053766,2.8591397849462363,39.50672043010753
19,2011,1,대전,-5.720833333333333,1.6036290322580644,59.61827956989247
20,2011,1,동두천,-8.806048387096775,1.2026881720430107,56.678763440860216
21,2011,1,동해,-2.345698924731183,3.163575268817204,37.23615591397849
22,2011,1,목포,-2.3596774193548384,3.6936827956989244,78.01612903225806
23,2011,1,문경,-5.703494623655914,2.99005376344086,44.458333333333336
24,2011,1,밀양,-3.1946236559139787,1.8028225806451612,42.276881720430104
25,2011,1,백령도,-4.3802419354838715,4.458870967741936,61.40120967741935
26,2011,1,보령,-4.53687074829932,1.8048979591836734,63.24625850340136
27,2011,1,보성군,-1.8865591397849462,5.019354838709678,52.62231182795699
28,2011,1,보은,-8.138440860215054,1.6563172043010752,64.23387096774194
29,2011,1,봉화,-8.129166666666666,1.936290322580645,54.40725806451613
30,2011,1,부산,-0.7540322580645161,3.589247311827957,34.918010752688176
31,2011,1,부안,-5.135483870967742,1.2559139784946236,71.0013440860215
32,2011,1,부여,-5.830241935483871,1.2919354838709678,62.560483870967744
33,2011,1,북강릉,-3.732930107526882,2.6836021505376344,41.233870967741936
34,2011,1,북창원,-1.9111559139784948,2.219220430107527,35.689516129032256
35,2011,1,산청,-2.631989247311828,3.545698924731183,43.06586021505376
36,2011,1,상주,-5.103763440860215,3.079032258064516,45.22043010752688
37,2011,1,서귀포,3.9891129032258066,2.2766129032258062,61.38709677419355
38,2011,1,서산,-5.202419354838709,2.6354838709677417,66.19852150537633
39,2011,1,서울,-7.211827956989247,2.802016129032258,53.74731182795699
40,2011,1,성산,2.3681451612903226,3.5408602150537636,68.3225806451613
41,2011,1,속초,-2.7568548387096774,2.7155913978494626,33.29838709677419
42,2011,1,수원,-7.249327956989247,1.5353494623655914,65.03091397849462
43,2011,1,순창군,-5.984543010752688,1.977284946236559,66.05510752688173
44,2011,1,안동,-5.531989247311828,2.446774193548387,50.016129032258064
45,2011,1,양산시,-0.5326612903225807,2.511559139784946,34.030913978494624
46,2011,1,양평,-8.428225806451614,1.4278225806451612,64.84543010752688
47,2011,1,여수,-1.4995967741935485,5.917741935483871,42.071236559139784
48,2011,1,영광군,-4.36505376344086,2.4516129032258065,70.03561827956989
49,2011,1,영덕,-2.60241935483871,4.510618279569893,35.84610215053763
50,2011,1,영월,-7.955107526881721,1.4201612903225804,56.9991935483871
51,2011,1,영주,-6.178629032258064,4.847043010752688,49.189516129032256
52,2011,1,영천,-3.7934139784946237,3.262768817204301,42.88575268817204
53,2011,1,완도,-1.389247311827957,3.8856182795698926,59.02594086021506
54,2011,1,울릉도,-1.359274193548387,3.7923387096774195,68.17594086021505
55,2011,1,울산,-1.9130376344086022,2.9263440860215053,42.06586021505376
56,2011,1,울진,-2.2963709677419355,3.3631720430107523,40.81317204301075
57,2011,1,원주,-7.763709677419355,1.2086021505376345,54.99596774193548
58,2011,1,의령군,-3.592204301075269,1.6653225806451613,51.39650537634409
59,2011,1,의성,-6.977016129032258,1.5543010752688173,55.03360215053763
60,2011,1,이천,-8.541935483870967,1.3280913978494624,62.439516129032256
61,2011,1,인제,-10.380913978494624,1.6435483870967742,59.83776881720431
62,2011,1,인천,-5.613037634408602,3.7001344086021506,55.401881720430104
63,2011,1,임실,-8.245698924731183,1.4733870967741935,66.61424731182795
64,2011,1,장수,-8.806854838709677,2.0083333333333333,68.63951612903226
65,2011,1,장흥,-2.4028225806451613,3.776478494623656,59.68185483870968
66,2011,1,전주,-4.8607526881720435,1.8237903225806453,62.99475806451613
67,2011,1,정선군,-8.701747311827958,2.0448924731182796,59.50268817204301
68,2011,1,정읍,-4.905241935483871,1.1641129032258064,66.56182795698925
69,2011,1,제주,2.349731182795699,5.013172043010753,62.729838709677416
70,2011,1,제천,-10.124327956989248,1.5830645161290322,63.361559139784944
71,2011,1,주암,-3.7594086021505375,2.1721774193548384,63.60349462365591
72,2011,1,진도(첨찰산),-4.931586021505376,5.197177419354839,82.71370967741936
73,2011,1,진주,-3.228494623655914,1.0638440860215055,47.130376344086024
74,2011,1,창원,-1.126747311827957,2.5670698924731186,39.461021505376344
75,2011,1,천안,-6.932930107526882,2.261559139784946,64.68548387096774
76,2011,1,철원,-11.461290322580647,1.271774193548387,65.22083333333333
77,2011,1,청송군,-6.396236559139785,2.211693548387097,52.90725806451613
78,2011,1,청주,-5.930510752688172,1.2083333333333333,61.44220430107527
79,2011,1,추풍령,-5.82513440860215,4.696102150537635,58.75510752688172
80,2011,1,춘천,-9.496236559139785,0.7372311827956989,65.08185483870967
81,2011,1,충주,-7.981854838709677,1.57531914893617,60.134408602150536
82,2011,1,태백,-8.527016129032258,1.8201612903225808,48.223118279569896
83,2011,1,통영,-0.6470430107526881,2.865456989247312,44.69086021505376
84,2011,1,파주,-10.623387096774193,1.1295698924731183,64.80645161290323
85,2011,1,포항,-1.5793010752688172,2.7908602150537636,43.840053763440864
86,2011,1,함양군,-3.8176075268817207,2.8271505376344086,45.43413978494624
87,2011,1,합천,-3.877956989247312,1.3913978494623656,53.08736559139785
88,2011,1,해남,-2.67755376344086,2.077284946236559,68.25268817204301
89,2011,1,홍천,-9.57513440860215,1.0994623655913978,60.87405913978495
90,2011,1,흑산도,0.4274193548387097,7.557258064516129,63.70295698924731
91,2011,2,강릉,2.5043154761904765,2.1940476190476192,61.498511904761905
92,2011,2,강진군,2.6821428571428574,2.612202380952381,67.84672619047619
93,2011,2,강화,-0.7839285714285713,1.7108597285067872,65.36309523809524
94,2011,2,거제,4.808779761904762,1.5892857142857142,64.48809523809524
95,2011,2,거창,0.7706845238095238,1.2151785714285714,62.59077380952381
96,2011,2,경주시,1.8049107142857144,2.3566964285714285,70.69494047619048
97,2011,2,고산,7.141220238095237,7.414880952380953,63.57440476190476
98,2011,2,고창,1.9035714285714287,2.252529761904762,75.6264880952381
99,2011,2,고창군,2.1194940476190474,1.4441964285714286,70.63839285714286
100,2011,2,고흥,3.6653273809523808,1.7264880952380952,62.04017857142857
101,2011,2,광주,3.1308035714285714,1.5690476190476192,64.77380952380952
102,2011,2,구미,2.0019345238095236,1.4808035714285714,52.23363095238095
103,2011,2,군산,1.2730654761904763,1.5732142857142857,77.52529761904762
104,2011,2,금산,-0.11071428571428572,0.8800595238095238,67.07142857142857
105,2011,2,김해시,5.665327380952381,2.0510416666666664,57.214285714285715
106,2011,2,남원,0.7046130952380952,1.0336309523809524,68.63541666666667
107,2011,2,남해,4.161458333333333,1.2580357142857141,60.08184523809524
108,2011,2,대관령,-3.5333333333333337,2.895238095238095,70.25
109,2011,2,대구,4.173809523809524,1.884375,52.308035714285715
110,2011,2,대전,1.7004464285714287,1.4273809523809524,60.339285714285715
111,2011,2,동두천,-0.10193452380952381,0.9372023809523808,55.169642857142854
112,2011,2,동해,2.5267857142857144,2.444345238095238,64.01636904761905
113,2011,2,목포,2.3651785714285714,3.0302083333333334,80.35863095238095
114,2011,2,문경,1.5153273809523808,1.799404761904762,53.058035714285715
115,2011,2,밀양,3.0302083333333334,1.3375,60.572916666666664
116,2011,2,백령도,-0.1037202380952381,3.4595238095238097,69.61458333333333
117,2011,2,보령,1.1061011904761904,1.4927083333333333,67.95982142857143
118,2011,2,보성군,3.4778273809523808,3.769345238095238,61.401785714285715
119,2011,2,보은,-0.08482142857142856,1.190029761904762,66.00744047619048
120,2011,2,봉화,-1.2203869047619047,1.3153273809523809,67.51339285714286
121,2011,2,부산,6.080505952380952,3.0986607142857148,56.27232142857143
122,2011,2,부안,1.0873511904761906,1.3114583333333332,77.91815476190476
123,2011,2,부여,1.1953869047619048,1.0623511904761904,63.129464285714285
124,2011,2,북강릉,1.5901785714285712,1.92370820668693,65.77827380952381
125,2011,2,북창원,4.405952380952381,1.5020833333333332,56.291666666666664
126,2011,2,산청,2.676488095238095,1.5101190476190476,55.36011904761905
127,2011,2,상주,1.7227678571428573,1.7866071428571426,53.58184523809524
128,2011,2,서귀포,8.939880952380953,2.289732142857143,66.35863095238095
129,2011,2,서산,0.7967261904761904,2.1498511904761903,70.26666666666667
130,2011,2,서울,1.181547619047619,2.6013392857142854,55.186011904761905
131,2011,2,성산,7.3879464285714285,3.325,68.85565476190476
132,2011,2,속초,2.0706845238095237,2.225595238095238,61.93452380952381
133,2011,2,수원,0.5619047619047619,1.3641369047619047,70.125
134,2011,2,순창군,1.1144345238095237,1.5072916666666667,68.0
135,2011,2,안동,1.4410714285714286,1.430952380952381,62.958333333333336
136,2011,2,양산시,5.026636904761905,2.4583333333333335,57.455357142857146
137,2011,2,양평,-0.037500000000000006,1.1434523809523809,67.58630952380952
138,2011,2,여수,4.902083333333333,3.8022321428571426,55.00892857142857
139,2011,2,영광군,1.1186567164179104,2.066268656716418,73.02537313432836
140,2011,2,영덕,3.499107142857143,2.98125,59.59970238095238
141,2011,2,영월,0.2989583333333333,1.1163690476190478,61.32886904761905
142,2011,2,영주,0.59375,2.6342261904761903,60.04613095238095
143,2011,2,영천,1.9194940476190478,1.584970238095238,63.388392857142854
144,2011,2,완도,4.076636904761905,2.617857142857143,62.72767857142857
145,2011,2,울릉도,2.8802083333333335,4.658035714285714,68.55654761904762
146,2011,2,울산,4.2266369047619055,1.9308035714285714,65.1235119047619
147,2011,2,울진,2.8052083333333333,3.2513392857142858,65.875
148,2011,2,원주,0.74375,1.1038690476190476,58.517857142857146
149,2011,2,의령군,2.329315476190476,0.9007440476190476,65.99404761904762
150,2011,2,의성,0.025000000000000015,0.8488095238095238,65.01190476190476
151,2011,2,이천,-0.20625,1.1419642857142858,66.04613095238095
152,2011,2,인제,-1.7425595238095237,1.6575892857142858,65.71130952380952
153,2011,2,인천,1.347172619047619,2.6848214285714285,63.876488095238095
154,2011,2,임실,-0.5224702380952382,1.178422619047619,67.83184523809524
155,2011,2,장수,-0.5723214285714286,1.359970238095238,70.91369047619048
156,2011,2,장흥,2.996875,2.460267857142857,64.43005952380952
157,2011,2,전주,2.0316964285714283,1.4855654761904762,67.16369047619048
158,2011,2,정선군,-1.3116071428571427,1.2732142857142859,69.9389880952381
159,2011,2,정읍,1.7272321428571429,1.180952380952381,67.73363095238095
160,2011,2,제주,6.974255952380952,3.09375,66.17559523809524
161,2011,2,제천,-1.5342261904761905,1.3595238095238096,67.03125
162,2011,2,주암,2.0232142857142854,1.2456845238095238,68.26636904761905
163,2011,2,진도(첨찰산),1.509077380952381,5.212121212121212,71.80059523809524
164,2011,2,진주,2.473363095238095,0.9775297619047618,61.40327380952381
165,2011,2,창원,4.963690476190476,1.7346726190476192,56.88690476190476
166,2011,2,천안,0.8089285714285714,1.9191964285714287,65.27529761904762
167,2011,2,철원,-1.6306547619047618,1.3723214285714287,66.40922619047619
168,2011,2,청송군,-0.2980654761904762,0.8709821428571428,71.27678571428571
169,2011,2,청주,1.7613095238095238,1.1120535714285713,61.26636904761905
170,2011,2,추풍령,1.2680059523809524,2.9066964285714283,61.45238095238095
171,2011,2,춘천,-0.6336309523809524,0.6757440476190476,66.5297619047619
172,2011,2,충주,-0.08675595238095238,1.2808035714285715,64.17113095238095
173,2011,2,태백,-1.5608630952380953,1.4885416666666667,62.254464285714285
174,2011,2,통영,4.895833333333333,2.2443452380952382,66.66071428571429
175,2011,2,파주,-1.280654761904762,1.271875,66.91071428571429
176,2011,2,포항,5.026488095238095,1.9736607142857143,64.31994047619048
177,2011,2,함양군,1.3313988095238096,1.1822916666666667,58.12217261904762
178,2011,2,합천,2.1834821428571427,1.0953869047619047,61.5625
179,2011,2,해남,2.2486607142857142,2.0005952380952383,71.52529761904762
180,2011,2,홍천,-0.5608630952380952,0.9361607142857143,62.104166666666664
181,2011,2,흑산도,3.594642857142857,5.163541666666667,70.88095238095238
182,2011,3,강릉,5.4037634408602155,2.9254032258064515,46.655913978494624
183,2011,3,강진군,4.787096774193548,3.3561827956989245,57.68010752688172
184,2011,3,강화,3.084274193548387,2.731586021505376,57.01478494623656
185,2011,3,거제,6.846774193548387,2.2743279569892474,48.30107526881721
186,2011,3,거창,3.808198924731183,2.5211021505376343,49.72849462365591
187,2011,3,경주시,5.130510752688172,3.5010752688172047,45.88306451612903
188,2011,3,고산,7.534408602150538,9.18736559139785,58.25712365591398
189,2011,3,고창,4.176881720430107,3.241532258064516,63.34892473118279
190,2011,3,고창군,4.5532258064516125,2.1528225806451613,59.06182795698925
191,2011,3,고흥,5.827016129032258,2.7366935483870964,51.95295698924731
192,2011,3,광양시,6.992521994134897,2.5519823788546256,47.24574780058651
193,2011,3,광주,5.29744623655914,2.245967741935484,56.26209677419355
194,2011,3,구미,5.430675675675675,2.6424324324324324,37.013513513513516
195,2011,3,군산,4.014919354838709,3.432258064516129,69.08333333333333
196,2011,3,금산,3.2391129032258066,1.7668010752688172,51.96236559139785
197,2011,3,김해시,7.963978494623656,2.6896505376344084,41.62096774193548
198,2011,3,남원,3.345295698924731,2.16747311827957,56.79838709677419
199,2011,3,남해,6.709005376344086,1.9033602150537634,44.43279569892473
200,2011,3,대관령,-1.3563172043010754,4.405376344086021,58.405913978494624
201,2011,3,대구,6.971639784946236,2.5948924731182794,35.17741935483871
202,2011,3,대전,4.4702956989247316,2.372983870967742,48.840053763440864
203,2011,3,동두천,3.039516129032258,1.9131720430107528,48.674731182795696
204,2011,3,동해,5.075268817204301,2.8875,49.581989247311824
205,2011,3,목포,4.750672043010753,4.222715053763441,70.08602150537635
206,2011,3,문경,4.450403225806451,2.788306451612903,40.83870967741935
207,2011,3,밀양,5.882123655913979,2.1159946236559137,43.221774193548384
208,2011,3,백령도,2.9788978494623657,5.182795698924731,59.212096774193554
209,2011,3,보령,3.4521505376344086,1.9086021505376345,64.24596774193549
210,2011,3,보성군,5.528360215053764,4.4672043010752684,51.539112903225806
211,2011,3,보은,2.817204301075269,2.2065860215053763,53.50268817204301
212,2011,3,봉화,1.8013440860215055,1.8748655913978496,53.78225806451613
213,2011,3,부산,7.419086021505376,3.576747311827957,42.46370967741935
214,2011,3,부안,3.9560483870967746,2.216801075268817,64.8239247311828
215,2011,3,부여,3.916532258064516,1.7932795698924733,58.01075268817204
216,2011,3,북강릉,4.349327956989248,2.5104838709677417,46.61021505376344
217,2011,3,북창원,6.790591397849462,2.020430107526882,39.50268817204301
218,2011,3,산청,5.640456989247312,3.1321236559139787,42.61021505376344
219,2011,3,상주,4.834677419354839,2.924059139784946,39.70161290322581
220,2011,3,서귀포,9.241263440860216,2.499462365591398,54.1505376344086
221,2011,3,서산,3.419489247311828,3.4826612903225804,64.16935483870968
222,2011,3,서울,3.5829301075268813,3.4611559139784944,51.053225806451614
223,2011,3,성산,7.546774193548387,3.5646505376344084,56.168010752688176
224,2011,3,속초,5.203763440860215,2.746908602150538,44.829301075268816
225,2011,3,수원,3.487768817204301,2.1868279569892475,62.70967741935484
226,2011,3,순창군,3.932795698924731,2.602284946236559,54.39381720430107
227,2011,3,안동,4.529032258064516,2.4428763440860215,46.70564516129032
228,2011,3,양산시,7.294892473118279,2.78252688172043,40.51075268817204
229,2011,3,양평,3.5591397849462365,1.973521505376344,55.28225806451613
230,2011,3,여수,6.320161290322581,5.13494623655914,44.93413978494624
231,2011,3,영광군,3.8608870967741935,2.972983870967742,61.05779569892473
232,2011,3,영덕,5.790860215053763,3.6666666666666665,43.538978494623656
233,2011,3,영월,3.226747311827957,1.7666666666666668,50.04825268817204
234,2011,3,영주,3.9118279569892476,4.243145161290323,46.51075268817204
235,2011,3,영천,5.193817204301075,2.5786290322580645,44.126344086021504
236,2011,3,완도,5.811155913978495,3.7774193548387096,53.52284946236559
237,2011,3,울릉도,3.763709677419355,4.0317204301075265,61.29435483870968
238,2011,3,울산,6.645161290322581,2.6036290322580644,46.041666666666664
239,2011,3,울진,5.048387096774194,3.0495967741935486,51.766129032258064
240,2011,3,원주,3.7096774193548385,2.0111559139784947,50.13306451612903
241,2011,3,의령군,5.681989247311828,2.3321236559139784,49.79435483870968
242,2011,3,의성,3.518682795698925,1.8759408602150538,50.098118279569896
243,2011,3,이천,3.3594086021505376,2.1052419354838707,54.05241935483871
244,2011,3,인제,1.6606182795698925,2.04005376344086,56.0481182795699
245,2011,3,인천,4.135752688172043,4.23266129032258,59.020161290322584
246,2011,3,임실,1.918010752688172,2.075268817204301,56.19489247311828
247,2011,3,장수,2.0669354838709677,2.5658602150537635,58.001344086021504
248,2011,3,장흥,5.150537634408602,3.588306451612903,53.98790322580645
249,2011,3,전주,4.481854838709677,2.3315860215053763,54.293010752688176
250,2011,3,정선군,2.0553763440860218,2.5754032258064514,53.818548387096776
251,2011,3,정읍,4.374327956989247,1.8693548387096774,54.100806451612904
252,2011,3,제주,7.718145161290323,3.844758064516129,54.81317204301075
253,2011,3,제천,1.6711021505376344,2.2010752688172044,55.689516129032256
254,2011,3,주암,4.798118279569893,2.3844086021505375,54.961021505376344
255,2011,3,진도(첨찰산),2.872983870967742,5.4702956989247316,65.38978494623656
256,2011,3,진주,5.374731182795699,1.6358870967741934,48.299731182795696
257,2011,3,창원,7.0875,2.1334677419354837,42.19489247311828
258,2011,3,천안,3.545698924731183,3.0533602150537633,55.825268817204304
259,2011,3,철원,2.0944892473118277,2.1725806451612906,56.971774193548384
260,2011,3,청송군,3.084005376344086,2.1676075268817203,52.10349462365591
261,2011,3,청주,4.47741935483871,1.7064516129032257,50.403225806451616
262,2011,3,추풍령,3.9521505376344086,3.9336021505376344,48.38575268817204
263,2011,3,춘천,3.138978494623656,1.305241935483871,55.354838709677416
264,2011,3,충주,3.179032258064516,2.1830645161290323,52.16935483870968
265,2011,3,태백,0.6233870967741936,1.8801075268817204,48.774193548387096
266,2011,3,통영,6.663844086021505,2.773790322580645,53.24327956989247
267,2011,3,파주,2.6818548387096772,1.9108870967741935,57.75403225806452
268,2011,3,포항,7.356989247311828,2.4018817204301075,43.51881720430107
269,2011,3,함양군,4.825806451612904,2.7366935483870964,50.314516129032256
270,2011,3,합천,5.612096774193548,1.7612903225806453,46.28763440860215
271,2011,3,해남,4.463440860215054,2.2497311827956987,61.153225806451616
272,2011,3,홍천,2.860752688172043,1.6318548387096774,51.833333333333336
273,2011,3,흑산도,5.286962365591398,5.802956989247312,63.15860215053763
274,2011,4,강릉,11.725277777777778,3.007083333333333,53.27916666666667
275,2011,4,강진군,11.037916666666668,3.1358333333333337,66.55972222222222
276,2011,4,강화,8.970972222222223,2.47375,63.67777777777778
277,2011,4,거제,12.66125,2.46625,61.65833333333333
278,2011,4,거창,10.995833333333334,2.3226388888888887,57.605555555555554
279,2011,4,경주시,11.479861111111111,3.2255555555555557,60.205555555555556
280,2011,4,고산,12.227361111111112,6.532361111111111,72.91111111111111
281,2011,4,고창,10.739166666666666,3.255138888888889,70.35138888888889
282,2011,4,고창군,11.317777777777778,2.189166666666667,64.35597222222222
283,2011,4,고흥,12.124027777777776,2.5027777777777778,59.94583333333333
284,2011,4,광양시,13.191666666666666,2.254166666666667,56.96111111111111
285,2011,4,광주,12.206666666666665,2.3531944444444446,62.168055555555554
286,2011,4,구미,12.369166666666665,2.142361111111111,43.356944444444444
287,2011,4,군산,10.118333333333332,2.859722222222222,75.93611111111112
288,2011,4,금산,10.407361111111111,1.7049999999999998,55.5875
289,2011,4,김해시,14.358194444444443,2.66125,54.98888888888889
290,2011,4,남원,10.697916666666666,2.0629166666666667,60.519444444444446
291,2011,4,남해,13.118611111111111,1.9975,55.67638888888889
292,2011,4,대관령,5.6873611111111115,4.241527777777778,62.88194444444444
293,2011,4,대구,13.709722222222222,2.478611111111111,45.584722222222226
294,2011,4,대전,11.576805555555554,2.131527777777778,53.018055555555556
295,2011,4,동두천,9.820416666666667,1.6822222222222223,52.47208333333334
296,2011,4,동해,11.070972222222222,3.240138888888889,57.99583333333333
297,2011,4,목포,10.5025,3.4480555555555554,77.16111111111111
298,2011,4,문경,11.105555555555556,2.2241666666666666,47.98888888888889
299,2011,4,밀양,12.450972222222223,2.1106944444444444,56.047222222222224
300,2011,4,백령도,7.702361111111111,5.302638888888889,65.94583333333334
301,2011,4,보령,9.436666666666666,2.178472222222222,69.03611111111111
302,2011,4,보성군,11.87861111111111,3.7090277777777776,61.10138888888889
303,2011,4,보은,10.117222222222221,1.8311111111111111,56.77916666666667
304,2011,4,봉화,8.528951048951049,1.7387412587412587,60.44615384615385
305,2011,4,부산,13.037777777777778,4.242777777777778,58.55416666666667
306,2011,4,부안,10.241111111111111,2.33125,69.80833333333334
307,2011,4,부여,10.940138888888889,1.7925,59.56111111111111
308,2011,4,북강릉,11.019444444444444,2.8644444444444446,52.045833333333334
309,2011,4,북창원,12.961944444444445,1.8716666666666666,54.986111111111114
310,2011,4,산청,12.447777777777777,2.4633333333333334,52.50416666666667
311,2011,4,상주,11.5,2.3444444444444446,48.290277777777774
312,2011,4,서귀포,14.152083333333334,2.6445833333333333,62.48888888888889
313,2011,4,서산,9.460277777777778,3.401111111111111,66.95833333333333
314,2011,4,서울,10.690694444444444,3.271388888888889,54.19166666666667
315,2011,4,성산,13.069583333333334,3.748611111111111,66.07916666666667
316,2011,4,속초,11.382222222222223,3.2070833333333333,53.22361111111111
317,2011,4,수원,10.090555555555556,2.0255555555555556,66.58194444444445
318,2011,4,순창군,11.303472222222222,2.3890277777777778,58.40555555555556
319,2011,4,순천,11.146036161335187,2.3611961057023643,61.331015299026426
320,2011,4,안동,11.511527777777777,2.193611111111111,52.865
321,2011,4,양산시,13.419027777777778,3.3025,54.28888888888889
322,2011,4,양평,10.5163610719323,1.7925246826516221,57.81805359661495
323,2011,4,여수,12.256527777777778,4.452083333333333,57.34305555555556
324,2011,4,영광군,10.287916666666668,2.839722222222222,67.1763888888889
325,2011,4,영덕,12.022361111111111,3.3898611111111108,55.71666666666667
326,2011,4,영월,10.591111111111111,1.672777777777778,53.02916666666667
327,2011,4,영주,10.612361111111111,3.095555555555556,51.980555555555554
328,2011,4,영천,11.750416666666666,2.2806944444444444,54.6875
329,2011,4,완도,11.885138888888887,3.558888888888889,64.3125
330,2011,4,울릉도,9.538194444444445,5.475833333333333,63.86944444444445
331,2011,4,울산,12.60736111111111,2.638888888888889,60.09305555555556
332,2011,4,울진,10.946527777777778,3.3466666666666667,61.513888888888886
333,2011,4,원주,11.103333333333333,1.8672222222222223,52.516666666666666
334,2011,4,의령군,12.247361111111111,2.0829166666666667,59.90555555555556
335,2011,4,의성,10.911388888888888,1.7354166666666666,54.63055555555555
336,2011,4,이천,10.250555555555556,1.8910987482614743,57.80138888888889
337,2011,4,인제,8.65236111111111,2.3456944444444447,60.3
338,2011,4,인천,9.963194444444444,3.3948611111111116,65.4875
339,2011,4,임실,9.363888888888889,2.1145833333333335,59.62361111111111
340,2011,4,장수,9.427222222222223,2.472361111111111,60.40138888888889
341,2011,4,장흥,11.579305555555557,2.9559722222222224,63.35
342,2011,4,전주,11.630972222222221,2.3518055555555555,57.422222222222224
343,2011,4,정선군,9.073611111111111,2.290138888888889,57.87222222222222
344,2011,4,정읍,11.437222222222221,1.8788888888888888,57.16111111111111
345,2011,4,제주,13.113055555555555,3.2113888888888886,62.80555555555556
346,2011,4,제천,9.06875,1.9541666666666666,56.32361111111111
347,2011,4,주암,12.710561797752808,2.21438202247191,60.970786516853934
348,2011,4,진도(첨찰산),9.502638888888889,5.335416666666666,64.55555555555556
349,2011,4,진주,12.01736111111111,1.6112499999999998,59.4
350,2011,4,창원,12.914027777777779,2.3918055555555555,57.65138888888889
351,2011,4,천안,10.55888888888889,2.6818055555555556,55.63194444444444
352,2011,4,철원,9.057222222222222,2.30625,57.77777777777778
353,2011,4,청송군,10.004166666666666,1.891527777777778,59.31805555555555
354,2011,4,청주,11.855,1.70875,52.61388888888889
355,2011,4,추풍령,10.897222222222222,3.277222222222222,54.010555555555555
356,2011,4,춘천,10.099305555555556,1.292638888888889,57.77777777777778
357,2011,4,충주,10.585972222222221,1.9601388888888889,53.954166666666666
358,2011,4,태백,7.5855555555555565,2.21864161849711,54.85208333333333
359,2011,4,통영,12.189861111111112,2.904166666666667,66.93333333333334
360,2011,4,파주,9.139583333333333,1.7381944444444444,61.794444444444444
361,2011,4,포항,13.373194444444445,2.3897222222222223,56.016666666666666
362,2011,4,함양군,11.620555555555555,2.0683333333333334,58.22222222222222
363,2011,4,합천,12.680694444444445,1.9484722222222224,53.980555555555554
364,2011,4,해남,10.594999999999999,2.3170868347338938,69.10416666666667
365,2011,4,홍천,10.014166666666666,1.5125,55.576388888888886
366,2011,4,흑산도,9.615972222222222,5.16625,75.38055555555556
367,2011,5,강릉,16.02728494623656,2.0778225806451616,65.43413978494624
368,2011,5,강진군,17.418279569892473,2.895295698924731,73.62540322580645
369,2011,5,강화,16.163575268817205,2.3775537634408606,66.61424731182795
370,2011,5,거제,17.343951612903226,2.2024193548387094,71.86021505376344
371,2011,5,거창,16.703629032258064,2.151478494623656,70.29704301075269
372,2011,5,경주시,16.532526881720432,2.9908602150537633,69.31451612903226
373,2011,5,고산,17.224327956989246,5.591935483870968,81.16129032258064
374,2011,5,고창,18.386290322580646,3.1711021505376347,72.37043010752689
375,2011,5,고창군,18.448521505376345,1.951478494623656,66.02956989247312
376,2011,5,고흥,17.730913978494623,1.962231182795699,71.15591397849462
377,2011,5,광양시,18.35322580645161,2.0803763440860212,69.13790322580645
378,2011,5,광주,18.991666666666667,2.531182795698925,66.46236559139786
379,2011,5,구미,17.946908602150536,1.721236559139785,56.18010752688172
380,2011,5,군산,17.441532258064516,2.629704301075269,73.09543010752688
381,2011,5,금산,17.27983870967742,1.5365591397849463,60.90456989247312
382,2011,5,김해시,19.249059139784944,2.345295698924731,66.26478494623656
383,2011,5,남원,17.75577956989247,2.041532258064516,64.95779569892473
384,2011,5,남해,18.093279569892474,1.7533602150537635,69.0739247311828
385,2011,5,대관령,12.613709677419354,3.98494623655914,65.68682795698925
386,2011,5,대구,18.786155913978494,2.462768817204301,56.17607526881721
387,2011,5,대전,18.14032258064516,2.1076612903225804,59.55510752688172
388,2011,5,동두천,16.84018817204301,1.428494623655914,60.10389784946237
389,2011,5,동해,14.923387096774194,2.5190860215053763,71.13978494623656
390,2011,5,목포,17.00577956989247,2.9658602150537634,81.35483870967742
391,2011,5,문경,16.682930107526882,1.8259408602150538,60.505376344086024
392,2011,5,밀양,17.97231182795699,1.8208333333333333,65.57795698924731
393,2011,5,백령도,14.028897849462366,5.282661290322581,59.73118279569893
394,2011,5,보령,16.68037634408602,2.3743279569892475,70.43548387096774
395,2011,5,보성군,17.547983870967744,3.135483870967742,73.08602150537635
396,2011,5,보은,16.801344086021505,1.6428763440860215,64.51344086021506
397,2011,5,봉화,15.005376344086022,1.499731182795699,67.95698924731182
398,2011,5,부산,17.274059139784946,3.505779569892473,70.12231182795699
399,2011,5,부안,17.58951612903226,2.136290322580645,70.95967741935483
400,2011,5,부여,18.050806451612903,1.7413978494623654,63.581989247311824
401,2011,5,북강릉,15.108736559139784,2.163978494623656,67.05376344086021
402,2011,5,북창원,17.970698924731185,1.55752688172043,65.75537634408602
403,2011,5,산청,17.821370967741935,1.9939516129032258,63.56586021505376
404,2011,5,상주,17.341397849462364,1.735752688172043,62.46370967741935
405,2011,5,서귀포,18.698924731182796,2.675940860215054,76.22983870967742
406,2011,5,서산,16.50255376344086,3.4713709677419353,68.43279569892474
407,2011,5,서울,17.928360215053765,2.796774193548387,56.45967741935484
408,2011,5,성산,18.054166666666667,3.5466397849462363,77.72849462365592
409,2011,5,속초,14.31505376344086,2.4016129032258062,70.42150537634409
410,2011,5,수원,16.254301075268817,1.811290322580645,57.575268817204304
411,2011,5,순창군,18.3002688172043,2.090994623655914,63.13978494623656
412,2011,5,순천,16.91518817204301,1.8463709677419355,72.0725806451613
413,2011,5,안동,17.453629032258064,1.8709677419354838,62.0255376344086
414,2011,5,양산시,18.29274193548387,3.3241935483870964,62.586021505376344
415,2011,5,양평,17.428360215053765,1.500268817204301,65.95833333333333
416,2011,5,여수,17.11747311827957,3.868951612903226,71.34005376344086
417,2011,5,영광군,17.621102150537634,2.6658602150537636,72.33333333333333
418,2011,5,영덕,16.511827956989247,2.9556451612903225,67.77553763440861
419,2011,5,영월,17.245026881720428,1.6077956989247313,58.42741935483871
420,2011,5,영주,16.739784946236558,2.569220430107527,61.766129032258064
421,2011,5,영천,16.79744623655914,2.0063172043010753,64.98118279569893
422,2011,5,완도,17.62459677419355,3.207795698924731,76.07795698924731
423,2011,5,울릉도,14.09758064516129,4.791666666666667,72.84677419354838
424,2011,5,울산,17.177419354838708,2.528494623655914,70.19086021505376
425,2011,5,울진,14.872043010752687,2.7092741935483873,75.90053763440861
426,2011,5,원주,18.252956989247313,1.681720430107527,56.049731182795696
427,2011,5,의령군,18.01813261163735,1.7592692828146141,68.00676589986467
428,2011,5,의성,16.990860215053765,1.4330645161290323,64.26209677419355
429,2011,5,이천,17.350403225806453,1.5798387096774196,62.67741935483871
430,2011,5,인제,15.408602150537634,2.423790322580645,64.20698924731182
431,2011,5,인천,16.735483870967744,2.899193548387097,64.53494623655914
432,2011,5,임실,16.395430107526884,1.8834677419354837,64.00537634408602
433,2011,5,장수,16.42258064516129,2.4280913978494625,64.31854838709677
434,2011,5,장흥,17.94529569892473,2.6684139784946237,72.06008064516129
435,2011,5,전주,18.775134408602153,2.0879032258064516,59.723118279569896
436,2011,5,정선군,15.940591397849461,2.139516129032258,60.81182795698925
437,2011,5,정읍,18.641935483870967,1.6274193548387097,59.96370967741935
438,2011,5,제주,18.148924731182795,3.1393817204301073,73.09811827956989
439,2011,5,제천,16.18212365591398,1.8227150537634407,61.418010752688176
440,2011,5,주암,18.009017496635263,1.607671601615074,68.18613728129206
441,2011,5,진도(첨찰산),15.388037634408603,5.394758064516129,77.31586021505376
442,2011,5,진주,17.501209677419354,1.4454301075268818,69.31451612903226
443,2011,5,창원,17.90040322580645,2.069220430107527,67.35349462365592
444,2011,5,천안,18.080107526881722,2.382930107526882,61.060483870967744
445,2011,5,철원,16.70537634408602,2.149731182795699,63.58037634408603
446,2011,5,청송군,15.869623655913978,1.544758064516129,66.66397849462365
447,2011,5,청주,19.279973118279568,1.7004032258064514,58.50403225806452
448,2011,5,추풍령,16.719220430107526,2.851478494623656,65.75201612903226
449,2011,5,춘천,17.053763440860216,1.2364247311827956,63.151881720430104
450,2011,5,충주,17.656720430107526,1.8098118279569892,59.579301075268816
451,2011,5,태백,14.194758064516128,2.141263440860215,58.079301075268816
452,2011,5,통영,16.693413978494622,2.456182795698925,77.16263440860214
453,2011,5,파주,16.830645161290324,1.723521505376344,68.67338709677419
454,2011,5,포항,17.59784946236559,2.2353494623655914,68.78494623655914
455,2011,5,함양군,17.40940860215054,1.5403225806451613,68.67338709677419
456,2011,5,합천,18.00255376344086,1.7407258064516127,63.86827956989247
457,2011,5,해남,17.32755376344086,2.5641129032258063,75.08736559139786
458,2011,5,홍천,17.18965053763441,1.4501344086021506,60.07069892473118
459,2011,5,흑산도,15.163172043010752,5.129032258064516,77.33736559139786
460,2011,6,강릉,21.935694444444444,2.060833333333333,64.63708333333332
461,2011,6,강진군,22.014861111111113,2.9069444444444446,78.51291666666667
462,2011,6,강화,19.763472222222223,2.3055555555555554,81.91111111111111
463,2011,6,거제,21.507638888888888,2.0654166666666667,79.44444444444444
464,2011,6,거창,22.05875,1.8894444444444445,73.77083333333333
465,2011,6,경주시,22.080416666666665,2.6508333333333334,71.7875
466,2011,6,고산,20.584583333333335,4.705694444444444,89.25
467,2011,6,고창,22.936666666666667,3.1475,78.95416666666667
468,2011,6,고창군,22.839444444444446,1.9429166666666668,72.89861111111111
469,2011,6,고흥,21.89388888888889,1.8247222222222221,78.52055555555556
470,2011,6,광양시,22.56125,1.6141666666666667,79.68055555555556
471,2011,6,광주,23.320555555555554,2.665138888888889,73.5111111111111
472,2011,6,구미,23.373055555555553,1.5018055555555554,63.40847222222222
473,2011,6,군산,21.111805555555556,2.8381944444444445,80.24861111111112
474,2011,6,금산,22.35375,1.501111111111111,64.13305555555556
475,2011,6,김해시,23.444444444444443,2.3356944444444445,76.45
476,2011,6,남원,22.89097222222222,1.839722222222222,69.19722222222222
477,2011,6,남해,22.18097222222222,1.52625,79.18416666666667
478,2011,6,대관령,17.11402777777778,3.459861111111111,73.52638888888889
479,2011,6,대구,24.290972222222223,2.2079166666666667,60.40555555555556
480,2011,6,대전,22.659027777777776,1.9997222222222222,65.56652777777778
481,2011,6,동두천,21.20736111111111,1.3266666666666667,69.17291666666667
482,2011,6,동해,20.136111111111113,2.1149999999999998,74.08055555555555
483,2011,6,목포,20.96847222222222,2.8738888888888887,87.43611111111112
484,2011,6,문경,21.608888888888888,1.5555555555555556,66.47361111111111
485,2011,6,밀양,23.20625,2.0369444444444444,70.16111111111111
486,2011,6,백령도,17.15763888888889,4.6184722222222225,81.725
487,2011,6,보령,20.503888888888888,2.6284722222222223,81.9375
488,2011,6,보성군,22.524166666666666,2.965138888888889,76.63444444444445
489,2011,6,보은,21.55763888888889,1.411388888888889,70.19208333333334
490,2011,6,봉화,19.93486111111111,1.3829166666666668,74.1575
491,2011,6,부산,21.340416666666666,3.3520833333333333,78.35555555555555
492,2011,6,부안,21.845277777777778,2.5308333333333333,77.375
493,2011,6,부여,22.363333333333333,1.7911111111111109,69.47722222222222
494,2011,6,북강릉,20.814305555555556,1.8533333333333335,68.10055555555556
495,2011,6,북창원,22.325555555555557,1.36125,73.7388888888889
496,2011,6,산청,22.645,1.7033333333333334,71.25138888888888
497,2011,6,상주,22.565833333333334,1.4091666666666667,66.92361111111111
498,2011,6,서귀포,21.655555555555555,2.2518055555555554,88.9486111111111
499,2011,6,서산,20.261527777777776,3.3273611111111108,79.625
500,2011,6,서울,21.934444444444445,2.92375,66.74513888888889
501,2011,6,성산,20.86375,2.816527777777778,86.70557103064067
502,2011,6,속초,20.155,2.1391666666666667,72.425
503,2011,6,수원,21.13222222222222,1.9070833333333332,72.85055555555556
504,2011,6,순창군,23.330694444444443,2.0930555555555554,67.18055555555556
505,2011,6,순천,21.84986111111111,1.8472222222222223,79.09041666666667
506,2011,6,안동,22.550972222222224,1.6659722222222222,67.44722222222222
507,2011,6,양산시,22.705694444444443,2.9619444444444443,69.09583333333333
508,2011,6,양평,22.077083333333334,1.4677777777777776,73.0736111111111
509,2011,6,여수,21.01361111111111,3.0801388888888885,83.62361111111112
510,2011,6,영광군,21.953888888888887,2.73375,81.59722222222223
511,2011,6,영덕,21.956666666666667,2.6019444444444444,70.12777777777778
512,2011,6,영월,21.799027777777777,1.4108333333333332,65.82652777777777
513,2011,6,영주,21.785694444444445,2.1127777777777776,66.69027777777778
514,2011,6,영천,22.580000000000002,1.9669444444444446,66.49305555555556
515,2011,6,완도,21.660833333333333,2.833472222222222,85.06652777777778
516,2011,6,울릉도,19.68375,4.586666666666667,74.38166666666667
517,2011,6,울산,22.058611111111112,2.3501388888888886,75.01527777777778
518,2011,6,울진,19.854861111111113,2.408888888888889,78.14805555555556
519,2011,6,원주,22.796666666666663,1.6293055555555553,63.45
520,2011,6,의령군,23.072663877266386,1.7352859135285914,74.91771269177127
521,2011,6,의성,22.386666666666667,1.1983333333333333,68.29486111111112
522,2011,6,이천,21.81263888888889,1.5038888888888888,68.66944444444445
523,2011,6,인제,19.939027777777778,2.0976388888888886,71.65694444444445
524,2011,6,인천,19.975416666666664,2.725,79.01388888888889
525,2011,6,임실,21.5575,1.91625,68.825
526,2011,6,장수,21.216666666666665,2.234861111111111,70.30486111111111
527,2011,6,장흥,22.471805555555555,2.6544444444444446,77.44541666666666
528,2011,6,전주,23.423472222222223,2.162361111111111,66.5025
529,2011,6,정선군,20.26861111111111,1.7219444444444443,69.12347222222222
530,2011,6,정읍,23.097638888888888,1.6793055555555554,68.17222222222222
531,2011,6,제주,21.64125,2.5594444444444444,83.23472222222222
532,2011,6,제천,20.71402777777778,1.6815277777777777,67.90972222222223
533,2011,6,주암,22.746453407510433,1.567037552155772,72.87899860917942
534,2011,6,진도(첨찰산),19.346111111111114,4.6698611111111115,86.71111111111111
535,2011,6,진주,22.216250000000002,1.4677777777777776,74.51388888888889
536,2011,6,창원,21.89847222222222,2.1555555555555554,77.69722222222222
537,2011,6,천안,22.42736111111111,2.082222222222222,70.0111111111111
538,2011,6,철원,21.213333333333335,2.1534722222222222,72.28930555555556
539,2011,6,청송군,21.25861111111111,1.1529166666666666,71.84722222222223
540,2011,6,청주,23.643194444444443,1.642638888888889,67.06541666666666
541,2011,6,추풍령,21.72375,2.1230555555555553,70.54277777777779
542,2011,6,춘천,21.8375,1.1752777777777779,70.7875
543,2011,6,충주,22.302777777777777,1.7215277777777778,66.84722222222223
544,2011,6,태백,18.884027777777778,1.9766666666666668,65.26666666666667
545,2011,6,통영,20.382083333333334,2.1498611111111114,86.5375
546,2011,6,파주,20.90222222222222,1.4836111111111112,78.54444444444445
547,2011,6,포항,22.810138888888886,2.218472222222222,71.97638888888889
548,2011,6,함양군,22.415416666666665,1.01125,74.82430555555555
549,2011,6,합천,23.540416666666665,1.8668055555555554,67.09861111111111
550,2011,6,해남,21.865694444444443,2.5568055555555556,79.97152777777778
551,2011,6,홍천,21.955000000000002,1.3363888888888888,67.12638888888888
552,2011,6,흑산도,18.752499999999998,4.5881944444444445,89.00972222222222
553,2011,7,강릉,23.38266129032258,1.4668010752688172,81.85215053763442
554,2011,7,강진군,25.636559139784943,2.453225806451613,82.62096774193549
555,2011,7,강화,23.596236559139783,1.8356182795698925,90.76612903225806
556,2011,7,거제,25.603897849462363,2.0901881720430104,78.80913978494624
557,2011,7,거창,24.723521505376343,1.5094086021505377,82.25806451612904
558,2011,7,경주시,25.04193548387097,2.4720430107526883,79.31048387096774
559,2011,7,고산,25.985080645161293,5.482795698924731,85.21075268817205
560,2011,7,고창,27.07217741935484,3.394220430107527,81.54838709677419
561,2011,7,고창군,26.691263440860215,2.058467741935484,77.02822580645162
562,2011,7,고흥,25.8244623655914,1.9331989247311827,80.93817204301075
563,2011,7,광양시,25.961051212938003,1.6923180592991915,85.47924528301887
564,2011,7,광주,26.43978494623656,2.7233870967741938,79.79435483870968
565,2011,7,구미,25.881317204301077,1.3935483870967742,74.51747311827957
566,2011,7,군산,25.06021505376344,2.468817204301075,83.52284946236558
567,2011,7,금산,25.04959677419355,1.2416666666666667,77.8239247311828
568,2011,7,김해시,26.971639784946237,2.2350806451612906,77.66532258064517
569,2011,7,남원,25.653225806451612,1.4911290322580646,80.32661290322581
570,2011,7,남해,25.914381720430107,1.5580645161290323,81.46102150537635
571,2011,7,대관령,20.238306451612903,2.727688172043011,87.26478494623656
572,2011,7,대구,26.788575268817205,2.0176075268817204,71.22983870967742
573,2011,7,대전,25.70483870967742,1.714516129032258,80.27553763440861
574,2011,7,동두천,23.773387096774197,1.026478494623656,81.08333333333333
575,2011,7,동해,22.26438172043011,1.9310483870967743,87.0725806451613
576,2011,7,목포,25.266532258064515,3.140188172043011,87.36290322580645
577,2011,7,문경,24.31948924731183,1.1329301075268816,79.64112903225806
578,2011,7,밀양,26.368951612903224,1.9116935483870967,75.92204301075269
579,2011,7,백령도,21.156586021505376,4.418279569892473,90.67204301075269
580,2011,7,보령,24.98239247311828,2.693548387096774,87.52016129032258
581,2011,7,보성군,26.156854838709677,2.5846774193548385,80.85349462365592
582,2011,7,보은,24.39287634408602,1.1487903225806453,81.16935483870968
583,2011,7,봉화,23.405510752688173,0.9467741935483871,85.63440860215054
584,2011,7,부산,25.07540322580645,3.4451612903225803,79.15322580645162
585,2011,7,부안,26.04717741935484,2.2233870967741938,82.29569892473118
586,2011,7,부여,25.730913978494623,1.5513440860215055,78.5013440860215
587,2011,7,북강릉,22.58965053763441,1.5887096774193548,83.3508064516129
588,2011,7,북창원,25.714381720430108,1.431989247311828,76.58736559139786
589,2011,7,산청,25.368817204301077,1.664247311827957,80.06720430107526
590,2011,7,상주,24.918279569892473,1.0955645161290324,84.90994623655914
591,2011,7,서귀포,26.69206989247312,2.3208333333333333,84.44462365591399
592,2011,7,서산,24.101747311827957,3.2178763440860214,86.95967741935483
593,2011,7,서울,24.63400537634409,2.4423387096774194,78.75268817204301
594,2011,7,성산,26.101612903225803,3.18508064516129,86.39112903225806
595,2011,7,속초,22.263709677419357,1.4845430107526882,87.32930107526882
596,2011,7,수원,25.260752688172044,1.7133148404993064,86.63440860215054
597,2011,7,순창군,26.25510752688172,1.6538978494623655,75.88978494623656
598,2011,7,순천,25.23978494623656,1.5830645161290322,86.2741935483871
599,2011,7,안동,25.496236559139785,1.4098118279569893,78.52688172043011
600,2011,7,양산시,26.201747311827955,2.863037634408602,72.34677419354838
601,2011,7,양평,24.69633152173913,1.2780189959294437,88.1763907734057
602,2011,7,여수,25.048790322580643,3.6033602150537636,85.73924731182795
603,2011,7,영광군,26.219758064516128,2.7588709677419354,86.59865591397849
604,2011,7,영덕,24.585714285714285,2.544625850340136,81.0108843537415
605,2011,7,영월,24.65295698924731,1.1814516129032258,77.9388440860215
606,2011,7,영주,24.5119623655914,1.5432795698924733,79.92204301075269
607,2011,7,영천,25.21693548387097,1.6793010752688173,75.09543010752688
608,2011,7,완도,25.682258064516127,2.886290322580645,87.56451612903226
609,2011,7,울릉도,22.446370967741935,4.978360215053764,87.92204301075269
610,2011,7,울산,25.229569892473116,2.4096774193548387,78.97983870967742
611,2011,7,울진,22.121639784946236,2.4633064516129033,89.1491935483871
612,2011,7,원주,25.430645161290325,1.3313172043010753,77.95295698924731
613,2011,7,의령군,25.818413978494625,1.458736559139785,85.31048387096774
614,2011,7,의성,25.600806451612904,1.0581989247311827,77.91397849462365
615,2011,7,이천,24.542473118279567,1.2166666666666668,80.85618279569893
616,2011,7,인제,22.58279569892473,1.7991935483870967,85.72177419354838
617,2011,7,인천,23.838844086021503,2.3568548387096775,85.65725806451613
618,2011,7,임실,24.416801075268815,1.5306451612903225,79.61559139784946
619,2011,7,장수,23.916397849462363,1.7540322580645162,81.29838709677419
620,2011,7,장흥,25.959005376344088,2.3216397849462367,82.79838709677419
621,2011,7,전주,26.43037634408602,2.074193548387097,78.14516129032258
622,2011,7,정선군,22.96123287671233,1.4326027397260273,82.83123287671233
623,2011,7,정읍,26.6002688172043,1.438709677419355,76.26344086021506
624,2011,7,제주,27.24422043010753,2.2731182795698923,75.02016129032258
625,2011,7,제천,23.849462365591396,1.3512096774193547,77.81989247311827
626,2011,7,주암,25.892473118279568,1.3499999999999999,80.14247311827957
627,2011,7,진도(첨찰산),23.306317204301077,4.7381596752368065,93.15806451612904
628,2011,7,진주,25.432258064516127,1.3743279569892473,80.06814516129032
629,2011,7,창원,25.548521505376343,2.2221774193548387,80.29032258064517
630,2011,7,천안,25.523790322580645,1.8413978494623655,82.11962365591398
631,2011,7,철원,23.93266129032258,1.6801075268817205,85.1774193548387
632,2011,7,청송군,24.34233870967742,1.0141129032258065,81.70430107526882
633,2011,7,청주,26.087096774193547,1.544220430107527,81.9274193548387
634,2011,7,추풍령,24.355913978494623,1.774731182795699,82.86962365591398
635,2011,7,춘천,24.381586021505377,1.1220430107526882,85.69489247311827
636,2011,7,충주,25.43360215053763,1.4684139784946237,78.80779569892474
637,2011,7,태백,21.659139784946237,1.8483870967741935,80.43951612903226
638,2011,7,통영,24.48467741935484,2.924327956989247,85.18951612903226
639,2011,7,파주,24.244758064516127,1.3303763440860215,88.0524193548387
640,2011,7,포항,25.618951612903224,2.0821236559139784,79.27956989247312
641,2011,7,함양군,24.958602150537637,0.8045698924731183,86.46774193548387
642,2011,7,합천,26.004973118279572,1.5024193548387097,76.92338709677419
643,2011,7,해남,25.88588709677419,2.4073924731182794,82.96155913978495
644,2011,7,홍천,24.6622311827957,1.0279569892473117,79.93817204301075
645,2011,7,흑산도,23.394220430107527,5.469489247311828,92.41666666666667
646,2011,8,강릉,25.33817204301075,1.7975806451612903,75.05698924731183
647,2011,8,강진군,25.085349462365592,2.4725806451612904,84.35873655913979
648,2011,8,강화,24.503225806451614,1.7435483870967743,87.89650537634408
649,2011,8,거제,25.36209677419355,2.0192204301075267,81.25940860215054
650,2011,8,거창,24.10712365591398,1.4423387096774192,84.72311827956989
651,2011,8,경주시,24.728091397849465,2.061962365591398,83.66666666666667
652,2011,8,고산,25.35443548387097,4.821370967741935,87.33198924731182
653,2011,8,고창,26.074059139784943,2.614784946236559,83.98118279569893
654,2011,8,고창군,25.975672043010753,1.6716397849462366,80.01344086021506
655,2011,8,고흥,25.497043010752687,1.5525537634408602,82.29569892473118
656,2011,8,광양시,26.219086021505376,2.143279569892473,81.08333333333333
657,2011,8,광주,25.909005376344084,2.3736559139784945,81.37231182795699
658,2011,8,구미,25.07150537634409,1.030241935483871,80.27688172043011
659,2011,8,군산,24.95577956989247,2.1461021505376343,82.32795698924731
660,2011,8,금산,24.68911290322581,1.1361559139784945,78.2002688172043
661,2011,8,김해시,27.063978494623655,2.0240591397849466,78.13978494623656
662,2011,8,남원,25.118145161290325,1.3579301075268817,80.28763440860214
663,2011,8,남해,25.622043010752687,1.4541666666666668,82.79112903225806
664,2011,8,대관령,20.39771505376344,2.649462365591398,86.41666666666667
665,2011,8,대구,26.21733870967742,2.07002688172043,74.67204301075269
666,2011,8,대전,25.757526881720427,1.8928763440860215,78.26747311827957
667,2011,8,동두천,24.31599462365591,0.9593539703903095,77.07991689750692
668,2011,8,동해,24.286693548387095,1.8993279569892472,83.32069892473118
669,2011,8,목포,24.56975806451613,2.5791666666666666,89.73790322580645
670,2011,8,문경,24.08185483870968,1.248521505376344,80.54704301075269
671,2011,8,밀양,25.89206989247312,1.4981182795698924,79.09274193548387
672,2011,8,백령도,22.086424731182795,3.9551075268817204,90.46859838274932
673,2011,8,보령,25.30255376344086,2.22755376344086,85.49596774193549
674,2011,8,보성군,25.658602150537636,2.423655913978495,83.13306451612904
675,2011,8,보은,24.022849462365592,1.1760752688172043,81.1491935483871
676,2011,8,봉화,23.181048387096777,0.7943548387096774,85.12432795698925
677,2011,8,부산,25.756048387096776,3.359543010752688,78.20833333333333
678,2011,8,부안,25.801344086021505,1.9536290322580645,83.24731182795699
679,2011,8,부여,25.60393487109905,1.5331071913161467,78.40976933514247
680,2011,8,북강릉,24.595295698924733,1.6452956989247312,77.8114247311828
681,2011,8,북창원,25.49959677419355,1.4404569892473118,78.15685483870968
682,2011,8,산청,24.92701612903226,1.2008064516129031,83.06182795698925
683,2011,8,상주,24.666263440860217,1.0611559139784945,86.88037634408602
684,2011,8,서귀포,26.33508064516129,2.924327956989247,84.8508064516129
685,2011,8,서산,24.434408602150537,2.850268817204301,84.32123655913979
686,2011,8,서울,25.763440860215052,2.543817204301075,74.41801075268818
687,2011,8,성산,25.484005376344083,3.6198924731182793,85.86155913978494
688,2011,8,속초,24.799193548387095,1.6637096774193547,80.84408602150538
689,2011,8,수원,26.1127688172043,1.822983870967742,82.40053763440861
690,2011,8,순창군,25.696102150537637,1.4885752688172043,77.68145161290323
691,2011,8,순천,24.853360215053765,1.4674731182795697,87.20161290322581
692,2011,8,안동,25.104166666666668,1.4413978494623658,79.89784946236558
693,2011,8,양산시,26.403494623655916,2.9338709677419357,71.84543010752688
694,2011,8,양평,25.381854838709675,1.3010752688172043,85.95698924731182
695,2011,8,여수,25.2752688172043,3.9716397849462366,85.04166666666667
696,2011,8,영광군,25.554435483870968,2.253763440860215,89.35887096774194
697,2011,8,영덕,25.04462365591398,2.129032258064516,83.57661290322581
698,2011,8,영월,24.781854838709677,1.2573351278600269,78.4622311827957
699,2011,8,영주,24.276612903225807,1.4400537634408603,80.5725806451613
700,2011,8,영천,24.766129032258064,1.5821236559139784,78.09811827956989
701,2011,8,완도,25.304435483870968,2.747043010752688,89.40860215053763
702,2011,8,울릉도,24.04731182795699,3.3848118279569896,86.19220430107526
703,2011,8,울산,25.25577956989247,2.175268817204301,81.62903225806451
704,2011,8,울진,23.891129032258064,1.9678763440860214,87.44086021505376
705,2011,8,원주,25.96155913978495,1.3268817204301075,74.62096774193549
706,2011,8,의령군,25.21964769647696,1.0730352303523034,91.12289972899728
707,2011,8,의성,25.114247311827956,1.0268817204301075,80.77997311827957
708,2011,8,이천,25.01902834008097,1.1106612685560053,78.50202429149797
709,2011,8,인제,23.46317204301075,1.8865591397849462,81.52284946236558
710,2011,8,인천,25.027016129032255,2.272715053763441,81.49596774193549
711,2011,8,임실,24.043682795698924,1.2184139784946237,77.40860215053763
712,2011,8,장수,23.289650537634408,1.5056451612903226,83.02284946236558
713,2011,8,장흥,25.605779569892473,2.076344086021505,83.6008064516129
714,2011,8,전주,26.016935483870967,1.667741935483871,79.56854838709677
715,2011,8,정선군,23.633802816901408,1.268169014084507,79.5661971830986
716,2011,8,정읍,25.954704301075267,1.3149193548387097,79.31586021505376
717,2011,8,제주,26.003091397849463,3.006048387096774,81.68279569892474
718,2011,8,제천,24.021908602150535,1.3043010752688171,75.37768817204301
719,2011,8,주암,25.49260752688172,1.250537634408602,82.03629032258064
720,2011,8,진도(첨찰산),22.406586021505376,4.93508064516129,96.38037634408602
721,2011,8,진주,25.17661290322581,1.1624999999999999,82.03763440860214
722,2011,8,창원,25.698924731182796,1.8385752688172043,80.56922043010752
723,2011,8,천안,25.514112903225808,1.9,81.30645161290323
724,2011,8,철원,24.441666666666666,1.590994623655914,84.74193548387096
725,2011,8,청송군,23.76827956989247,0.9487903225806451,84.66935483870968
726,2011,8,청주,26.082930107526884,1.546505376344086,78.17876344086021
727,2011,8,추풍령,23.861290322580643,1.8686827956989247,85.01478494623656
728,2011,8,춘천,25.11922043010753,1.2448924731182796,82.33870967741936
729,2011,8,충주,25.47056451612903,1.4174731182795697,78.34811827956989
730,2011,8,태백,21.75215053763441,1.6834677419354838,78.20161290322581
731,2011,8,통영,24.800806451612903,2.341666666666667,84.72983870967742
732,2011,8,파주,24.97432795698925,1.3939516129032257,87.90994623655914
733,2011,8,포항,25.78682795698925,1.8494623655913978,82.82123655913979
734,2011,8,함양군,24.40456989247312,0.7227150537634409,86.03629032258064
735,2011,8,합천,25.60978260869565,1.1885714285714286,79.6929347826087
736,2011,8,해남,25.188306451612902,2.4030913978494626,84.96505376344086
737,2011,8,홍천,25.273252688172043,1.1403225806451613,76.60215053763442
738,2011,8,흑산도,23.259139784946235,4.751881720430108,90.72983870967742
739,2011,9,강릉,20.24527777777778,2.1581944444444447,70.56944444444444
740,2011,9,강진군,21.779166666666665,1.9631944444444445,75.25083333333333
741,2011,9,강화,20.425383542538356,1.8430962343096233,70.32245467224546
742,2011,9,거제,22.65277777777778,1.6469444444444443,71.16666666666667
743,2011,9,거창,20.12638888888889,1.4975,76.08055555555555
744,2011,9,경주시,20.584583333333335,2.3998611111111114,79.075
745,2011,9,고산,23.226805555555554,5.448472222222223,75.70277777777778
746,2011,9,고창,21.302083333333332,2.2654166666666664,79.58069444444445
747,2011,9,고창군,21.625833333333333,1.5461111111111112,74.03111111111112
748,2011,9,고흥,22.370555555555555,1.2477777777777777,73.58194444444445
749,2011,9,광양시,23.731944444444444,1.9013888888888888,66.175
750,2011,9,광주,22.73263888888889,1.7752777777777777,71.2625
751,2011,9,구미,21.02375,1.3234722222222222,72.8013888888889
752,2011,9,군산,20.73111111111111,1.7684722222222222,74.49166666666666
753,2011,9,금산,19.905277777777776,1.0681944444444444,73.90569444444444
754,2011,9,김해시,24.129305555555554,1.7225000000000001,68.40555555555555
755,2011,9,남원,21.01,1.4119444444444444,71.64583333333333
756,2011,9,남해,22.67611111111111,1.4769444444444446,71.60013888888889
757,2011,9,대관령,14.630694444444446,2.460138888888889,82.28888888888889
758,2011,9,대구,23.033888888888892,1.97875,62.518055555555556
759,2011,9,대전,21.24972222222222,1.5420833333333333,70.3476388888889
760,2011,9,동두천,19.67763888888889,1.4940277777777777,68.62777777777778
761,2011,9,동해,19.876944444444444,2.8200000000000003,77.3013888888889
762,2011,9,목포,21.740555555555556,2.78,75.45277777777778
763,2011,9,문경,19.860555555555557,1.3370833333333334,71.40416666666667
764,2011,9,밀양,22.46013888888889,1.6445833333333333,68.45555555555555
765,2011,9,백령도,18.723055555555558,3.126805555555556,77.84305555555555
766,2011,9,보령,21.046805555555558,1.9093055555555556,75.94583333333334
767,2011,9,보성군,22.340416666666666,2.513888888888889,73.06944444444444
768,2011,9,보은,19.113472222222224,1.0419444444444446,75.25833333333334
769,2011,9,봉화,18.2375,1.3422222222222222,78.79027777777777
770,2011,9,부산,23.30875,3.0470833333333336,65.46944444444445
771,2011,9,부안,21.302777777777777,1.6631944444444444,77.25
772,2011,9,부여,20.673194444444444,1.1827777777777777,71.45833333333333
773,2011,9,북강릉,19.630416666666665,1.8712499999999999,72.37777777777778
774,2011,9,북창원,22.52347222222222,1.5994444444444442,63.67777777777778
775,2011,9,산청,21.317916666666665,1.2154166666666666,73.07222222222222
776,2011,9,상주,19.880694444444444,0.9845833333333333,78.11805555555556
777,2011,9,서귀포,25.072222222222223,2.5419444444444443,68.07083333333334
778,2011,9,서산,20.33763888888889,2.6462499999999998,75.0625
779,2011,9,서울,21.755833333333335,2.45375,58.425
780,2011,9,성산,23.578194444444442,3.2705555555555557,72.01375
781,2011,9,속초,20.420416666666668,2.153611111111111,71.875
782,2011,9,수원,21.773333333333333,1.6862499999999998,71.325
783,2011,9,순창군,21.66027777777778,1.4781944444444444,70.97638888888889
784,2011,9,순천,21.247222222222224,1.3168055555555556,78.88333333333334
785,2011,9,안동,20.718194444444446,1.3004166666666666,73.78611111111111
786,2011,9,양산시,23.037222222222223,2.8569444444444443,64.39861111111111
787,2011,9,양평,20.292777777777776,1.2379166666666666,72.94158553546592
788,2011,9,여수,23.266944444444444,3.865,68.62222222222222
789,2011,9,영광군,21.139444444444443,2.0794444444444444,82.21666666666667
790,2011,9,영덕,21.009444444444444,3.4943055555555556,78.10138888888889
791,2011,9,영월,19.372777777777777,1.342638888888889,75.24236111111111
792,2011,9,영주,19.627916666666668,1.876111111111111,72.8375
793,2011,9,영천,20.896805555555556,1.5115277777777778,70.03472222222223
794,2011,9,완도,22.701666666666668,1.9472222222222222,76.78472222222223
795,2011,9,울릉도,19.937916666666666,4.605277777777778,79.78847222222223
796,2011,9,울산,21.790277777777778,2.527083333333333,75.03611111111111
797,2011,9,울진,19.85,3.075833333333333,81.72222222222223
798,2011,9,원주,20.523333333333333,1.2120833333333334,68.13472222222222
799,2011,9,의령군,21.491666666666667,1.257638888888889,84.78333333333333
800,2011,9,의성,20.462916666666665,1.1918055555555556,74.36527777777778
801,2011,9,이천,19.61722222222222,1.0473611111111112,71.21527777777777
802,2011,9,인제,17.80986111111111,2.0394444444444444,76.3861111111111
803,2011,9,인천,21.66111111111111,2.4447222222222225,63.93333333333333
804,2011,9,임실,19.834861111111113,1.1668055555555557,72.56944444444444
805,2011,9,장수,18.82486111111111,1.4583333333333333,78.3875
806,2011,9,장흥,22.069166666666664,1.4631944444444445,75.34
807,2011,9,전주,21.965555555555557,1.6891666666666667,71.45138888888889
808,2011,9,정선군,17.93611111111111,1.3525,76.60694444444445
809,2011,9,정읍,21.740277777777777,1.3672222222222221,72.99444444444444
810,2011,9,제주,23.0875,2.872777777777778,70.73333333333333
811,2011,9,제천,18.364525139664803,1.2993016759776537,70.02374301675978
812,2011,9,주암,21.5375,1.0527777777777778,77.075
813,2011,9,진도(첨찰산),20.109305555555558,4.240833333333334,78.89488636363636
814,2011,9,진주,21.926805555555553,1.2308333333333334,70.20694444444445
815,2011,9,창원,22.997916666666665,1.7908333333333335,68.3
816,2011,9,천안,20.631805555555555,1.86375,72.52222222222223
817,2011,9,철원,18.771527777777777,1.8633333333333333,73.08361111111111
818,2011,9,청송군,19.00777777777778,0.9213888888888888,81.34583333333333
819,2011,9,청주,21.357499999999998,1.5155555555555555,69.60416666666667
820,2011,9,추풍령,19.525416666666665,1.9393055555555554,77.5375
821,2011,9,춘천,19.643194444444443,1.2890277777777779,73.17777777777778
822,2011,9,충주,20.05388888888889,1.3915277777777777,72.73333333333333
823,2011,9,태백,16.122222222222224,1.6168055555555554,76.1986111111111
824,2011,9,통영,22.382916666666667,2.361388888888889,73.90972222222223
825,2011,9,파주,19.89027777777778,1.4875,75.5625
826,2011,9,포항,22.474166666666665,2.0359722222222225,74.36944444444444
827,2011,9,함양군,20.39986111111111,0.6816666666666666,78.7028657616893
828,2011,9,합천,21.98611111111111,1.542638888888889,69.68611111111112
829,2011,9,해남,21.6725,1.7115277777777778,76.57777777777778
830,2011,9,홍천,19.445555555555554,1.1479166666666667,71.19444444444444
831,2011,9,흑산도,20.795277777777777,4.682916666666666,83.93055555555556
832,2011,10,강릉,14.824327956989247,2.377016129032258,58.912903225806446
833,2011,10,강진군,14.756989247311829,2.0178763440860212,68.18010752688173
834,2011,10,강화,12.92983870967742,1.5993279569892473,65.55537634408601
835,2011,10,거제,16.134946236559138,1.3100806451612903,67.81317204301075
836,2011,10,거창,12.366129032258064,1.472715053763441,73.27688172043011
837,2011,10,경주시,13.858870967741936,2.05752688172043,73.15725806451613
838,2011,10,고산,18.38454301075269,6.281854838709677,67.16532258064517
839,2011,10,고창,13.818682795698924,2.233736559139785,75.28494623655914
840,2011,10,고창군,14.23239247311828,1.375537634408602,69.62768817204301
841,2011,10,고흥,15.269220430107525,1.3943548387096776,68.51209677419355
842,2011,10,광양시,17.052553763440862,1.4725806451612902,58.74596774193548
843,2011,10,광주,15.411290322580646,1.5521505376344085,66.18682795698925
844,2011,10,구미,13.422983870967743,1.3846774193548388,68.83978494623656
845,2011,10,군산,13.447849462365593,1.8061827956989247,70.94489247311827
846,2011,10,금산,11.66747311827957,0.9063172043010752,72.28494623655914
847,2011,10,김해시,17.50766129032258,1.839247311827957,62.706989247311824
848,2011,10,남원,12.556451612903226,1.096236559139785,73.87231182795699
849,2011,10,남해,15.88024193548387,1.3829301075268818,65.07661290322581
850,2011,10,대관령,8.072177419354839,2.591801075268817,74.43817204301075
851,2011,10,대구,15.647043010752688,1.5826612903225807,58.35215053763441
852,2011,10,대전,13.494354838709677,1.3081989247311827,68.84005376344086
853,2011,10,동두천,12.066532258064516,1.344489247311828,66.05228494623655
854,2011,10,동해,14.424731182795698,2.4076612903225807,66.44354838709677
855,2011,10,목포,15.194758064516128,2.838306451612903,66.4986559139785
856,2011,10,문경,12.442204301075268,1.5193548387096776,66.48844086021505
857,2011,10,밀양,14.806048387096775,1.2280913978494625,68.70161290322581
858,2011,10,백령도,13.428360215053765,3.463978494623656,68.71102150537635
859,2011,10,보령,13.92231182795699,1.5706989247311827,69.9885752688172
860,2011,10,보성군,15.308736559139787,2.6283602150537635,66.78225806451613
861,2011,10,보은,11.097849462365591,0.9474462365591397,72.75672043010752
862,2011,10,봉화,10.200672043010753,1.191263440860215,78.24462365591398
863,2011,10,부산,17.529435483870966,2.729435483870968,57.803763440860216
864,2011,10,부안,14.014650537634408,1.425,73.34677419354838
865,2011,10,부여,12.599327956989248,1.0709677419354837,70.64583333333333
866,2011,10,북강릉,14.159543010752689,1.8420698924731183,61.14247311827957
867,2011,10,북창원,15.59260752688172,1.3323924731182795,60.079301075268816
868,2011,10,산청,13.7125,1.2759408602150537,68.75537634408602
869,2011,10,상주,12.44744623655914,1.2086021505376345,71.01478494623656
870,2011,10,서귀포,19.873521505376342,2.406317204301075,63.630376344086024
871,2011,10,서산,12.975672043010752,2.20994623655914,72.66129032258064
872,2011,10,서울,14.187348586810229,2.1412955465587045,54.49122807017544
873,2011,10,성산,17.86236559139785,2.966532258064516,67.32150537634408
874,2011,10,속초,14.881182795698924,2.001478494623656,58.66129032258065
875,2011,10,수원,13.853091397849463,1.1775071633237821,69.92069892473118
876,2011,10,순창군,13.422983870967743,1.4227150537634408,69.41801075268818
877,2011,10,순천,13.726747311827959,1.5344086021505374,73.0725806451613
878,2011,10,안동,13.138575268817204,1.1940860215053763,72.41801075268818
879,2011,10,양산시,16.56478494623656,2.020698924731183,60.13306451612903
880,2011,10,양평,12.052956989247312,1.0504032258064515,74.04838709677419
881,2011,10,여수,17.002688172043012,3.533736559139785,59.05779569892473
882,2011,10,영광군,13.830913978494625,2.021505376344086,75.41801075268818
883,2011,10,영덕,14.965725806451612,2.7111559139784944,66.97983870967742
884,2011,10,영월,11.631989247311829,1.0704301075268816,76.27956989247312
885,2011,10,영주,12.156586021505376,2.081451612903226,69.18548387096774
886,2011,10,영천,13.381317204301077,1.3404569892473117,68.38575268817205
887,2011,10,완도,16.086290322580645,2.1958333333333333,65.93548387096774
888,2011,10,울릉도,15.188575268817203,3.3600806451612906,68.43817204301075
889,2011,10,울산,15.804569892473118,1.8268817204301075,68.90591397849462
890,2011,10,울진,14.05013440860215,2.503225806451613,71.65188172043011
891,2011,10,원주,12.09475806451613,1.0538978494623656,68.34543010752688
892,2011,10,의령군,13.813172043010752,1.0211021505376345,82.88844086021506
893,2011,10,의성,12.227016129032258,0.9856182795698925,73.04637096774194
894,2011,10,이천,11.598924731182796,0.9209677419354839,70.6760752688172
895,2011,10,인제,10.610887096774194,1.6095430107526882,72.33198924731182
896,2011,10,인천,14.837689133425034,2.2283746556473827,58.223658872077024
897,2011,10,임실,11.55282258064516,1.12997311827957,71.18010752688173
898,2011,10,장수,11.055779569892474,1.309005376344086,75.46505376344086
899,2011,10,장흥,14.831451612903226,1.678763440860215,69.14381720430107
900,2011,10,전주,14.196908602150538,1.521774193548387,67.97177419354838
901,2011,10,정선군,10.55766129032258,1.3154777927321668,74.46908602150538
902,2011,10,정읍,14.120833333333334,1.2318548387096775,68.68548387096774
903,2011,10,제주,17.83508064516129,2.9974462365591394,62.05241935483871
904,2011,10,제천,10.341129032258065,1.1262096774193548,69.84543010752688
905,2011,10,주암,13.566129032258065,1.0638440860215055,75.18951612903226
906,2011,10,진도(첨찰산),13.759139784946235,4.279301075268817,69.69220430107526
907,2011,10,진주,14.116666666666665,0.9733870967741937,69.41129032258064
908,2011,10,창원,16.513978494623654,1.6342741935483873,61.05107526881721
909,2011,10,천안,12.736290322580643,1.552016129032258,68.78091397849462
910,2011,10,철원,10.852016129032258,1.2880376344086022,69.59811827956989
911,2011,10,청송군,11.162096774193548,0.8633064516129032,79.47043010752688
912,2011,10,청주,13.634543010752688,1.1668010752688172,67.73118279569893
913,2011,10,추풍령,12.429032258064517,2.035483870967742,70.96397849462365
914,2011,10,춘천,11.744623655913978,0.8978494623655914,73.37231182795699
915,2011,10,충주,12.011155913978493,1.1237903225806452,74.84005376344086
916,2011,10,태백,9.730241935483871,1.3098118279569892,67.81317204301075
917,2011,10,통영,16.258333333333333,2.291935483870968,68.76075268817205
918,2011,10,파주,11.5997311827957,1.18252688172043,73.75403225806451
919,2011,10,포항,16.515725806451613,1.8934139784946238,63.88172043010753
920,2011,10,함양군,12.658333333333333,0.8490591397849463,76.70564516129032
921,2011,10,합천,13.971774193548388,1.0833333333333333,70.29301075268818
922,2011,10,해남,14.367741935483872,1.7169354838709678,71.27956989247312
923,2011,10,홍천,11.3497311827957,0.9196236559139785,70.6989247311828
924,2011,10,흑산도,15.798252688172042,4.70510752688172,74.45698924731182
925,2011,11,강릉,11.189444444444444,2.1830555555555553,62.19583333333333
926,2011,11,강진군,12.33236111111111,2.2231944444444447,74.16666666666667
927,2011,11,강화,9.780416666666666,1.8791666666666667,72.81666666666666
928,2011,11,거제,13.180416666666666,1.4498611111111113,69.79305555555555
929,2011,11,거창,9.535833333333333,1.3956944444444443,76.14861111111111
930,2011,11,경주시,10.4575,2.3027777777777776,72.22222222222223
931,2011,11,고산,16.325555555555557,6.205694444444445,73.00416666666666
932,2011,11,고창,12.054027777777778,2.5029166666666667,77.32638888888889
933,2011,11,고창군,12.479027777777777,1.5894444444444447,70.56888888888889
934,2011,11,고흥,12.776388888888889,1.6841666666666666,73.06805555555556
935,2011,11,광양시,13.763333333333334,2.008611111111111,65.03055555555555
936,2011,11,광주,12.61888888888889,1.5822222222222222,73.12597222222222
937,2011,11,구미,10.116666666666667,1.3391666666666668,71.81944444444444
938,2011,11,군산,11.311111111111112,2.0413888888888887,71.30972222222222
939,2011,11,금산,9.737222222222222,0.9673611111111111,71.59722222222223
940,2011,11,김해시,13.90625,1.7987499999999998,62.86944444444445
941,2011,11,남원,10.366666666666667,1.2280555555555557,76.74902777777778
942,2011,11,남해,12.762777777777778,1.3902777777777777,69.33055555555555
943,2011,11,대관령,5.092777777777778,3.3958333333333335,75.41944444444445
944,2011,11,대구,11.883333333333333,1.92625,63.418055555555554
945,2011,11,대전,11.205972222222222,1.7091666666666665,67.46666666666667
946,2011,11,동두천,9.094861111111111,1.5773611111111112,68.46388888888889
947,2011,11,동해,11.310694444444444,2.6191666666666666,64.3638888888889
948,2011,11,목포,12.455694444444445,2.9226388888888892,72.68055555555556
949,2011,11,문경,9.280277777777778,1.5730555555555554,65.67083333333333
950,2011,11,밀양,11.429027777777778,1.1581944444444443,69.94722222222222
951,2011,11,백령도,9.414583333333333,4.218055555555556,77.61527777777778
952,2011,11,보령,11.85611111111111,1.7868055555555555,68.19166666666666
953,2011,11,보성군,12.712222222222222,2.656388888888889,75.45972222222223
954,2011,11,보은,9.007222222222222,1.3431944444444446,66.69305555555556
955,2011,11,봉화,6.947361111111111,1.2579166666666668,75.28194444444445
956,2011,11,부산,14.072222222222223,2.7468055555555555,60.22902777777778
957,2011,11,부안,11.709166666666667,1.6169444444444445,74.45138888888889
958,2011,11,부여,10.545833333333333,1.208611111111111,70.30555555555556
959,2011,11,북강릉,10.59736111111111,2.0493055555555557,63.4
960,2011,11,북창원,12.189722222222223,1.3276388888888888,62.93125
961,2011,11,산청,11.092361111111112,1.5004166666666665,70.43194444444444
962,2011,11,상주,9.385972222222222,1.4797222222222224,71.74305555555556
963,2011,11,서귀포,17.230833333333333,2.4019444444444447,72.47638888888889
964,2011,11,서산,11.16875,2.703472222222222,73.14027777777778
965,2011,11,서울,10.737916666666667,2.700555555555556,60.09722222222222
966,2011,11,성산,15.993611111111111,2.6234722222222224,73.79583333333333
967,2011,11,속초,11.015,2.095416666666667,63.21388888888889
968,2011,11,수원,11.104027777777777,1.664722222222222,71.26194444444444
969,2011,11,순창군,11.072361111111112,1.3991666666666667,74.275
970,2011,11,순천,11.253333333333332,1.59375,76.42222222222222
971,2011,11,안동,9.765,1.4672222222222224,69.79861111111111
972,2011,11,양산시,13.281805555555556,2.334861111111111,59.84583333333333
973,2011,11,양평,9.62736111111111,1.2745833333333334,69.87638888888888
974,2011,11,여수,13.506388888888889,4.21625,65.89583333333333
975,2011,11,영광군,11.878472222222221,2.20625,77.04527777777777
976,2011,11,영덕,11.851666666666668,2.8940277777777776,66.0375
977,2011,11,영월,8.404722222222222,1.197361111111111,72.60972222222222
978,2011,11,영주,8.977500000000001,2.30375,68.0513888888889
979,2011,11,영천,10.206527777777778,1.6080555555555556,68.87916666666666
980,2011,11,완도,13.233888888888888,2.509027777777778,74.9625
981,2011,11,울릉도,11.487083333333334,4.018472222222223,71.0375
982,2011,11,울산,12.321111111111112,1.832638888888889,70.02361111111111
983,2011,11,울진,11.3675,2.8251388888888886,67.94722222222222
984,2011,11,원주,9.536944444444446,1.4090277777777778,64.07791666666667
985,2011,11,의령군,10.917916666666667,1.0327777777777778,85.3
986,2011,11,의성,9.081805555555555,1.10375,74.20138888888889
987,2011,11,이천,9.265416666666667,1.1266666666666667,68.50694444444444
988,2011,11,인제,7.529305555555556,1.7631944444444445,70.77083333333333
989,2011,11,인천,11.443888888888889,3.0825,66.06666666666666
990,2011,11,임실,9.481388888888889,1.2977777777777777,73.34430555555556
991,2011,11,장수,9.10611111111111,1.4031944444444444,77.7375
992,2011,11,장흥,12.436250000000001,1.9015277777777777,74.93333333333334
993,2011,11,전주,12.231666666666666,1.6704166666666667,68.77638888888889
994,2011,11,정선군,7.406805555555555,1.610277777777778,71.525
995,2011,11,정읍,12.094305555555556,1.1556944444444446,70.03888888888889
996,2011,11,제주,15.695555555555554,3.24375,69.4036111111111
997,2011,11,제천,7.677361111111111,1.4822222222222223,66.325
998,2011,11,주암,11.288317107093185,1.195827538247566,77.82058414464534
999,2011,11,진도(첨찰산),10.98,5.089444444444444,79.99694444444445
1000,2011,11,진주,11.130972222222223,0.9101388888888888,72.81388888888888
1001,2011,11,창원,13.122777777777777,1.5216666666666665,64.00972222222222
1002,2011,11,천안,10.704722222222221,2.076388888888889,68.6986111111111
1003,2011,11,철원,7.664166666666667,1.6837499999999999,73.38194444444444
1004,2011,11,청송군,8.122222222222222,1.1229166666666666,77.55416666666666
1005,2011,11,청주,11.209444444444445,1.301388888888889,66.70694444444445
1006,2011,11,추풍령,9.530416666666666,2.4870833333333335,72.0111111111111
1007,2011,11,춘천,8.195972222222222,1.0540277777777778,72.44305555555556
1008,2011,11,충주,9.774166666666666,1.5436111111111113,69.53611111111111
1009,2011,11,태백,6.697083333333333,1.5605555555555555,67.59166666666667
1010,2011,11,통영,13.270555555555555,2.3456944444444447,70.96805555555555
1011,2011,11,파주,9.308194444444444,1.5005555555555556,75.05833333333334
1012,2011,11,포항,12.998611111111112,1.9126388888888888,64.02777777777777
1013,2011,11,함양군,10.121805555555556,1.0666666666666667,80.25694444444444
1014,2011,11,합천,10.989583333333334,1.0477777777777777,72.71527777777777
1015,2011,11,해남,12.359305555555556,2.080972222222222,75.92777777777778
1016,2011,11,홍천,8.277916666666668,0.9830555555555555,68.85
1017,2011,11,흑산도,13.319722222222223,5.228472222222222,78.48333333333333
1018,2011,12,강릉,1.5311827956989248,3.1181451612903226,46.505376344086024
1019,2011,12,강진군,2.436424731182796,2.636827956989247,63.038978494623656
1020,2011,12,강화,-1.835483870967742,1.6684139784946237,58.888440860215056
1021,2011,12,거제,3.9123655913978497,1.9038978494623655,50.99475806451613
1022,2011,12,거창,-0.18306451612903224,1.9704301075268817,61.034946236559136
1023,2011,12,경주시,1.251478494623656,3.247043010752688,50.133602150537634
1024,2011,12,고산,7.79986559139785,8.762768817204302,62.26881720430107
1025,2011,12,고창,1.4954301075268817,2.863978494623656,74.07661290322581
1026,2011,12,고창군,1.7367429340511442,1.680349932705249,67.56244952893674
1027,2011,12,고흥,2.7594086021505375,2.2245967741935484,59.62768817204301
1028,2011,12,광양시,3.8786290322580643,2.249193548387097,49.89381720430107
1029,2011,12,광주,2.2584677419354837,2.085215053763441,65.2274193548387
1030,2011,12,구미,0.794758064516129,2.0647849462365593,55.20631720430107
1031,2011,12,군산,1.0274193548387096,1.912231182795699,66.91666666666667
1032,2011,12,금산,-1.3567204301075269,0.9579301075268818,65.76612903225806
1033,2011,12,김해시,4.087096774193548,2.515725806451613,44.388440860215056
1034,2011,12,남원,-0.051075268817204304,1.527284946236559,67.54032258064517
1035,2011,12,남해,3.382930107526882,1.4881720430107528,51.608870967741936
1036,2011,12,대관령,-6.394354838709677,3.7708333333333335,66.84946236559139
1037,2011,12,대구,2.332795698924731,2.1891129032258063,46.29032258064516
1038,2011,12,대전,0.3942204301075269,1.5115591397849462,59.51881720430107
1039,2011,12,동두천,-2.5748655913978493,1.4721774193548387,61.975806451612904
1040,2011,12,동해,1.8998655913978495,2.7861559139784946,47.22043010752688
1041,2011,12,목포,2.8068548387096777,3.0478494623655914,65.84139784946237
1042,2011,12,문경,-0.3780913978494624,2.2603494623655913,48.905913978494624
1043,2011,12,밀양,1.5143817204301075,1.4905913978494623,53.986559139784944
1044,2011,12,백령도,0.3275537634408602,3.9599462365591394,63.0
1045,2011,12,보령,1.1114247311827956,1.8745967741935485,62.12096774193548
1046,2011,12,보성군,3.052284946236559,3.5240591397849466,62.016129032258064
1047,2011,12,보은,-1.8629032258064515,1.4466397849462365,59.26747311827957
1048,2011,12,봉화,-2.8858870967741934,1.50497311827957,61.946236559139784
1049,2011,12,부산,4.412634408602151,3.173521505376344,41.30510752688172
1050,2011,12,부안,1.0620967741935485,1.4026881720430107,73.7258064516129
1051,2011,12,부여,-0.2470430107526882,1.1108870967741935,65.89247311827957
1052,2011,12,북강릉,0.5245967741935484,2.2844086021505374,48.86290322580645
1053,2011,12,북창원,2.6556451612903227,1.80752688172043,42.73790322580645
1054,2011,12,산청,1.9649193548387098,2.5629032258064517,50.034946236559136
1055,2011,12,상주,0.1913978494623656,2.3899193548387094,51.01747311827957
1056,2011,12,서귀포,8.2875,2.2149193548387096,65.03629032258064
1057,2011,12,서산,0.7372311827956989,2.6853494623655916,66.58870967741936
1058,2011,12,서울,-0.8614247311827957,2.6354838709677417,50.51747311827957
1059,2011,12,성산,6.393413978494624,2.381989247311828,66.65994623655914
1060,2011,12,속초,1.2685483870967742,1.9560483870967742,44.13172043010753
1061,2011,12,수원,-0.4543010752688172,1.5723118279569892,62.645161290322584
1062,2011,12,순창군,0.7186827956989248,1.7236559139784948,65.55913978494624
1063,2011,12,순천,1.3986559139784944,2.5841397849462364,61.79704301075269
1064,2011,12,안동,-0.34381720430107526,1.8224462365591398,58.01075268817204
1065,2011,12,양산시,3.8868279569892477,2.32997311827957,43.39784946236559
1066,2011,12,양평,-1.4681451612903225,1.500268817204301,61.34274193548387
1067,2011,12,여수,3.848790322580645,4.862096774193549,45.48924731182796
1068,2011,12,영광군,1.501209677419355,2.282795698924731,69.76612903225806
1069,2011,12,영덕,2.576478494623656,3.620698924731183,47.40725806451613
1070,2011,12,영월,-2.2094086021505377,1.1975806451612903,64.86290322580645
1071,2011,12,영주,-0.7404569892473118,3.7768817204301075,54.79435483870968
1072,2011,12,영천,0.7580645161290323,2.4548387096774196,52.90860215053763
1073,2011,12,완도,3.6579301075268815,2.97002688172043,57.76478494623656
1074,2011,12,울릉도,2.498924731182796,3.421774193548387,66.76747311827957
1075,2011,12,울산,3.1955645161290325,2.6551075268817206,50.96774193548387
1076,2011,12,울진,2.137768817204301,2.8651881720430104,51.549731182795696
1077,2011,12,원주,-1.9801075268817205,1.2756720430107527,57.081989247311824
1078,2011,12,의령군,0.9887096774193549,1.439516129032258,70.0
1079,2011,12,의성,-1.6147849462365593,1.3279569892473118,63.416666666666664
1080,2011,12,이천,-1.7811827956989248,1.287231182795699,58.744623655913976
1081,2011,12,인제,-3.431989247311828,1.7012096774193548,63.58064516129032
1082,2011,12,인천,0.4018842530282638,3.467741935483871,54.06586021505376
1083,2011,12,임실,-1.3041666666666667,1.2905913978494625,66.46639784946237
1084,2011,12,장수,-1.6178763440860215,1.8995967741935482,69.22177419354838
1085,2011,12,장흥,2.5461021505376342,2.449059139784946,62.61827956989247
1086,2011,12,전주,1.07997311827957,1.63252688172043,62.509408602150536
1087,2011,12,정선군,-2.853763440860215,1.7258064516129032,61.920698924731184
1088,2011,12,정읍,1.101747311827957,1.1091397849462366,67.40725806451613
1089,2011,12,제주,7.140994623655914,4.413172043010753,60.784946236559136
1090,2011,12,제천,-3.426747311827957,1.4623655913978495,59.79435483870968
1091,2011,12,주암,1.4208333333333332,1.6150537634408602,65.97311827956989
1092,2011,12,진도(첨찰산),0.5908602150537635,4.490456989247312,75.75403225806451
1093,2011,12,진주,1.3370967741935482,1.1455645161290322,56.159946236559136
1094,2011,12,창원,3.811962365591398,2.1243279569892475,44.14650537634409
1095,2011,12,천안,-0.4506720430107527,2.0583333333333336,62.68817204301075
1096,2011,12,철원,-4.096370967741935,1.2547043010752688,66.38172043010752
1097,2011,12,청송군,-1.5823924731182795,1.749731182795699,62.431451612903224
1098,2011,12,청주,-0.018548387096774196,1.2266129032258064,58.45564516129032
1099,2011,12,추풍령,-0.2981182795698925,3.646505376344086,59.36653225806451
1100,2011,12,춘천,-2.929569892473118,1.0388440860215054,67.45564516129032
1101,2011,12,충주,-1.6166666666666667,1.4060483870967742,62.473118279569896
1102,2011,12,태백,-3.8018817204301074,1.447983870967742,55.99247311827957
1103,2011,12,통영,3.9596774193548385,2.731586021505376,52.48548387096774
1104,2011,12,파주,-2.6829301075268814,1.3204301075268816,66.11827956989248
1105,2011,12,포항,3.741801075268817,2.4689466484268126,46.11075268817204
1106,2011,12,함양군,0.8528225806451613,1.8946164199192463,64.81317204301075
1107,2011,12,합천,0.9567204301075268,1.2721774193548387,59.454301075268816
1108,2011,12,해남,2.3537634408602153,1.8826612903225808,67.68413978494624
1109,2011,12,홍천,-2.99502688172043,0.9778225806451613,61.96774193548387
1110,2011,12,흑산도,5.497983870967742,6.364247311827957,66.22715053763442
