,0,1,2
0,강원도 삼척시,2022.03.05 00:30 / 2022.03.05 01:23,1
1,강원도 삼척시,2022.03.04 17:43 / 2022.03.05 01:21,14
2,강원도 삼척시,2022.03.04 17:43 / 2022.03.04 18:27,10
3,인천광역시 강화군,2022.02.08 16:26 / 2022.02.08 11:31,2000
4,인천광역시 부평구,2022.02.04 16:30 / 2022.02.04 18:45,2000
5,인천광역시 옹진군,2022.02.04 16:30 / 2022.02.04 18:48,2000
6,인천광역시 강화군,2022.01.21 09:40 / 2022.01.21 09:42,2000
7,서울특별시 성북구,2021.12.29 17:00 / 2021.12.29 17:00,2000
8,강원도 동해시,2021.12.25 07:00 / 2021.12.25 11:00,10
9,강원도 강릉시,2021.12.25 05:37 / 2021.12.25 05:37,251
10,강원도 삼척시,2021.12.25 05:31 / 2021.12.27 10:52,1106
11,강원도 강릉시,2021.12.25 04:46 / 2021.12.25 04:46,1604
12,강원도 강릉시,2021.12.25 02:46 / 2021.12.25 15:15,975
13,강원도 강릉시,2021.12.25 00:15 / 2021.12.25 00:15,475
14,경상북도 포항시 북구,2021.08.24 14:39 / 2021.08.24 17:23,1631
15,울산광역시 중구,2021.08.24 01:49 / 2021.08.24 01:57,215
16,경상남도 통영시,2021.08.24 01:11 / 2021.08.24 01:18,1613
17,부산광역시 서구,2021.08.24 01:09 / 2021.08.24 01:25,12
18,전라남도 광양시,2021.08.24 00:20 / 2021.08.24 01:00,62
19,경상남도 거제시,2021.08.23 23:48 / 2021.08.23 23:53,1
20,경상남도 거제시,2021.08.23 23:45 / 2021.08.24 00:12,151
21,경상남도 통영시,2021.08.23 23:44 / 2021.08.23 23:55,50
22,부산광역시 사하구,2021.08.23 23:40 / 2021.08.24 00:19,2
23,경상남도 남해군,2021.08.23 23:17 / 2021.08.24 00:10,691
24,경상남도 남해군,2021.08.23 23:17 / 2021.08.24 00:30,5003
25,경상남도 통영시,2021.08.23 23:12 / 2021.08.23 23:46,287
26,충청북도 음성군,2021.08.09 10:30 / 2021.08.09 10:31,2000
27,충청북도 음성군,2021.08.09 09:40 / 2021.08.09 09:44,2000
28,제주특별자치도 제주시,2021.08.05 14:14 / 2021.08.05 14:17,2286
29,제주특별자치도 제주시,2021.08.05 14:14 / 2021.08.05 14:22,75
30,제주특별자치도 제주시,2021.08.05 14:14 / 2021.08.05 14:21,289
31,제주특별자치도 제주시,2021.08.05 14:14 / 2021.08.05 14:19,2847
32,제주특별자치도 제주시,2021.08.05 14:10 / 2021.08.05 14:14,154
33,제주특별자치도 제주시,2021.08.04 14:00 / 2021.08.04 14:26,641
34,제주특별자치도 제주시,2021.08.04 14:00 / 2021.08.04 14:24,4470
35,제주특별자치도 제주시,2021.08.04 14:00 / 2021.08.04 14:23,3703
36,제주특별자치도 제주시,2021.08.04 14:00 / 2021.08.04 14:22,4266
37,제주특별자치도 제주시,2021.08.04 14:00 / 2021.08.04 14:19,370
38,충청북도 음성군,2021.07.28 14:20 / 2021.07.28 09:25,20000
39,충청북도 음성군,2021.07.27 14:15 / 2021.07.27 09:59,0
40,충청남도 논산시,2021.07.22 15:06 / 2021.07.22 15:04,2000
41,충청남도 논산시,2021.07.22 14:50 / 2021.07.22 14:55,2000
42,부산광역시 남구,2021.07.22 14:36 / 2021.07.22 10:36,1000
43,대전광역시 유성구,2021.07.22 14:35 / 2021.07.22 14:34,2000
44,충청남도 서천군,2021.07.22 14:35 / 2021.07.22 14:33,2000
45,충청남도 아산시,2021.07.22 14:35 / 2021.07.22 14:34,2000
46,충청남도 보령시,2021.07.22 14:35 / 2021.07.22 14:34,2000
47,충청남도 예산군,2021.07.22 14:35 / 2021.07.22 14:34,2000
48,충청남도 공주시,2021.07.22 14:35 / 2021.07.22 14:32,2000
49,충청남도 태안군,2021.07.22 14:34 / 2021.07.22 14:34,2000
50,충청남도 청양군,2021.07.22 14:34 / 2021.07.22 14:34,2000
51,충청남도 금산군,2021.07.22 14:34 / 2021.07.22 14:34,2000
52,충청남도 서산시,2021.07.22 14:34 / 2021.07.22 14:33,2000
53,충청남도 서산시,2021.07.22 14:34 / 2021.07.22 14:34,2000
54,충청남도 당진시,2021.07.22 14:34 / 2021.07.22 14:34,2000
55,충청남도 청양군,2021.07.22 14:34 / 2021.07.22 14:32,2000
56,충청남도 부여군,2021.07.22 14:34 / 2021.07.22 14:34,2000
57,충청남도 홍성군,2021.07.22 14:34 / 2021.07.22 14:34,2000
58,세종특별자치시 세종시,2021.07.22 14:34 / 2021.07.22 14:33,2000
59,대전광역시 동구,2021.07.22 14:34 / 2021.07.22 14:33,2000
60,대전광역시 동구,2021.07.22 14:34 / 2021.07.22 14:36,2000
61,세종특별자치시 세종시,2021.07.22 14:34 / 2021.07.22 14:34,2000
62,대전광역시 대덕구,2021.07.22 14:34 / 2021.07.22 14:40,2000
63,대전광역시 서구,2021.07.22 14:34 / 2021.07.22 14:34,2000
64,충청남도 천안시 동남구,2021.07.22 14:34 / 2021.07.22 14:34,2000
65,충청남도 천안시 서북구,2021.07.22 14:34 / 2021.07.22 14:34,2000
66,경상북도 상주시,2021.07.22 14:30 / 2021.07.22 14:19,2000
67,경상북도 안동시,2021.07.22 14:30 / 2021.07.22 14:18,2000
68,경상북도 영덕군,2021.07.22 14:29 / 2021.07.22 14:29,2000
69,광주광역시 동구,2021.07.22 14:28 / 2021.07.22 14:28,2000
70,강원도 양양군,2021.07.22 14:28 / 2021.07.22 14:28,2000
71,경기도 남양주시,2021.07.22 14:27 / 2021.07.22 14:42,2000
72,충청북도 제천시,2021.07.22 14:27 / 2021.07.22 14:43,2000
73,충청북도 제천시,2021.07.22 14:27 / 2021.07.22 14:37,2000
74,전라남도 목포시,2021.07.22 14:26 / 2021.07.22 14:26,2000
75,전라북도 전주시 완산구,2021.07.22 14:26 / 2021.07.22 14:42,1000
76,경상북도 김천시,2021.07.22 14:26 / 2021.07.22 14:21,2000
77,경상북도 고령군,2021.07.22 14:26 / 2021.07.22 14:23,2002
78,전라남도 완도군,2021.07.22 14:26 / 2021.07.22 14:37,2000
79,전라남도 함평군,2021.07.22 14:26 / 2021.07.22 14:40,2000
80,경상남도 거제시,2021.07.22 14:26 / 2021.07.22 14:17,2000
81,경상남도 함양군,2021.07.22 14:26 / 2021.07.22 14:52,2000
82,경상남도 의령군,2021.07.22 14:26 / 2021.07.22 14:40,2000
83,경상남도 함양군,2021.07.22 14:26 / 2021.07.22 14:19,2000
84,경상남도 산청군,2021.07.22 14:25 / 2021.07.22 14:36,2000
85,충청북도 보은군,2021.07.22 14:25 / 2021.07.22 14:38,2000
86,경기도 가평군,2021.07.22 14:25 / 2021.07.22 14:37,1000
87,전라남도 강진군,2021.07.22 14:24 / 2021.07.22 14:40,2010
88,전라남도 영광군,2021.07.22 14:24 / 2021.07.22 14:40,2000
89,울산광역시 북구,2021.07.22 14:24 / 2021.07.22 14:24,2000
90,울산광역시 북구,2021.07.22 14:23 / 2021.07.22 14:35,2000
91,울산광역시 울주군,2021.07.22 14:23 / 2021.07.22 14:38,2000
92,전라남도 신안군,2021.07.22 14:23 / 2021.07.22 14:22,1000
93,경상남도 산청군,2021.07.22 14:23 / 2021.07.22 14:38,2000
94,전라남도 고흥군,2021.07.22 14:23 / 2021.07.22 14:38,2000
95,전라남도 순천시,2021.07.22 14:23 / 2021.07.22 14:22,2000
96,전라남도 광양시,2021.07.22 14:23 / 2021.07.22 14:38,2000
97,전라남도 여수시,2021.07.22 14:23 / 2021.07.22 14:22,2000
98,전라남도 목포시,2021.07.22 14:22 / 2021.07.22 14:38,2000
99,전라남도 무안군,2021.07.22 14:22 / 2021.07.22 14:23,1200
100,전라남도 화순군,2021.07.22 14:22 / 2021.07.22 14:22,2000
101,경상남도 김해시,2021.07.22 14:22 / 2021.07.22 14:35,2000
102,전라남도 진도군,2021.07.22 14:22 / 2021.07.22 14:22,2000
103,경상남도 남해군,2021.07.22 14:22 / 2021.07.22 14:36,2000
104,광주광역시 남구,2021.07.22 14:22 / 2021.07.22 14:40,2060
105,인천광역시 서구,2021.07.22 14:22 / 2021.07.22 14:38,2000
106,울산광역시 울주군,2021.07.22 14:22 / 2021.07.22 14:22,2000
107,부산광역시 북구,2021.07.22 14:22 / 2021.07.22 14:36,2000
108,부산광역시 기장군,2021.07.22 14:22 / 2021.07.22 14:42,2000
109,부산광역시 동래구,2021.07.22 14:22 / 2021.07.22 14:37,2000
110,부산광역시 기장군,2021.07.22 14:22 / 2021.07.22 14:36,2000
111,부산광역시 북구,2021.07.22 14:22 / 2021.07.22 14:37,2000
112,광주광역시 광산구,2021.07.22 14:22 / 2021.07.22 14:21,2
113,부산광역시 영도구,2021.07.22 14:22 / 2021.07.22 14:37,2000
114,부산광역시 사하구,2021.07.22 14:22 / 2021.07.22 14:36,2000
115,제주특별자치도 서귀포시,2021.07.22 14:22 / 2021.07.22 14:21,2000
116,강원도 화천군,2021.07.22 14:22 / 2021.07.22 14:39,2000
117,제주특별자치도 제주시,2021.07.22 14:21 / 2021.07.22 14:21,2000
118,대구광역시 동구,2021.07.22 14:21 / 2021.07.22 14:49,2000
119,대구광역시 수성구,2021.07.22 14:21 / 2021.07.22 14:20,2000
120,경상북도 경주시,2021.07.22 14:21 / 2021.07.22 14:21,2000
121,경기도 포천시,2021.07.22 14:21 / 2021.07.22 14:37,2000
122,전라남도 여수시,2021.07.22 14:21 / 2021.07.22 14:21,2000
123,강원도 춘천시,2021.07.22 14:20 / 2021.07.22 14:37,2000
124,충청북도 영동군,2021.07.22 14:20 / 2021.07.22 14:36,2000
125,충청북도 진천군,2021.07.22 14:20 / 2021.07.22 14:38,20000
126,충청북도 진천군,2021.07.22 14:20 / 2021.07.22 10:20,1000
127,충청북도 충주시,2021.07.22 14:20 / 2021.07.22 14:41,2000
128,경상북도 군위군,2021.07.22 14:20 / 2021.07.22 14:19,2000
129,경상북도 경산시,2021.07.22 14:20 / 2021.07.22 14:22,2000
130,전라남도 장성군,2021.07.22 14:20 / 2021.07.22 14:22,1000
131,경상북도 영주시,2021.07.22 14:20 / 2021.07.22 14:19,2000
132,경상남도 양산시,2021.07.22 14:20 / 2021.07.22 14:39,2000
133,경상북도 포항시 남구,2021.07.22 14:20 / 2021.07.22 14:21,2000
134,경상북도 구미시,2021.07.22 14:20 / 2021.07.22 14:39,2000
135,경상북도 봉화군,2021.07.22 14:20 / 2021.07.22 14:18,2000
136,전라남도 장성군,2021.07.22 14:20 / 2021.07.22 14:30,2000
137,전라남도 해남군,2021.07.22 14:20 / 2021.07.22 14:39,2000
138,경상북도 예천군,2021.07.22 14:20 / 2021.07.22 14:18,2000
139,경상북도 의성군,2021.07.22 14:20 / 2021.07.22 14:22,2000
140,경상북도 청송군,2021.07.22 14:20 / 2021.07.22 14:18,2000
141,경상북도 성주군,2021.07.22 14:20 / 2021.07.22 14:20,2000
142,광주광역시 남구,2021.07.22 14:20 / 2021.07.22 14:37,2000
143,부산광역시 사하구,2021.07.22 14:20 / 2021.07.22 14:35,2000
144,경기도 동두천시,2021.07.22 14:20 / 2021.07.22 14:34,2000
145,경기도 남양주시,2021.07.22 14:20 / 2021.07.22 14:40,2000
146,부산광역시 강서구,2021.07.22 14:20 / 2021.07.22 14:23,2000
147,대구광역시 달성군,2021.07.22 14:20 / 2021.07.22 14:21,2000
148,강원도 강릉시,2021.07.22 14:20 / 2021.07.22 14:36,2000
149,강원도 횡성군,2021.07.22 14:20 / 2021.07.22 14:39,2000
150,강원도 강릉시,2021.07.22 14:20 / 2021.07.22 14:40,2000
151,제주특별자치도 제주시,2021.07.22 14:20 / 2021.07.22 14:23,2000
152,강원도 철원군,2021.07.22 14:20 / 2021.07.22 14:39,2000
153,강원도 영월군,2021.07.22 14:20 / 2021.07.22 14:34,2000
154,강원도 평창군,2021.07.22 14:20 / 2021.07.22 14:38,2000
155,강원도 인제군,2021.07.22 14:20 / 2021.07.22 14:36,2000
156,강원도 태백시,2021.07.22 14:20 / 2021.07.22 14:37,2000
157,강원도 동해시,2021.07.22 14:20 / 2021.07.22 14:36,2000
158,강원도 원주시,2021.07.22 14:20 / 2021.07.22 14:40,2000
159,강원도 고성군,2021.07.22 14:20 / 2021.07.22 14:19,2000
160,대구광역시 북구,2021.07.22 14:19 / 2021.07.22 14:39,2000
161,경상북도 포항시 북구,2021.07.22 14:19 / 2021.07.22 14:19,2000
162,경상북도 봉화군,2021.07.22 14:19 / 2021.07.22 14:18,2000
163,경상북도 고령군,2021.07.22 14:19 / 2021.07.22 14:38,2500
164,경상남도 함안군,2021.07.22 14:19 / 2021.07.22 14:38,2000
165,전라남도 구례군,2021.07.22 14:19 / 2021.07.22 14:22,2000
166,충청북도 제천시,2021.07.22 14:19 / 2021.07.22 14:20,2000
167,경기도 김포시,2021.07.22 14:18 / 2021.07.22 14:35,2000
168,충청북도 음성군,2021.07.22 14:18 / 2021.07.22 14:22,20000
169,충청북도 옥천군,2021.07.22 14:18 / 2021.07.22 14:37,2000
170,전라남도 담양군,2021.07.22 14:18 / 2021.07.22 14:38,2000
171,경상남도 고성군,2021.07.22 14:18 / 2021.07.22 14:38,2000
172,경상남도 밀양시,2021.07.22 14:18 / 2021.07.22 14:37,2000
173,전라남도 보성군,2021.07.22 14:18 / 2021.07.22 14:23,1000
174,경상남도 하동군,2021.07.22 14:18 / 2021.07.22 14:38,2000
175,경상남도 거창군,2021.07.22 14:18 / 2021.07.22 14:40,2000
176,경상남도 통영시,2021.07.22 14:18 / 2021.07.22 14:36,2000
177,경기도 시흥시,2021.07.22 14:18 / 2021.07.22 14:36,2000
178,경기도 시흥시,2021.07.22 14:18 / 2021.07.22 14:36,2000
179,인천광역시 서구,2021.07.22 14:18 / 2021.07.22 14:37,2000
180,인천광역시 계양구,2021.07.22 14:18 / 2021.07.22 14:36,2000
181,인천광역시 부평구,2021.07.22 14:18 / 2021.07.22 14:36,2000
182,인천광역시 강화군,2021.07.22 14:18 / 2021.07.22 14:36,2000
183,대구광역시 달성군,2021.07.22 14:18 / 2021.07.22 14:20,2000
184,인천광역시 중구,2021.07.22 14:18 / 2021.07.22 14:36,2000
185,경상남도 창원시 진해구,2021.07.22 14:18 / 2021.07.22 14:37,2000
186,경기도 부천시,2021.07.22 14:18 / 2021.07.22 14:38,2000
187,인천광역시 미추홀구,2021.07.22 14:18 / 2021.07.22 14:36,2000
188,강원도 양양군,2021.07.22 14:18 / 2021.07.22 13:00,1000
189,경상남도 창원시 마산합포구,2021.07.22 14:17 / 2021.07.22 14:16,2001
190,강원도 태백시,2021.07.22 14:17 / 2021.07.22 14:37,2000
191,서울특별시 금천구,2021.07.22 14:17 / 2021.07.22 14:27,2000
192,경기도 하남시,2021.07.22 14:17 / 2021.07.22 14:31,2000
193,인천광역시 옹진군,2021.07.22 14:17 / 2021.07.22 14:36,2000
194,경기도 고양시 덕양구,2021.07.22 14:17 / 2021.07.22 14:34,2000
195,경상남도 진주시,2021.07.22 14:17 / 2021.07.22 14:35,2000
196,경상남도 통영시,2021.07.22 14:17 / 2021.07.22 14:35,2000
197,경상북도 경주시,2021.07.22 14:17 / 2021.07.22 14:19,2000
198,경상남도 합천군,2021.07.22 14:17 / 2021.07.22 14:40,2000
199,전라북도 무주군,2021.07.22 14:17 / 2021.07.22 14:38,2000
200,전라북도 전주시 완산구,2021.07.22 14:17 / 2021.07.22 14:37,2000
201,경기도 양평군,2021.07.22 14:17 / 2021.07.22 14:33,2000
202,전라북도 임실군,2021.07.22 14:17 / 2021.07.22 14:38,2000
203,전라북도 남원시,2021.07.22 14:17 / 2021.07.22 14:38,2000
204,전라북도 장수군,2021.07.22 14:17 / 2021.07.22 14:43,2000
205,전라북도 부안군,2021.07.22 14:17 / 2021.07.22 14:42,2000
206,전라북도 정읍시,2021.07.22 14:17 / 2021.07.22 14:38,2000
207,전라북도 진안군,2021.07.22 14:17 / 2021.07.22 14:38,2000
208,전라북도 군산시,2021.07.22 14:17 / 2021.07.22 14:17,2000
209,전라북도 익산시,2021.07.22 14:17 / 2021.07.22 14:37,2000
210,전라북도 익산시,2021.07.22 14:17 / 2021.07.22 14:40,2000
211,전라북도 김제시,2021.07.22 14:17 / 2021.07.22 14:41,2000
212,전라북도 전주시 덕진구,2021.07.22 14:17 / 2021.07.22 14:37,2000
213,전라북도 순창군,2021.07.22 14:17 / 2021.07.22 14:37,2000
214,전라북도 김제시,2021.07.22 14:17 / 2021.07.22 14:37,2000
215,전라북도 고창군,2021.07.22 14:17 / 2021.07.22 14:42,2000
216,경기도 연천군,2021.07.22 14:16 / 2021.07.22 14:36,2000
217,서울특별시 영등포구,2021.07.22 14:16 / 2021.07.22 14:31,2000
218,경기도 평택시,2021.07.22 14:16 / 2021.07.22 14:27,2000
219,서울특별시 서초구,2021.07.22 14:16 / 2021.07.22 14:31,2000
220,경상남도 창원시 의창구,2021.07.22 14:16 / 2021.07.22 14:39,2000
221,강원도 동해시,2021.07.22 14:15 / 2021.07.22 14:20,2000
222,강원도 홍천군,2021.07.22 14:15 / 2021.07.22 14:20,2000
223,경기도 고양시 일산동구,2021.07.22 14:15 / 2021.07.22 14:32,2000
224,경기도 의정부시,2021.07.22 14:15 / 2021.07.22 14:38,2000
225,서울특별시 강남구,2021.07.22 14:15 / 2021.07.22 14:30,2000
226,서울특별시 구로구,2021.07.22 14:15 / 2021.07.22 14:28,2000
227,서울특별시 관악구,2021.07.22 14:15 / 2021.07.22 14:25,2000
228,경상북도 칠곡군,2021.07.22 14:15 / 2021.07.22 14:20,2000
229,서울특별시 강남구,2021.07.22 14:14 / 2021.07.22 14:26,2000
230,서울특별시 강북구,2021.07.22 14:14 / 2021.07.22 14:28,2000
231,서울특별시 강서구,2021.07.22 14:14 / 2021.07.22 14:26,2000
232,경기도 가평군,2021.07.22 14:14 / 2021.07.22 14:32,2000
233,서울특별시 성동구,2021.07.22 14:13 / 2021.07.22 14:26,2000
234,서울특별시 강북구,2021.07.22 14:13 / 2021.07.22 14:27,2000
235,서울특별시 마포구,2021.07.22 14:13 / 2021.07.22 14:27,2000
236,경기도 안양시 만안구,2021.07.22 14:13 / 2021.07.22 14:23,2400
237,서울특별시 노원구,2021.07.22 14:13 / 2021.07.22 14:26,2000
238,경기도 용인시 수지구,2021.07.22 14:13 / 2021.07.22 14:24,2000
239,경기도 여주시,2021.07.22 14:12 / 2021.07.22 14:24,2000
240,경기도 성남시 중원구,2021.07.22 14:12 / 2021.07.22 14:25,2000
241,경기도 성남시 분당구,2021.07.22 14:12 / 2021.07.22 14:29,2000
242,서울특별시 은평구,2021.07.22 14:12 / 2021.07.22 14:26,2000
243,서울특별시 종로구,2021.07.22 14:12 / 2021.07.22 14:26,2000
244,전라남도 나주시,2021.07.22 14:12 / 2021.07.22 14:23,1000
245,경기도 광주시,2021.07.22 14:11 / 2021.07.22 14:22,2000
246,충청북도 영동군,2021.07.22 14:10 / 2021.07.22 14:21,2000
247,경기도 화성시,2021.07.22 14:10 / 2021.07.22 14:18,2000
248,경기도 가평군,2021.07.22 14:10 / 2021.07.22 13:46,2000
249,경기도 오산시,2021.07.22 14:10 / 2021.07.22 14:19,2000
250,경기도 평택시,2021.07.22 14:10 / 2021.07.22 14:19,2000
251,서울특별시 마포구,2021.07.22 14:10 / 2021.07.22 14:26,2000
252,경기도 안성시,2021.07.22 14:10 / 2021.07.22 14:21,2000
253,경기도 파주시,2021.07.22 14:10 / 2021.07.22 14:33,1000
254,경기도 평택시,2021.07.22 14:10 / 2021.07.22 14:23,2000
255,서울특별시 동대문구,2021.07.22 14:10 / 2021.07.22 14:22,2000
256,경상북도 울릉군,2021.07.22 14:10 / 2021.07.22 14:28,2005
257,경상북도 영천시,2021.07.22 14:10 / 2021.07.22 14:21,2100
258,경상북도 울릉군,2021.07.22 14:10 / 2021.07.22 14:44,1005
259,경상북도 울릉군,2021.07.22 14:10 / 2021.07.22 14:52,2005
260,전라남도 영암군,2021.07.22 14:10 / 2021.07.22 14:38,2000
261,경기도 수원시 권선구,2021.07.22 14:09 / 2021.07.22 14:18,2000
262,경기도 하남시,2021.07.22 14:09 / 2021.07.22 14:18,2000
263,경기도 용인시 처인구,2021.07.22 14:05 / 2021.07.22 14:17,2000
264,인천광역시 남동구,2021.07.22 14:05 / 2021.07.22 14:36,2000
265,충청북도 증평군,2021.07.22 14:05 / 2021.07.22 14:40,2000
266,충청남도 논산시,2021.07.22 14:01 / 2021.07.22 14:37,2000
267,충청북도 충주시,2021.07.22 14:00 / 2021.07.22 14:39,2000
268,경기도 가평군,2021.07.22 14:00 / 2021.07.22 14:37,2000
269,충청북도 단양군,2021.07.22 14:00 / 2021.07.22 14:37,2000
270,경기도 광주시,2021.07.22 14:00 / 2021.07.22 14:36,2000
271,전라남도 곡성군,2021.07.22 14:00 / 2021.07.22 14:21,2000
272,강원도 고성군,2021.07.22 14:00 / 2021.07.22 14:38,2000
273,충청북도 청주시 청원구,2021.07.22 14:00 / 2021.07.22 14:38,2000
274,강원도 삼척시,2021.07.22 14:00 / 2021.07.22 14:36,2000
275,강원도 원주시,2021.07.22 14:00 / 2021.07.22 14:36,2000
276,충청북도 청주시 서원구,2021.07.22 14:00 / 2021.07.22 14:37,2000
277,강원도 정선군,2021.07.22 14:00 / 2021.07.22 14:21,2000
278,강원도 양구군,2021.07.22 14:00 / 2021.07.22 14:20,2000
279,경기도 수원시 권선구,2021.07.22 14:00 / 2021.07.22 14:18,2000
280,경기도 이천시,2021.07.22 14:00 / 2021.07.22 14:19,2000
281,서울특별시 서초구,2021.07.22 14:00 / 2021.07.22 14:25,2001
282,부산광역시 부산진구,2021.07.22 14:00 / 2021.07.22 14:32,2000
283,경기도 안산시 단원구,2021.07.22 14:00 / 2021.07.22 14:22,2000
284,경기도 광명시,2021.07.22 14:00 / 2021.07.22 14:19,2000
285,경기도 군포시,2021.07.22 14:00 / 2021.07.22 14:27,2000
286,경상북도 울진군,2021.07.22 14:00 / 2021.07.22 14:29,2000
287,경상북도 영양군,2021.07.22 14:00 / 2021.07.22 14:18,2000
288,경상남도 사천시,2021.07.22 14:00 / 2021.07.22 14:21,2000
289,경상북도 구미시,2021.07.22 14:00 / 2021.07.22 14:19,2000
290,경상북도 구미시,2021.07.22 14:00 / 2021.07.22 14:19,2000
291,경상북도 울진군,2021.07.22 14:00 / 2021.07.22 14:27,2000
292,경상남도 창녕군,2021.07.22 14:00 / 2021.07.22 14:18,2000
293,경상북도 경산시,2021.07.22 14:00 / 2021.07.22 14:40,2000
294,경상남도 함안군,2021.07.22 14:00 / 2021.07.22 14:38,2000
295,전라남도 강진군,2021.07.22 14:00 / 2021.07.22 14:40,2000
296,경기도 파주시,2021.07.22 13:50 / 2021.07.22 10:10,1000
297,전라북도 익산시,2021.07.22 13:39 / 2021.07.22 13:39,1000
298,전라북도 장수군,2021.07.22 13:38 / 2021.07.22 13:43,1000
299,전라북도 군산시,2021.07.22 13:37 / 2021.07.22 13:37,1000
300,충청북도 음성군,2021.07.22 13:36 / 2021.07.22 13:35,1000
301,전라북도 부안군,2021.07.22 13:36 / 2021.07.22 13:42,1000
302,경기도 하남시,2021.07.22 13:36 / 2021.07.22 13:35,1000
303,전라북도 고창군,2021.07.22 13:35 / 2021.07.22 13:34,1000
304,서울특별시 금천구,2021.07.22 13:34 / 2021.07.22 13:32,1000
305,서울특별시 강남구,2021.07.22 13:33 / 2021.07.22 13:33,1000
306,전라북도 김제시,2021.07.22 13:33 / 2021.07.22 13:33,1000
307,전라북도 진안군,2021.07.22 13:33 / 2021.07.22 13:40,1000
308,전라북도 남원시,2021.07.22 13:32 / 2021.07.22 13:40,1000
309,전라북도 순창군,2021.07.22 13:32 / 2021.07.22 13:39,1000
310,전라북도 김제시,2021.07.22 13:32 / 2021.07.22 13:36,1000
311,서울특별시 강서구,2021.07.22 13:32 / 2021.07.22 13:31,1000
312,서울특별시 영등포구,2021.07.22 13:32 / 2021.07.22 13:32,1000
313,서울특별시 서초구,2021.07.22 13:32 / 2021.07.22 13:32,1000
314,서울특별시 관악구,2021.07.22 13:32 / 2021.07.22 13:32,1000
315,서울특별시 강남구,2021.07.22 13:31 / 2021.07.22 13:31,1000
316,전라북도 임실군,2021.07.22 13:31 / 2021.07.22 13:30,1000
317,전라북도 무주군,2021.07.22 13:31 / 2021.07.22 13:37,1000
318,전라북도 익산시,2021.07.22 13:29 / 2021.07.22 13:28,1000
319,전라북도 정읍시,2021.07.22 13:29 / 2021.07.22 13:29,1000
320,서울특별시 서초구,2021.07.22 13:15 / 2021.07.22 13:36,1001
321,경상북도 예천군,2021.07.22 13:00 / 2021.07.22 09:54,1000
322,전라북도 장수군,2021.07.22 11:33 / 2021.07.22 11:33,1000
323,전라북도 부안군,2021.07.22 11:33 / 2021.07.22 11:32,1000
324,전라북도 고창군,2021.07.22 11:32 / 2021.07.22 11:32,1000
325,전라북도 김제시,2021.07.22 11:31 / 2021.07.22 11:30,1000
326,전라북도 남원시,2021.07.22 11:30 / 2021.07.22 11:28,1000
327,전라북도 익산시,2021.07.22 11:30 / 2021.07.22 11:29,1000
328,전라북도 임실군,2021.07.22 11:30 / 2021.07.22 11:30,1000
329,부산광역시 사하구,2021.07.22 11:30 / 2021.07.22 10:34,1000
330,전라북도 순창군,2021.07.22 11:29 / 2021.07.22 11:28,1000
331,전라북도 진안군,2021.07.22 11:28 / 2021.07.22 11:43,1000
332,전라북도 정읍시,2021.07.22 11:28 / 2021.07.22 11:27,1000
333,전라북도 무주군,2021.07.22 11:28 / 2021.07.22 11:27,1000
334,전라북도 군산시,2021.07.22 11:28 / 2021.07.22 11:27,1000
335,전라북도 익산시,2021.07.22 11:28 / 2021.07.22 11:28,1000
336,전라북도 전주시 완산구,2021.07.22 11:28 / 2021.07.22 11:32,1000
337,전라북도 김제시,2021.07.22 11:27 / 2021.07.22 11:27,1000
338,전라북도 전주시 덕진구,2021.07.22 11:26 / 2021.07.22 11:26,1000
339,전라북도 임실군,2021.07.22 10:53 / 2021.07.22 10:34,1000
340,부산광역시 기장군,2021.07.22 10:40 / 2021.07.22 10:42,1000
341,부산광역시 강서구,2021.07.22 10:40 / 2021.07.22 10:43,1000
342,전라북도 장수군,2021.07.22 10:39 / 2021.07.22 10:37,1000
343,전라북도 정읍시,2021.07.22 10:39 / 2021.07.22 10:39,1000
344,전라북도 김제시,2021.07.22 10:38 / 2021.07.22 10:37,1000
345,부산광역시 영도구,2021.07.22 10:38 / 2021.07.22 10:37,10000
346,전라북도 고창군,2021.07.22 10:37 / 2021.07.22 10:36,1000
347,전라북도 부안군,2021.07.22 10:37 / 2021.07.22 10:36,1000
348,전라북도 김제시,2021.07.22 10:36 / 2021.07.22 10:35,1000
349,부산광역시 강서구,2021.07.22 10:36 / 2021.07.22 10:36,1000
350,부산광역시 금정구,2021.07.22 10:35 / 2021.07.22 10:34,1000
351,부산광역시 사하구,2021.07.22 10:35 / 2021.07.22 10:35,1000
352,울산광역시 울주군,2021.07.22 10:35 / 2021.07.22 10:34,1000
353,울산광역시 울주군,2021.07.22 10:35 / 2021.07.22 10:35,1000
354,경상남도 김해시,2021.07.22 10:35 / 2021.07.22 10:35,1000
355,전라북도 익산시,2021.07.22 10:35 / 2021.07.22 10:34,1000
356,부산광역시 부산진구,2021.07.22 10:34 / 2021.07.22 10:33,1000
357,부산광역시 기장군,2021.07.22 10:34 / 2021.07.22 10:35,1000
358,전라북도 순창군,2021.07.22 10:33 / 2021.07.22 10:32,1000
359,전라북도 진안군,2021.07.22 10:32 / 2021.07.22 10:48,1000
360,전라북도 무주군,2021.07.22 10:32 / 2021.07.22 10:31,1000
361,전라북도 전주시 완산구,2021.07.22 10:32 / 2021.07.22 10:37,1000
362,전라북도 군산시,2021.07.22 10:32 / 2021.07.22 10:32,1000
363,전라북도 전주시 덕진구,2021.07.22 10:31 / 2021.07.22 10:31,1000
364,충청북도 영동군,2021.07.22 10:30 / 2021.07.22 10:19,1000
365,전라북도 남원시,2021.07.22 10:30 / 2021.07.22 10:33,1000
366,울산광역시 북구,2021.07.22 10:30 / 2021.07.22 10:35,1000
367,울산광역시 북구,2021.07.22 10:30 / 2021.07.22 10:36,1000
368,부산광역시 부산진구,2021.07.22 10:30 / 2021.07.22 10:35,1000
369,경상남도 양산시,2021.07.22 10:30 / 2021.07.22 10:33,1000
370,전라북도 익산시,2021.07.22 10:26 / 2021.07.22 10:26,1000
371,서울특별시 강남구,2021.07.22 10:22 / 2021.07.22 10:22,1000
372,경기도 성남시 수정구,2021.07.22 10:20 / 2021.07.22 10:21,1000
373,경기도 평택시,2021.07.22 10:19 / 2021.07.22 10:18,1000
374,경기도 용인시 수지구,2021.07.22 10:18 / 2021.07.22 10:18,1000
375,경기도 광주시,2021.07.22 10:17 / 2021.07.22 10:25,1000
376,경기도 화성시,2021.07.22 10:16 / 2021.07.22 10:15,1000
377,경기도 여주시,2021.07.22 10:16 / 2021.07.22 10:16,1000
378,인천광역시 서구,2021.07.22 10:16 / 2021.07.22 10:16,1000
379,경기도 오산시,2021.07.22 10:16 / 2021.07.22 10:16,1000
380,경기도 수원시 권선구,2021.07.22 10:15 / 2021.07.22 10:15,1000
381,경기도 시흥시,2021.07.22 10:15 / 2021.07.22 10:15,1000
382,경기도 하남시,2021.07.22 10:15 / 2021.07.22 10:15,1000
383,인천광역시 강화군,2021.07.22 10:15 / 2021.07.22 10:15,1000
384,경기도 평택시,2021.07.22 10:15 / 2021.07.22 10:15,1000
385,경기도 안양시 동안구,2021.07.22 10:15 / 2021.07.22 10:24,1320
386,경기도 평택시,2021.07.22 10:15 / 2021.07.22 10:16,1000
387,경기도 부천시,2021.07.22 10:15 / 2021.07.22 10:15,1000
388,충청북도 음성군,2021.07.22 10:15 / 2021.07.22 10:10,100
389,경기도 시흥시,2021.07.22 10:14 / 2021.07.22 10:15,1000
390,서울특별시 관악구,2021.07.22 10:13 / 2021.07.22 10:12,1000
391,경기도 안산시 단원구,2021.07.22 10:10 / 2021.07.22 10:15,1000
392,경기도 용인시 처인구,2021.07.22 10:07 / 2021.07.22 10:16,1000
393,경기도 광명시,2021.07.22 10:00 / 2021.07.22 10:15,1000
394,경기도 안성시,2021.07.22 10:00 / 2021.07.22 10:24,1000
395,경기도 수원시 권선구,2021.07.22 10:00 / 2021.07.22 10:15,1000
396,경기도 이천시,2021.07.22 10:00 / 2021.07.22 10:16,1000
397,경기도 군포시,2021.07.22 10:00 / 2021.07.22 10:17,1000
398,충청북도 청주시 서원구,2021.07.22 10:00 / 2021.07.22 10:20,1000
399,충청북도 충주시,2021.07.22 10:00 / 2021.07.22 10:22,1000
400,충청북도 충주시,2021.07.22 10:00 / 2021.07.22 10:10,110
401,충청북도 충주시,2021.07.22 10:00 / 2021.07.22 10:36,0
402,경기도 광주시,2021.07.22 10:00 / 2021.07.22 10:18,1000
403,경기도 성남시 분당구,2021.07.22 09:05 / 2021.07.22 10:15,1000
404,부산광역시 사상구,2021.07.22 06:05 / 2021.07.22 11:22,1000
405,경상북도 문경시,2021.07.22 00:00 / 2021.07.22 14:19,2000
406,서울특별시 송파구,2021.07.21 18:00 / 2021.07.21 23:58,2000
407,충청북도 음성군,2021.07.21 16:25 / 2021.07.21 16:20,5000
408,충청북도 음성군,2021.07.21 16:25 / 2021.07.21 16:22,1000
409,충청북도 보은군,2021.07.21 16:20 / 2021.07.21 16:18,1000
410,충청북도 제천시,2021.07.21 16:19 / 2021.07.21 16:39,1000
411,충청북도 옥천군,2021.07.21 16:17 / 2021.07.21 16:18,1000
412,충청북도 제천시,2021.07.21 16:17 / 2021.07.21 16:34,1000
413,충청북도 제천시,2021.07.21 16:17 / 2021.07.21 16:19,1000
414,부산광역시 남구,2021.07.21 16:15 / 2021.07.21 16:49,1000
415,부산광역시 부산진구,2021.07.21 16:15 / 2021.07.21 16:48,1000
416,충청북도 영동군,2021.07.21 16:10 / 2021.07.21 16:19,1000
417,충청북도 음성군,2021.07.21 16:10 / 2021.07.21 16:11,0
418,충청북도 단양군,2021.07.21 16:00 / 2021.07.21 16:19,1000
419,충청북도 충주시,2021.07.21 16:00 / 2021.07.21 16:20,220
420,충청북도 충주시,2021.07.21 16:00 / 2021.07.21 16:12,110
421,충청북도 충주시,2021.07.21 16:00 / 2021.07.21 16:35,220
422,충청북도 충주시,2021.07.21 16:00 / 2021.07.21 16:19,1001
423,충청북도 청주시 청원구,2021.07.21 16:00 / 2021.07.21 16:20,1000
424,충청북도 청주시 서원구,2021.07.21 16:00 / 2021.07.21 16:18,1000
425,충청북도 증평군,2021.07.21 16:00 / 2021.07.21 16:18,1000
426,충청북도 청주시 청원구,2021.07.21 16:00 / 2021.07.21 16:39,1000
427,서울특별시 성동구,2021.07.21 15:02 / 2021.07.21 15:08,1000
428,서울특별시 강북구,2021.07.21 15:02 / 2021.07.21 15:09,1000
429,서울특별시 종로구,2021.07.21 15:01 / 2021.07.21 15:01,1000
430,서울특별시 서초구,2021.07.21 15:00 / 2021.07.21 15:56,1001
431,서울특별시 노원구,2021.07.21 15:00 / 2021.07.21 15:02,1000
432,광주광역시 북구,2021.07.21 14:50 / 2021.07.22 11:09,1000
433,부산광역시 강서구,2021.07.21 14:50 / 2021.07.21 14:48,1000
434,전라북도 진안군,2021.07.21 14:35 / 2021.07.21 14:41,1000
435,충청북도 제천시,2021.07.21 14:35 / 2021.07.21 14:35,1000
436,전라남도 여수시,2021.07.21 14:30 / 2021.07.21 14:27,1000
437,충청북도 음성군,2021.07.21 14:30 / 2021.07.21 14:27,0
438,전라남도 목포시,2021.07.21 14:30 / 2021.07.21 14:26,1000
439,충청북도 청주시 흥덕구,2021.07.21 14:30 / 2021.07.21 14:28,1000
440,전라남도 순천시,2021.07.21 14:28 / 2021.07.21 14:25,1000
441,서울특별시 노원구,2021.07.21 14:27 / 2021.07.21 14:28,1000
442,전라남도 진도군,2021.07.21 14:27 / 2021.07.21 14:27,1000
443,전라남도 진도군,2021.07.21 14:27 / 2021.07.21 14:37,1000
444,전라남도 장흥군,2021.07.21 14:26 / 2021.07.21 14:26,1000
445,전라남도 신안군,2021.07.21 14:25 / 2021.07.21 14:27,1000
446,전라남도 해남군,2021.07.21 14:25 / 2021.07.21 14:23,1000
447,전라남도 완도군,2021.07.21 14:25 / 2021.07.21 14:23,1000
448,광주광역시 북구,2021.07.21 14:25 / 2021.07.21 11:58,1000
449,경기도 시흥시,2021.07.21 14:24 / 2021.07.21 14:23,1000
450,경기도 부천시,2021.07.21 14:24 / 2021.07.21 14:24,1000
451,인천광역시 미추홀구,2021.07.21 14:23 / 2021.07.21 14:23,1000
452,인천광역시 중구,2021.07.21 14:23 / 2021.07.21 14:22,1000
453,인천광역시 서구,2021.07.21 14:23 / 2021.07.21 14:23,1000
454,인천광역시 계양구,2021.07.21 14:23 / 2021.07.21 14:22,1000
455,인천광역시 강화군,2021.07.21 14:23 / 2021.07.21 14:23,1000
456,인천광역시 부평구,2021.07.21 14:23 / 2021.07.21 14:23,1000
457,경기도 시흥시,2021.07.21 14:23 / 2021.07.21 14:23,1000
458,인천광역시 옹진군,2021.07.21 14:23 / 2021.07.21 14:23,1000
459,전라남도 여수시,2021.07.21 14:23 / 2021.07.21 14:23,1000
460,경기도 김포시,2021.07.21 14:23 / 2021.07.21 14:23,1000
461,광주광역시 서구,2021.07.21 14:22 / 2021.07.21 14:22,1020
462,전라남도 영광군,2021.07.21 14:22 / 2021.07.21 14:23,1100
463,전라남도 고흥군,2021.07.21 14:22 / 2021.07.21 14:22,1000
464,충청북도 옥천군,2021.07.21 14:21 / 2021.07.21 14:25,1000
465,전라남도 나주시,2021.07.21 14:20 / 2021.07.21 14:22,1000
466,충청북도 진천군,2021.07.21 14:20 / 2021.07.21 13:55,1000
467,충청북도 영동군,2021.07.21 14:20 / 2021.07.21 14:25,1000
468,전라남도 구례군,2021.07.21 14:20 / 2021.07.21 14:24,1000
469,전라남도 목포시,2021.07.21 14:20 / 2021.07.21 14:23,1000
470,경상남도 거제시,2021.07.21 14:20 / 2021.07.22 09:59,1000
471,전라남도 장성군,2021.07.21 14:20 / 2021.07.21 14:22,1000
472,전라남도 강진군,2021.07.21 14:20 / 2021.07.21 14:23,1002
473,경상남도 거제시,2021.07.21 14:20 / 2021.07.22 10:08,1000
474,전라남도 영암군,2021.07.21 14:20 / 2021.07.21 14:25,1000
475,전라남도 보성군,2021.07.21 14:20 / 2021.07.21 14:30,1000
476,서울특별시 강북구,2021.07.21 14:20 / 2021.07.21 14:19,1000
477,광주광역시 동구,2021.07.21 14:20 / 2021.07.21 14:24,1000
478,서울특별시 성동구,2021.07.21 14:20 / 2021.07.21 14:20,1000
479,서울특별시 마포구,2021.07.21 14:20 / 2021.07.21 14:19,1000
480,인천광역시 서구,2021.07.21 14:20 / 2021.07.21 14:23,1000
481,서울특별시 은평구,2021.07.21 14:20 / 2021.07.21 14:19,1000
482,서울특별시 강북구,2021.07.21 14:19 / 2021.07.21 14:19,1000
483,광주광역시 남구,2021.07.21 14:19 / 2021.07.21 14:19,1000
484,서울특별시 종로구,2021.07.21 14:18 / 2021.07.21 14:18,1000
485,전라남도 무안군,2021.07.21 14:18 / 2021.07.21 14:22,1280
486,서울특별시 동대문구,2021.07.21 14:16 / 2021.07.21 14:20,1000
487,광주광역시 광산구,2021.07.21 14:15 / 2021.07.21 14:23,20
488,충청북도 진천군,2021.07.21 14:15 / 2021.07.21 14:20,1000
489,전라남도 담양군,2021.07.21 14:15 / 2021.07.21 14:22,1000
490,충청북도 제천시,2021.07.21 14:10 / 2021.07.21 14:21,1000
491,서울특별시 마포구,2021.07.21 14:10 / 2021.07.21 14:19,1000
492,전라남도 함평군,2021.07.21 14:08 / 2021.07.21 14:22,1000
493,서울특별시 서초구,2021.07.21 14:05 / 2021.07.21 14:25,1001
494,인천광역시 남동구,2021.07.21 14:05 / 2021.07.21 14:23,1000
495,전라남도 화순군,2021.07.21 14:00 / 2021.07.21 14:22,1000
496,충청북도 청주시 청원구,2021.07.21 14:00 / 2021.07.21 14:22,1000
497,충청북도 증평군,2021.07.21 14:00 / 2021.07.21 14:20,1000
498,충청북도 청주시 서원구,2021.07.21 14:00 / 2021.07.21 14:19,1000
499,충청북도 충주시,2021.07.21 14:00 / 2021.07.21 15:32,110
500,충청북도 음성군,2021.07.21 14:00 / 2021.07.21 14:41,100
501,충청북도 충주시,2021.07.21 14:00 / 2021.07.21 15:23,110
502,전라남도 곡성군,2021.07.21 14:00 / 2021.07.21 14:21,1000
503,충청북도 충주시,2021.07.21 14:00 / 2021.07.21 15:29,110
504,충청북도 단양군,2021.07.21 14:00 / 2021.07.21 14:28,1000
505,충청북도 단양군,2021.07.21 14:00 / 2021.07.21 14:30,1000
506,충청북도 단양군,2021.07.21 14:00 / 2021.07.21 15:41,1000
507,충청북도 충주시,2021.07.21 14:00 / 2021.07.21 14:20,1001
508,충청북도 충주시,2021.07.21 14:00 / 2021.07.21 14:31,110
509,충청북도 충주시,2021.07.21 14:00 / 2021.07.21 14:51,110
510,충청북도 제천시,2021.07.21 14:00 / 2021.07.21 14:50,1000
511,인천광역시 미추홀구,2021.07.21 13:15 / 2021.07.21 13:14,1000
512,전라북도 군산시,2021.07.21 12:52 / 2021.07.21 12:51,1000
513,경상남도 창원시 의창구,2021.07.21 12:00 / 2021.07.22 13:06,1000
514,부산광역시 기장군,2021.07.21 11:14 / 2021.07.21 11:21,1000
515,경기도 수원시 팔달구,2021.07.21 10:29 / 2021.07.21 10:29,1000
516,인천광역시 서구,2021.07.21 10:24 / 2021.07.21 10:23,1000
517,인천광역시 중구,2021.07.21 10:21 / 2021.07.21 10:40,1000
518,인천광역시 부평구,2021.07.21 10:21 / 2021.07.21 10:21,1000
519,인천광역시 부평구,2021.07.21 10:20 / 2021.07.21 10:20,1000
520,인천광역시 중구,2021.07.21 10:20 / 2021.07.21 10:19,1000
521,경기도 시흥시,2021.07.21 10:20 / 2021.07.21 10:20,1000
522,인천광역시 옹진군,2021.07.21 10:20 / 2021.07.21 10:20,1000
523,경기도 시흥시,2021.07.21 10:20 / 2021.07.21 10:20,1000
524,인천광역시 서구,2021.07.21 10:20 / 2021.07.21 10:20,1000
525,경기도 부천시,2021.07.21 10:20 / 2021.07.21 10:20,1000
526,경기도 김포시,2021.07.21 10:20 / 2021.07.21 10:20,1000
527,전라북도 김제시,2021.07.21 10:20 / 2021.07.21 15:24,1000
528,인천광역시 강화군,2021.07.21 10:19 / 2021.07.21 10:19,1000
529,인천광역시 남동구,2021.07.21 10:10 / 2021.07.21 10:20,1000
530,부산광역시 동래구,2021.07.21 10:00 / 2021.07.21 16:41,1000
531,전라남도 함평군,2021.07.21 10:00 / 2021.07.21 10:32,1000
532,부산광역시 남구,2021.07.21 09:50 / 2021.07.21 09:30,1000
533,경상남도 창원시 진해구,2021.07.21 09:30 / 2021.07.21 09:30,1000
534,경기도 안성시,2021.07.21 09:00 / 2021.07.21 09:39,1000
535,서울특별시 관악구,2021.07.21 09:00 / 2021.07.21 18:00,2000
536,서울특별시 관악구,2021.07.21 04:00 / 2021.07.21 18:16,2000
537,경기도 파주시,2021.07.21 00:15 / 2021.07.21 14:32,1000
538,충청남도 논산시,2021.07.20 21:00 / 2021.07.20 21:01,1000
539,대전광역시 대덕구,2021.07.20 20:01 / 2021.07.20 16:59,100
540,충청남도 논산시,2021.07.20 20:00 / 2021.07.20 15:35,1000
541,충청남도 논산시,2021.07.20 20:00 / 2021.07.20 15:52,300
542,충청남도 서산시,2021.07.20 20:00 / 2021.07.20 15:31,1000
543,충청남도 서산시,2021.07.20 20:00 / 2021.07.20 15:54,300
544,충청남도 서천군,2021.07.20 19:45 / 2021.07.20 21:02,1000
545,충청남도 서천군,2021.07.20 19:45 / 2021.07.20 15:32,10000
546,충청남도 서천군,2021.07.20 19:30 / 2021.07.20 16:57,1000
547,충청남도 공주시,2021.07.20 19:17 / 2021.07.20 16:56,1000
548,충청남도 당진시,2021.07.20 19:15 / 2021.07.20 20:20,1000
549,충청남도 당진시,2021.07.20 19:06 / 2021.07.20 17:00,1000
550,대전광역시 유성구,2021.07.20 19:03 / 2021.07.20 16:57,1000
551,대전광역시 유성구,2021.07.20 19:02 / 2021.07.20 15:31,1000
552,대전광역시 대덕구,2021.07.20 19:00 / 2021.07.20 15:37,1000
553,세종특별자치시 세종시,2021.07.20 19:00 / 2021.07.20 15:31,1000
554,대전광역시 동구,2021.07.20 19:00 / 2021.07.20 15:31,1000
555,세종특별자치시 세종시,2021.07.20 19:00 / 2021.07.20 15:32,1000
556,대전광역시 서구,2021.07.20 19:00 / 2021.07.20 16:58,1000
557,세종특별자치시 세종시,2021.07.20 19:00 / 2021.07.20 20:11,1000
558,세종특별자치시 세종시,2021.07.20 19:00 / 2021.07.20 17:00,1000
559,대전광역시 서구,2021.07.20 19:00 / 2021.07.20 15:31,1000
560,대전광역시 대덕구,2021.07.20 19:00 / 2021.07.20 17:04,1000
561,대전광역시 대덕구,2021.07.20 19:00 / 2021.07.20 15:59,300
562,충청남도 천안시 서북구,2021.07.20 19:00 / 2021.07.20 16:58,1000
563,충청남도 천안시 서북구,2021.07.20 19:00 / 2021.07.20 15:31,1000
564,충청남도 천안시 동남구,2021.07.20 19:00 / 2021.07.20 15:31,1000
565,충청남도 서산시,2021.07.20 19:00 / 2021.07.20 15:31,1000
566,충청남도 청양군,2021.07.20 19:00 / 2021.07.20 16:57,1000
567,충청남도 청양군,2021.07.20 19:00 / 2021.07.20 15:31,1000
568,충청남도 아산시,2021.07.20 19:00 / 2021.07.20 16:58,1000
569,충청남도 서산시,2021.07.20 19:00 / 2021.07.20 16:58,1000
570,충청남도 홍성군,2021.07.20 19:00 / 2021.07.20 15:34,1000
571,충청남도 홍성군,2021.07.20 19:00 / 2021.07.20 16:58,1000
572,충청남도 보령시,2021.07.20 19:00 / 2021.07.20 16:58,1000
573,충청남도 부여군,2021.07.20 19:00 / 2021.07.20 15:30,1000
574,충청남도 논산시,2021.07.20 19:00 / 2021.07.20 16:58,1000
575,충청남도 당진시,2021.07.20 19:00 / 2021.07.20 15:45,1000
576,충청남도 예산군,2021.07.20 19:00 / 2021.07.20 15:32,1000
577,충청남도 예산군,2021.07.20 19:00 / 2021.07.20 15:48,1000
578,충청남도 예산군,2021.07.20 19:00 / 2021.07.20 16:57,1000
579,충청남도 금산군,2021.07.20 18:27 / 2021.07.20 15:36,1000
580,충청남도 금산군,2021.07.20 18:20 / 2021.07.20 16:59,1000
581,충청남도 보령시,2021.07.20 18:00 / 2021.07.20 15:31,1000
582,충청남도 태안군,2021.07.20 18:00 / 2021.07.20 16:57,1000
583,충청남도 부여군,2021.07.20 18:00 / 2021.07.20 16:58,1000
584,충청남도 아산시,2021.07.20 18:00 / 2021.07.20 15:35,1000
585,충청남도 아산시,2021.07.20 18:00 / 2021.07.20 15:54,300
586,충청남도 서산시,2021.07.20 18:00 / 2021.07.20 16:58,1000
587,충청남도 논산시,2021.07.20 18:00 / 2021.07.20 17:17,300
588,충청남도 천안시 동남구,2021.07.20 18:00 / 2021.07.20 16:56,1000
589,세종특별자치시 세종시,2021.07.20 18:00 / 2021.07.20 17:07,1000
590,경상북도 상주시,2021.07.20 17:30 / 2021.07.20 14:34,1000
591,경상남도 하동군,2021.07.20 17:00 / 2021.07.20 17:42,1000
592,경상남도 하동군,2021.07.20 17:00 / 2021.07.20 18:24,1000
593,충청북도 진천군,2021.07.20 17:00 / 2021.07.20 15:34,1000
594,울산광역시 울주군,2021.07.20 16:30 / 2021.07.20 16:36,1000
595,경기도 가평군,2021.07.20 16:09 / 2021.07.20 18:09,1000
596,충청북도 진천군,2021.07.20 16:00 / 2021.07.20 15:31,1000
597,충청북도 옥천군,2021.07.20 15:20 / 2021.07.20 15:33,1005
598,충청북도 옥천군,2021.07.20 15:20 / 2021.07.20 16:00,1005
599,경기도 하남시,2021.07.20 15:10 / 2021.07.20 15:13,1000
600,제주특별자치도 서귀포시,2021.07.20 15:10 / 2021.07.20 15:14,1000
601,제주특별자치도 제주시,2021.07.20 15:10 / 2021.07.20 15:14,1000
602,제주특별자치도 제주시,2021.07.20 15:10 / 2021.07.20 15:14,1000
603,서울특별시 송파구,2021.07.20 15:04 / 2021.07.20 18:57,2000
604,경상북도 의성군,2021.07.20 15:03 / 2021.07.20 15:03,0
605,경상북도 예천군,2021.07.20 15:00 / 2021.07.20 15:13,1000
606,경상남도 사천시,2021.07.20 15:00 / 2021.07.20 16:07,1000
607,세종특별자치시 세종시,2021.07.20 15:00 / 2021.07.20 15:53,300
608,광주광역시 광산구,2021.07.20 15:00 / 2021.07.20 14:23,20
609,충청남도 서산시,2021.07.20 15:00 / 2021.07.20 15:54,300
610,충청북도 영동군,2021.07.20 15:00 / 2021.07.20 15:36,2000
611,충청남도 태안군,2021.07.20 15:00 / 2021.07.20 15:31,1000
612,경상북도 의성군,2021.07.20 14:58 / 2021.07.20 14:58,300
613,경기도 용인시 수지구,2021.07.20 14:51 / 2021.07.20 14:50,1000
614,전라남도 보성군,2021.07.20 14:36 / 2021.07.20 14:41,367
615,경상북도 군위군,2021.07.20 14:35 / 2021.07.20 14:29,1000
616,광주광역시 남구,2021.07.20 14:32 / 2021.07.20 14:46,1020
617,경상북도 의성군,2021.07.20 14:30 / 2021.07.20 14:47,1000
618,전라남도 고흥군,2021.07.20 14:30 / 2021.07.20 14:35,1000
619,충청북도 충주시,2021.07.20 14:30 / 2021.07.20 15:45,1000
620,경상북도 봉화군,2021.07.20 14:27 / 2021.07.20 14:26,1000
621,경상북도 봉화군,2021.07.20 14:26 / 2021.07.20 14:25,1000
622,광주광역시 서구,2021.07.20 14:25 / 2021.07.20 14:49,1020
623,서울특별시 강남구,2021.07.20 14:23 / 2021.07.20 14:23,1000
624,서울특별시 강북구,2021.07.20 14:22 / 2021.07.20 14:14,1000
625,서울특별시 종로구,2021.07.20 14:22 / 2021.07.20 14:14,1000
626,전라남도 강진군,2021.07.20 14:22 / 2021.07.20 14:22,1002
627,전라남도 보성군,2021.07.20 14:21 / 2021.07.20 14:25,1239
628,전라남도 장흥군,2021.07.20 14:21 / 2021.07.20 14:21,1010
629,경상북도 영주시,2021.07.20 14:20 / 2021.07.20 14:27,1000
630,경상북도 청송군,2021.07.20 14:20 / 2021.07.20 14:26,1000
631,전라남도 해남군,2021.07.20 14:20 / 2021.07.20 14:24,1000
632,광주광역시 북구,2021.07.20 14:20 / 2021.07.20 14:22,1000
633,서울특별시 강서구,2021.07.20 14:20 / 2021.07.20 14:28,1000
634,서울특별시 구로구,2021.07.20 14:20 / 2021.07.20 14:18,1000
635,서울특별시 금천구,2021.07.20 14:20 / 2021.07.20 14:18,1000
636,전라남도 나주시,2021.07.20 14:20 / 2021.07.20 14:24,1000
637,서울특별시 강남구,2021.07.20 14:19 / 2021.07.20 14:18,1000
638,광주광역시 동구,2021.07.20 14:18 / 2021.07.20 14:21,1000
639,서울특별시 강북구,2021.07.20 14:18 / 2021.07.20 11:17,1000
640,서울특별시 송파구,2021.07.20 14:17 / 2021.07.20 14:17,1000
641,서울특별시 서초구,2021.07.20 14:16 / 2021.07.20 14:16,1000
642,서울특별시 관악구,2021.07.20 14:16 / 2021.07.20 14:16,1000
643,경상북도 봉화군,2021.07.20 14:16 / 2021.07.20 14:37,1000
644,서울특별시 영등포구,2021.07.20 14:14 / 2021.07.20 14:14,1000
645,충청북도 보은군,2021.07.20 14:10 / 2021.07.21 14:19,1000
646,서울특별시 서초구,2021.07.20 14:05 / 2021.07.20 15:26,1050
647,경기도 광명시,2021.07.20 14:00 / 2021.07.20 14:12,1000
648,서울특별시 강남구,2021.07.20 14:00 / 2021.07.20 13:58,1000
649,경상북도 영양군,2021.07.20 14:00 / 2021.07.20 14:26,1000
650,경상북도 구미시,2021.07.20 14:00 / 2021.07.20 14:27,1000
651,경상북도 안동시,2021.07.20 14:00 / 2021.07.20 14:26,1000
652,전라남도 강진군,2021.07.20 14:00 / 2021.07.20 14:22,1000
653,전라남도 구례군,2021.07.20 14:00 / 2021.07.20 14:24,1000
654,충청남도 보령시,2021.07.20 14:00 / 2021.07.20 13:19,1000
655,충청북도 단양군,2021.07.20 14:00 / 2021.07.20 15:31,1000
656,충청북도 충주시,2021.07.20 14:00 / 2021.07.20 15:34,1001
657,충청북도 보은군,2021.07.20 14:00 / 2021.07.20 15:49,1000
658,충청북도 보은군,2021.07.20 14:00 / 2021.07.20 15:30,1000
659,충청북도 제천시,2021.07.20 14:00 / 2021.07.20 15:39,1000
660,충청북도 충주시,2021.07.20 14:00 / 2021.07.20 15:32,1002
661,충청북도 제천시,2021.07.20 14:00 / 2021.07.20 16:15,300
662,충청북도 제천시,2021.07.20 14:00 / 2021.07.20 16:24,1000
663,충청북도 음성군,2021.07.20 14:00 / 2021.07.20 15:33,10000
664,충청북도 음성군,2021.07.20 14:00 / 2021.07.20 15:30,10000
665,충청북도 음성군,2021.07.20 14:00 / 2021.07.20 14:21,0
666,충청남도 공주시,2021.07.20 14:00 / 2021.07.20 15:31,1000
667,충청북도 증평군,2021.07.20 14:00 / 2021.07.20 16:23,1000
668,충청북도 청주시 청원구,2021.07.20 14:00 / 2021.07.20 15:37,1000
669,충청북도 증평군,2021.07.20 14:00 / 2021.07.20 15:31,1000
670,충청북도 청주시 흥덕구,2021.07.20 14:00 / 2021.07.20 15:30,1000
671,전라북도 무주군,2021.07.20 12:30 / 2021.07.20 12:23,1000
672,서울특별시 금천구,2021.07.20 11:50 / 2021.07.20 11:15,1000
673,서울특별시 강남구,2021.07.20 11:18 / 2021.07.20 11:17,1000
674,서울특별시 영등포구,2021.07.20 11:17 / 2021.07.20 11:17,1500
675,서울특별시 송파구,2021.07.20 11:16 / 2021.07.20 11:17,1000
676,서울특별시 송파구,2021.07.20 11:15 / 2021.07.20 11:20,1000
677,서울특별시 관악구,2021.07.20 11:15 / 2021.07.20 11:13,1000
678,서울특별시 강동구,2021.07.20 11:13 / 2021.07.20 11:12,1000
679,서울특별시 강서구,2021.07.20 11:13 / 2021.07.20 11:13,1000
680,부산광역시 사하구,2021.07.20 11:10 / 2021.07.20 11:05,1500
681,부산광역시 부산진구,2021.07.20 11:00 / 2021.07.20 11:18,2
682,서울특별시 구로구,2021.07.20 11:00 / 2021.07.20 11:30,1000
683,서울특별시 서초구,2021.07.20 11:00 / 2021.07.20 11:36,0
684,경기도 오산시,2021.07.20 10:45 / 2021.07.20 10:45,1000
685,울산광역시 북구,2021.07.20 10:35 / 2021.07.20 11:07,1000
686,울산광역시 울주군,2021.07.20 10:35 / 2021.07.20 11:08,1000
687,울산광역시 울주군,2021.07.20 10:35 / 2021.07.20 11:10,1000
688,부산광역시 금정구,2021.07.20 10:35 / 2021.07.20 11:05,1000
689,부산광역시 영도구,2021.07.20 10:35 / 2021.07.20 11:06,10000
690,부산광역시 강서구,2021.07.20 10:35 / 2021.07.20 11:06,1000
691,부산광역시 부산진구,2021.07.20 10:35 / 2021.07.20 11:07,1000
692,부산광역시 기장군,2021.07.20 10:35 / 2021.07.20 11:10,1000
693,부산광역시 기장군,2021.07.20 10:35 / 2021.07.20 11:08,1000
694,부산광역시 남구,2021.07.20 10:35 / 2021.07.20 11:08,1000
695,경상남도 김해시,2021.07.20 10:35 / 2021.07.20 11:10,1000
696,경상남도 양산시,2021.07.20 10:35 / 2021.07.20 11:05,1000
697,울산광역시 남구,2021.07.20 10:30 / 2021.07.20 11:10,1000
698,부산광역시 부산진구,2021.07.20 10:30 / 2021.07.20 11:11,2
699,부산광역시 강서구,2021.07.20 10:25 / 2021.07.20 11:07,1000
700,전라북도 익산시,2021.07.20 10:25 / 2021.07.20 10:25,1000
701,서울특별시 영등포구,2021.07.20 10:00 / 2021.07.20 11:13,1000
702,경기도 화성시,2021.07.20 09:57 / 2021.07.20 10:01,1000
703,경기도 평택시,2021.07.20 09:55 / 2021.07.20 10:00,1000
704,인천광역시 미추홀구,2021.07.20 09:48 / 2021.07.20 09:48,1000
705,경기도 평택시,2021.07.20 09:43 / 2021.07.20 09:43,1000
706,경기도 군포시,2021.07.20 09:30 / 2021.07.20 09:43,1000
707,경기도 광주시,2021.07.20 09:21 / 2021.07.20 09:20,1000
708,경기도 성남시 분당구,2021.07.20 09:00 / 2021.07.20 10:37,1000
709,경기도 이천시,2021.07.20 09:00 / 2021.07.20 09:35,1001
710,경상남도 거창군,2021.07.20 09:00 / 2021.07.20 09:45,1000
711,서울특별시 관악구,2021.07.20 08:00 / 2021.07.20 18:56,2000
712,경상북도 문경시,2021.07.20 05:00 / 2021.07.20 14:27,1000
713,충청남도 부여군,2021.07.20 05:00 / 2021.07.20 12:56,1000
714,충청남도 논산시,2021.07.20 00:00 / 2021.07.20 16:05,0
715,충청북도 증평군,2021.07.20 00:00 / 2021.07.20 16:12,300
716,경상북도 구미시,2021.07.20 00:00 / 2021.07.20 14:37,1000
717,서울특별시 영등포구,2021.07.20 00:00 / 2021.07.20 11:13,1000
718,서울특별시 관악구,2021.07.20 00:00 / 2021.07.20 19:21,2000
719,경기도 안산시 단원구,2021.07.19 20:11 / 2021.07.19 20:13,1000
720,대전광역시 서구,2021.07.19 18:00 / 2021.07.19 17:21,1000
721,경기도 여주시,2021.07.19 17:53 / 2021.07.19 17:53,1000
722,부산광역시 사상구,2021.07.19 16:09 / 2021.07.19 16:43,0
723,경상남도 창녕군,2021.07.19 15:40 / 2021.07.19 15:51,300
724,경상남도 함안군,2021.07.19 15:00 / 2021.07.19 15:23,10
725,경상남도 함안군,2021.07.19 15:00 / 2021.07.19 16:15,1000
726,경상남도 함안군,2021.07.19 15:00 / 2021.07.22 11:10,1000
727,경상남도 남해군,2021.07.19 15:00 / 2021.07.19 14:54,1000
728,전라남도 여수시,2021.07.19 15:00 / 2021.07.19 14:25,1000
729,경상북도 고령군,2021.07.19 14:44 / 2021.07.19 14:43,1100
730,전라남도 신안군,2021.07.19 14:40 / 2021.07.19 14:41,0
731,전라남도 영광군,2021.07.19 14:40 / 2021.07.19 14:41,410
732,전라남도 영광군,2021.07.19 14:39 / 2021.07.19 14:38,410
733,전라남도 진도군,2021.07.19 14:30 / 2021.07.19 14:30,1000
734,경상남도 산청군,2021.07.19 14:30 / 2021.07.19 14:45,1000
735,경상남도 하동군,2021.07.19 14:30 / 2021.07.19 16:53,1000
736,경상남도 산청군,2021.07.19 14:30 / 2021.07.19 14:50,1000
737,경상남도 하동군,2021.07.19 14:30 / 2021.07.19 14:50,1000
738,경상남도 하동군,2021.07.19 14:30 / 2021.07.19 15:00,1000
739,경상남도 하동군,2021.07.19 14:30 / 2021.07.19 14:45,1000
740,경상남도 합천군,2021.07.19 14:30 / 2021.07.19 14:07,1000
741,경상남도 산청군,2021.07.19 14:30 / 2021.07.19 17:49,1000
742,전라남도 신안군,2021.07.19 14:30 / 2021.07.19 14:34,1000
743,경상북도 포항시 남구,2021.07.19 14:30 / 2021.07.19 14:35,1020
744,경상남도 밀양시,2021.07.19 14:30 / 2021.07.20 16:07,1000
745,경상북도 경주시,2021.07.19 14:30 / 2021.07.19 14:35,2000
746,경상북도 포항시 북구,2021.07.19 14:30 / 2021.07.19 14:30,1298
747,대구광역시 달성군,2021.07.19 14:30 / 2021.07.19 14:44,1000
748,전라남도 여수시,2021.07.19 14:30 / 2021.07.19 14:20,1000
749,강원도 홍천군,2021.07.19 14:30 / 2021.07.19 14:21,1000
750,강원도 횡성군,2021.07.19 14:30 / 2021.07.19 14:22,1000
751,대구광역시 수성구,2021.07.19 14:28 / 2021.07.19 14:36,1000
752,경상북도 경산시,2021.07.19 14:28 / 2021.07.19 14:43,1000
753,경상북도 칠곡군,2021.07.19 14:26 / 2021.07.19 14:49,1000
754,경상북도 성주군,2021.07.19 14:25 / 2021.07.19 14:36,1000
755,경상남도 함양군,2021.07.19 14:25 / 2021.07.19 14:17,1000
756,경상북도 경주시,2021.07.19 14:25 / 2021.07.19 14:41,1000
757,경상남도 의령군,2021.07.19 14:25 / 2021.07.19 15:29,1000
758,경상남도 거창군,2021.07.19 14:25 / 2021.07.19 15:06,1000
759,광주광역시 북구,2021.07.19 14:25 / 2021.07.19 14:15,1000
760,광주광역시 북구,2021.07.19 14:25 / 2021.07.19 11:00,1000
761,강원도 속초시,2021.07.19 14:25 / 2021.07.19 14:22,1000
762,대구광역시 달성군,2021.07.19 14:22 / 2021.07.19 14:36,1000
763,강원도 속초시,2021.07.19 14:21 / 2021.07.19 14:20,1000
764,강원도 원주시,2021.07.19 14:20 / 2021.07.19 14:20,1000
765,강원도 동해시,2021.07.19 14:20 / 2021.07.19 14:20,1000
766,강원도 고성군,2021.07.19 14:20 / 2021.07.19 14:21,1000
767,강원도 태백시,2021.07.19 14:20 / 2021.07.19 14:22,1000
768,강원도 강릉시,2021.07.19 14:20 / 2021.07.19 14:24,1000
769,강원도 동해시,2021.07.19 14:20 / 2021.07.19 14:20,1000
770,강원도 평창군,2021.07.19 14:20 / 2021.07.19 14:21,1000
771,강원도 화천군,2021.07.19 14:20 / 2021.07.19 14:21,1000
772,강원도 양양군,2021.07.19 14:20 / 2021.07.19 14:26,1010
773,강원도 철원군,2021.07.19 14:20 / 2021.07.19 14:20,1000
774,강원도 강릉시,2021.07.19 14:20 / 2021.07.19 14:21,1000
775,강원도 인제군,2021.07.19 14:20 / 2021.07.19 14:22,1000
776,강원도 태백시,2021.07.19 14:20 / 2021.07.19 14:21,1000
777,대구광역시 북구,2021.07.19 14:20 / 2021.07.19 14:50,1002
778,대구광역시 북구,2021.07.19 14:20 / 2021.07.19 15:04,0
779,전라남도 신안군,2021.07.19 14:20 / 2021.07.19 15:40,1000
780,경상북도 고령군,2021.07.19 14:20 / 2021.07.19 14:38,11
781,경상북도 고령군,2021.07.19 14:20 / 2021.07.19 14:35,11
782,전라남도 완도군,2021.07.19 14:20 / 2021.07.19 14:18,1000
783,경상북도 김천시,2021.07.19 14:20 / 2021.07.19 14:48,1005
784,경상북도 울릉군,2021.07.19 14:20 / 2021.07.19 15:10,1000
785,경상북도 고령군,2021.07.19 14:20 / 2021.07.19 14:53,11
786,대구광역시 북구,2021.07.19 14:19 / 2021.07.19 14:41,1000
787,전라남도 광양시,2021.07.19 14:16 / 2021.07.19 15:00,137
788,전라남도 광양시,2021.07.19 14:15 / 2021.07.19 14:38,1207
789,전라남도 순천시,2021.07.19 14:15 / 2021.07.19 14:22,1000
790,강원도 영월군,2021.07.19 14:15 / 2021.07.19 14:22,1000
791,경상북도 칠곡군,2021.07.19 14:15 / 2021.07.19 14:36,1010
792,전라남도 무안군,2021.07.19 14:15 / 2021.07.19 14:16,1175
793,전라남도 무안군,2021.07.19 14:15 / 2021.07.19 14:36,1175
794,전라남도 화순군,2021.07.19 14:15 / 2021.07.19 14:17,1000
795,전라남도 목포시,2021.07.19 14:10 / 2021.07.19 14:19,1000
796,전라남도 목포시,2021.07.19 14:10 / 2021.07.19 14:38,100
797,강원도 춘천시,2021.07.19 14:10 / 2021.07.19 14:22,1000
798,전라남도 담양군,2021.07.19 14:00 / 2021.07.19 14:17,310
799,전라남도 곡성군,2021.07.19 14:00 / 2021.07.19 14:20,1000
800,강원도 강릉시,2021.07.19 14:00 / 2021.07.19 14:24,1000
801,강원도 삼척시,2021.07.19 14:00 / 2021.07.19 14:21,1000
802,강원도 강릉시,2021.07.19 14:00 / 2021.07.19 14:31,1000
803,강원도 원주시,2021.07.19 14:00 / 2021.07.19 14:25,1000
804,강원도 양구군,2021.07.19 14:00 / 2021.07.19 14:21,1000
805,강원도 정선군,2021.07.19 14:00 / 2021.07.19 14:22,1000
806,전라남도 영광군,2021.07.19 14:00 / 2021.07.19 14:22,1510
807,전라남도 장성군,2021.07.19 14:00 / 2021.07.19 14:24,1000
808,경상남도 하동군,2021.07.19 14:00 / 2021.07.19 16:50,1000
809,경상남도 하동군,2021.07.19 14:00 / 2021.07.19 16:45,1000
810,경상북도 영천시,2021.07.19 14:00 / 2021.07.19 14:33,22
811,경상북도 경산시,2021.07.19 14:00 / 2021.07.19 14:43,1300
812,전라남도 영암군,2021.07.19 14:00 / 2021.07.19 14:27,315
813,전라남도 강진군,2021.07.19 14:00 / 2021.07.19 14:26,1000
814,경기도 수원시 권선구,2021.07.19 13:20 / 2021.07.19 13:31,1000
815,경기도 성남시 중원구,2021.07.19 13:10 / 2021.07.19 15:19,1000
816,경기도 군포시,2021.07.19 12:30 / 2021.07.19 12:22,1226
817,전라남도 여수시,2021.07.19 12:00 / 2021.07.19 10:20,1000
818,경기도 양평군,2021.07.19 11:20 / 2021.07.19 11:09,1000
819,경기도 가평군,2021.07.19 11:20 / 2021.07.19 11:09,1000
820,경기도 가평군,2021.07.19 11:20 / 2021.07.19 11:06,1000
821,경기도 포천시,2021.07.19 11:20 / 2021.07.19 11:09,1000
822,경기도 고양시 일산서구,2021.07.19 11:20 / 2021.07.19 11:09,1000
823,경기도 의정부시,2021.07.19 11:20 / 2021.07.19 11:09,1000
824,경기도 고양시 덕양구,2021.07.19 11:20 / 2021.07.19 11:09,1000
825,경기도 파주시,2021.07.19 11:20 / 2021.07.19 11:09,1000
826,경기도 동두천시,2021.07.19 11:20 / 2021.07.19 11:08,1000
827,경상남도 진주시,2021.07.19 11:00 / 2021.07.19 11:06,1000
828,경상남도 진주시,2021.07.19 11:00 / 2021.07.19 12:15,1000
829,경기도 평택시,2021.07.19 10:58 / 2021.07.19 10:59,1000
830,전라북도 고창군,2021.07.19 10:30 / 2021.07.19 09:29,1000
831,경기도 용인시 처인구,2021.07.19 10:19 / 2021.07.19 10:30,1000
832,경상남도 고성군,2021.07.19 10:15 / 2021.07.19 10:31,1000
833,전라남도 완도군,2021.07.19 10:00 / 2021.07.19 09:35,10000
834,서울특별시 관악구,2021.07.19 10:00 / 2021.07.19 17:15,1000
835,충청북도 보은군,2021.07.19 10:00 / 2021.07.19 17:39,1000
836,경상남도 창원시 진해구,2021.07.19 09:30 / 2021.07.19 17:12,1000
837,경상남도 창원시 마산합포구,2021.07.19 09:25 / 2021.07.19 09:45,1001
838,경상남도 통영시,2021.07.19 09:25 / 2021.07.19 15:44,1000
839,경상남도 창원시 마산합포구,2021.07.19 09:21 / 2021.07.19 09:20,1000
840,경상남도 산청군,2021.07.19 09:20 / 2021.07.19 10:00,743
841,경상남도 함안군,2021.07.19 09:00 / 2021.07.19 10:40,1000
842,경기도 성남시 분당구,2021.07.19 09:00 / 2021.07.20 09:56,1000
843,경기도 광주시,2021.07.19 09:00 / 2021.07.19 17:26,1000
844,부산광역시 사상구,2021.07.19 04:04 / 2021.07.19 16:57,0
845,부산광역시 사상구,2021.07.19 02:02 / 2021.07.19 16:48,0
846,부산광역시 북구,2021.07.19 01:03 / 2021.07.19 16:56,0
847,경기도 성남시 분당구,2021.07.16 17:50 / 2021.07.16 15:55,1000
848,경기도 광명시,2021.07.16 16:30 / 2021.07.16 16:36,1000
849,경기도 평택시,2021.07.16 16:29 / 2021.07.16 16:29,1000
850,경기도 하남시,2021.07.16 16:29 / 2021.07.16 16:29,1000
851,경기도 의정부시,2021.07.16 16:25 / 2021.07.16 16:27,1000
852,경기도 남양주시,2021.07.16 16:25 / 2021.07.16 16:26,9910
853,경기도 남양주시,2021.07.16 16:25 / 2021.07.16 16:27,1000
854,경기도 연천군,2021.07.16 16:25 / 2021.07.16 16:26,1000
855,경기도 화성시,2021.07.16 16:25 / 2021.07.16 16:25,1000
856,경기도 용인시 수지구,2021.07.16 16:23 / 2021.07.16 16:22,1000
857,경기도 광주시,2021.07.16 16:00 / 2021.07.16 15:55,1000
858,경기도 하남시,2021.07.16 16:00 / 2021.07.16 15:58,1000
859,경기도 수원시 권선구,2021.07.16 16:00 / 2021.07.16 15:55,1000
860,경기도 성남시 분당구,2021.07.16 16:00 / 2021.07.16 16:30,1000
861,경기도 광명시,2021.07.16 16:00 / 2021.07.16 15:58,1000
862,경기도 용인시 수지구,2021.07.16 15:59 / 2021.07.16 15:48,1000
863,경기도 안성시,2021.07.16 15:38 / 2021.07.16 15:59,1000
864,경기도 광주시,2021.07.16 15:30 / 2021.07.16 17:15,1000
865,경기도 광주시,2021.07.16 15:00 / 2021.07.16 16:44,1000
866,경기도 오산시,2021.07.16 14:35 / 2021.07.16 14:40,1000
867,경기도 평택시,2021.07.16 14:33 / 2021.07.16 14:36,1000
868,경기도 안성시,2021.07.16 14:30 / 2021.07.16 14:35,1000
869,경기도 화성시,2021.07.16 14:30 / 2021.07.16 14:36,1000
870,전라북도 고창군,2021.07.16 14:25 / 2021.07.16 13:49,1000
871,경기도 용인시 처인구,2021.07.16 14:20 / 2021.07.16 14:43,1000
872,경기도 광주시,2021.07.16 14:01 / 2021.07.16 14:28,1000
873,경기도 광주시,2021.07.16 14:00 / 2021.07.16 13:58,1000
874,경기도 안성시,2021.07.16 14:00 / 2021.07.16 14:02,1000
875,경기도 이천시,2021.07.16 14:00 / 2021.07.16 14:30,1000
876,경기도 오산시,2021.07.16 14:00 / 2021.07.16 14:02,1000
877,경기도 용인시 처인구,2021.07.16 14:00 / 2021.07.16 13:58,1000
878,경기도 수원시 권선구,2021.07.16 14:00 / 2021.07.16 13:59,1000
879,경기도 수원시 권선구,2021.07.16 14:00 / 2021.07.16 13:58,1000
880,경기도 안산시 단원구,2021.07.16 14:00 / 2021.07.16 14:46,1000
881,경기도 평택시,2021.07.16 13:21 / 2021.07.16 14:01,1000
882,경기도 이천시,2021.07.16 13:00 / 2021.07.16 13:58,1000
883,경기도 가평군,2021.07.16 13:00 / 2021.07.16 14:02,10000
884,경기도 남양주시,2021.07.16 12:00 / 2021.07.16 11:20,1000
885,전라북도 전주시 완산구,2021.07.16 11:35 / 2021.07.16 11:34,1000
886,전라북도 익산시,2021.07.16 11:32 / 2021.07.16 11:32,1000
887,전라북도 김제시,2021.07.16 11:30 / 2021.07.16 11:34,1000
888,전라북도 군산시,2021.07.16 11:30 / 2021.07.16 19:48,1000
889,전라북도 장수군,2021.07.16 11:30 / 2021.07.16 11:35,1000
890,전라북도 전주시 덕진구,2021.07.16 11:30 / 2021.07.16 11:28,1000
891,전라북도 무주군,2021.07.16 11:30 / 2021.07.16 11:29,1000
892,전라북도 남원시,2021.07.16 11:30 / 2021.07.16 11:53,1000
893,전라북도 정읍시,2021.07.16 11:30 / 2021.07.16 11:36,1000
894,전라북도 김제시,2021.07.16 11:30 / 2021.07.16 11:34,10000
895,전라북도 부안군,2021.07.16 11:25 / 2021.07.16 11:34,1000
896,전라북도 순창군,2021.07.16 11:25 / 2021.07.16 11:33,1000
897,전라북도 익산시,2021.07.16 11:25 / 2021.07.16 11:22,1000
898,전라북도 진안군,2021.07.16 11:25 / 2021.07.16 11:46,1000
899,경기도 의정부시,2021.07.16 11:25 / 2021.07.16 11:01,1000
900,전라북도 고창군,2021.07.16 11:20 / 2021.07.16 11:34,1000
901,전라북도 임실군,2021.07.16 11:20 / 2021.07.16 11:32,1000
902,경기도 여주시,2021.07.16 11:12 / 2021.07.16 11:12,1000
903,경기도 성남시 수정구,2021.07.16 11:08 / 2021.07.16 10:59,1000
904,경기도 평택시,2021.07.16 11:00 / 2021.07.16 11:09,1000
905,전라북도 남원시,2021.07.16 10:55 / 2021.07.16 11:02,1000
906,경기도 여주시,2021.07.16 10:35 / 2021.07.16 10:35,1000
907,경기도 광주시,2021.07.16 10:32 / 2021.07.16 10:32,1000
908,경기도 성남시 중원구,2021.07.16 10:31 / 2021.07.16 10:23,1525
909,강원도 춘천시,2021.07.16 10:30 / 2021.07.16 10:30,1000
910,전라북도 진안군,2021.07.16 10:30 / 2021.07.16 11:03,1000
911,강원도 고성군,2021.07.16 10:30 / 2021.07.16 10:32,1000
912,강원도 동해시,2021.07.16 10:30 / 2021.07.16 10:34,1000
913,경기도 수원시 팔달구,2021.07.16 10:28 / 2021.07.16 10:32,1000
914,전라북도 전주시 완산구,2021.07.16 10:25 / 2021.07.16 10:43,1000
915,전라북도 전주시 덕진구,2021.07.16 10:25 / 2021.07.16 10:37,1000
916,전라북도 익산시,2021.07.16 10:25 / 2021.07.16 10:40,1000
917,전라북도 남원시,2021.07.16 10:25 / 2021.07.16 12:29,1000
918,전라북도 장수군,2021.07.16 10:25 / 2021.07.16 10:43,1000
919,전라북도 김제시,2021.07.16 10:25 / 2021.07.16 10:40,1000
920,전라북도 무주군,2021.07.16 10:25 / 2021.07.16 10:38,1000
921,전라북도 김제시,2021.07.16 10:25 / 2021.07.16 10:43,1000
922,전라북도 정읍시,2021.07.16 10:25 / 2021.07.16 10:44,1000
923,전라북도 익산시,2021.07.16 10:25 / 2021.07.16 10:31,1000
924,전라북도 부안군,2021.07.16 10:25 / 2021.07.16 10:42,1000
925,전라북도 임실군,2021.07.16 10:25 / 2021.07.16 10:40,1000
926,전라북도 고창군,2021.07.16 10:25 / 2021.07.16 10:43,1000
927,전라북도 군산시,2021.07.16 10:25 / 2021.07.16 19:00,1000
928,강원도 동해시,2021.07.16 10:20 / 2021.07.16 10:30,1000
929,제주특별자치도 제주시,2021.07.16 10:00 / 2021.07.16 10:13,51256
930,전라북도 전주시 덕진구,2021.07.16 09:40 / 2021.07.16 09:39,1000
931,경기도 남양주시,2021.07.16 03:16 / 2021.07.16 15:30,1000
932,경상북도 문경시,2021.07.16 02:03 / 2021.07.16 13:46,1000
933,경기도 이천시,2021.07.16 00:00 / 2021.07.16 15:58,1000
934,경상북도 봉화군,2021.07.15 16:00 / 2021.07.15 15:19,1000
935,경상북도 봉화군,2021.07.15 15:10 / 2021.07.15 15:22,1000
936,전라남도 화순군,2021.07.15 15:00 / 2021.07.15 15:09,100
937,경상북도 구미시,2021.07.15 15:00 / 2021.07.15 15:39,1000
938,경상북도 군위군,2021.07.15 15:00 / 2021.07.15 15:20,1000
939,경상북도 청송군,2021.07.15 15:00 / 2021.07.15 15:21,1000
940,경상북도 안동시,2021.07.15 15:00 / 2021.07.15 15:20,1000
941,부산광역시 사상구,2021.07.15 15:00 / 2021.07.15 15:19,0
942,부산광역시 사상구,2021.07.15 15:00 / 2021.07.15 15:24,0
943,부산광역시 금정구,2021.07.15 15:00 / 2021.07.15 14:45,1003
944,강원도 강릉시,2021.07.15 15:00 / 2021.07.15 14:59,1000
945,강원도 양양군,2021.07.15 15:00 / 2021.07.15 15:02,1000
946,강원도 속초시,2021.07.15 14:50 / 2021.07.15 15:00,1000
947,강원도 속초시,2021.07.15 14:50 / 2021.07.15 15:00,1000
948,강원도 태백시,2021.07.15 14:50 / 2021.07.15 14:59,1000
949,강원도 강릉시,2021.07.15 14:50 / 2021.07.15 14:59,1000
950,강원도 삼척시,2021.07.15 14:50 / 2021.07.15 14:59,1000
951,강원도 태백시,2021.07.15 14:50 / 2021.07.15 14:59,1000
952,강원도 춘천시,2021.07.15 14:50 / 2021.07.15 14:59,1000
953,서울특별시 도봉구,2021.07.15 14:45 / 2021.07.15 14:46,310
954,서울특별시 은평구,2021.07.15 14:42 / 2021.07.15 14:43,1000
955,서울특별시 중구,2021.07.15 14:41 / 2021.07.15 14:48,1000
956,서울특별시 중구,2021.07.15 14:41 / 2021.07.15 14:46,1000
957,서울특별시 중구,2021.07.15 14:41 / 2021.07.15 14:41,1000
958,서울특별시 마포구,2021.07.15 14:40 / 2021.07.15 14:46,1000
959,부산광역시 사하구,2021.07.15 14:40 / 2021.07.15 14:46,1000
960,서울특별시 서대문구,2021.07.15 14:40 / 2021.07.15 14:46,1000
961,서울특별시 광진구,2021.07.15 14:39 / 2021.07.15 15:17,1200
962,서울특별시 강북구,2021.07.15 14:39 / 2021.07.15 14:42,1000
963,서울특별시 동대문구,2021.07.15 14:39 / 2021.07.15 14:46,1002
964,전라북도 전주시 덕진구,2021.07.15 14:38 / 2021.07.15 14:50,803
965,전라북도 남원시,2021.07.15 14:30 / 2021.07.15 16:59,1000
966,서울특별시 성동구,2021.07.15 14:30 / 2021.07.15 14:43,1010
967,부산광역시 강서구,2021.07.15 14:25 / 2021.07.15 14:44,1000
968,전라북도 전주시 완산구,2021.07.15 14:25 / 2021.07.15 15:04,1000
969,강원도 동해시,2021.07.15 14:20 / 2021.07.15 15:20,1000
970,울산광역시 남구,2021.07.15 14:20 / 2021.07.15 14:45,1000
971,부산광역시 부산진구,2021.07.15 14:20 / 2021.07.15 14:45,1000
972,울산광역시 북구,2021.07.15 14:20 / 2021.07.15 14:50,1000
973,울산광역시 울주군,2021.07.15 14:20 / 2021.07.15 14:46,1000
974,부산광역시 부산진구,2021.07.15 14:20 / 2021.07.15 14:29,2
975,부산광역시 사하구,2021.07.15 14:20 / 2021.07.15 14:48,1000
976,부산광역시 기장군,2021.07.15 14:20 / 2021.07.15 14:44,1100
977,부산광역시 기장군,2021.07.15 14:20 / 2021.07.15 14:45,1000
978,경상남도 김해시,2021.07.15 14:20 / 2021.07.15 14:49,1000
979,경상남도 통영시,2021.07.15 14:17 / 2021.07.15 14:17,2000
980,경상북도 영양군,2021.07.15 14:12 / 2021.07.15 15:22,1000
981,부산광역시 부산진구,2021.07.15 14:12 / 2021.07.15 14:52,2
982,부산광역시 남구,2021.07.15 14:10 / 2021.07.15 14:46,1000
983,경상남도 양산시,2021.07.15 14:10 / 2021.07.15 14:54,1000
984,경상북도 구미시,2021.07.15 14:00 / 2021.07.15 15:23,1000
985,경상북도 상주시,2021.07.15 14:00 / 2021.07.15 15:19,1000
986,경상북도 영주시,2021.07.15 14:00 / 2021.07.15 15:19,1000
987,경상북도 봉화군,2021.07.15 14:00 / 2021.07.15 10:47,1000
988,전라남도 화순군,2021.07.15 14:00 / 2021.07.15 14:05,110
989,경상북도 울진군,2021.07.15 14:00 / 2021.07.15 15:13,52
990,울산광역시 울주군,2021.07.15 14:00 / 2021.07.15 14:51,1000
991,부산광역시 사상구,2021.07.15 14:00 / 2021.07.15 14:53,1000
992,부산광역시 영도구,2021.07.15 14:00 / 2021.07.15 14:48,1000
993,강원도 정선군,2021.07.15 14:00 / 2021.07.15 15:06,1000
994,강원도 정선군,2021.07.15 14:00 / 2021.07.15 15:02,1000
995,전라북도 전주시 덕진구,2021.07.15 14:00 / 2021.07.15 15:09,1000
996,강원도 화천군,2021.07.15 10:23 / 2021.07.15 10:22,1000
997,강원도 철원군,2021.07.15 10:22 / 2021.07.15 10:22,1000
998,강원도 인제군,2021.07.15 10:20 / 2021.07.15 10:19,1000
999,강원도 횡성군,2021.07.15 10:20 / 2021.07.15 10:20,1000
