조건별분석,,,,,
[검색조건],,,,,
,분류: 지상,,,,
,요소 : 강수량,,,,
,검색구분 : 일,,,,
,지역/지점명 : 서울,,,,
,기간 : 2012 ~ 2022년 01 ~ 12월 01 ~ 31일,,,,
,,,,,
,,,,,
"	",,,,,
"	",,,,,
"	지점번호",지점명,일시,강수량(mm),1시간최다강수량(mm),1시간최다강수량시각
"	108",서울,2012-06-01,,,
"	108",서울,2012-06-02,,,
"	108",서울,2012-06-03,,,
"	108",서울,2012-06-04,,,
"	108",서울,2012-06-05,0,0,
"	108",서울,2012-06-06,,,
"	108",서울,2012-06-07,,,
"	108",서울,2012-06-08,2,1.5,21:10
"	108",서울,2012-06-09,,,
"	108",서울,2012-06-10,,,
"	108",서울,2012-06-11,,,
"	108",서울,2012-06-12,0.4,0.3,17:35
"	108",서울,2012-06-13,,,
"	108",서울,2012-06-14,,,
"	108",서울,2012-06-15,,,
"	108",서울,2012-06-16,,,
"	108",서울,2012-06-17,,,
"	108",서울,2012-06-18,,,
"	108",서울,2012-06-19,,,
"	108",서울,2012-06-20,,,
"	108",서울,2012-06-21,,,
"	108",서울,2012-06-22,0,0,
"	108",서울,2012-06-23,,,
"	108",서울,2012-06-24,,,
"	108",서울,2012-06-25,,,
"	108",서울,2012-06-26,,,
"	108",서울,2012-06-27,,,
"	108",서울,2012-06-28,,,
"	108",서울,2012-06-29,20,9,21:41
"	108",서울,2012-06-30,69.5,11.5,5:38
"	108",서울,2012-07-01,0,0,
"	108",서울,2012-07-02,,,
"	108",서울,2012-07-03,25,24.5,16:27
"	108",서울,2012-07-04,0.3,0.2,0:05
"	108",서울,2012-07-05,72,15.5,13:52
"	108",서울,2012-07-06,102.5,37,1:33
"	108",서울,2012-07-07,,,
"	108",서울,2012-07-08,,,
"	108",서울,2012-07-09,,,
"	108",서울,2012-07-10,6.5,5.5,22:53
"	108",서울,2012-07-11,8,4,0:34
"	108",서울,2012-07-12,0,0,
"	108",서울,2012-07-13,76.5,68,2:55
"	108",서울,2012-07-14,8,2.5,16:50
"	108",서울,2012-07-15,32.5,5.5,2:57
"	108",서울,2012-07-16,2.5,1.5,0:25
"	108",서울,2012-07-17,0,0,
"	108",서울,2012-07-18,6,4,21:10
"	108",서울,2012-07-19,72.5,20.5,6:03
"	108",서울,2012-07-20,1,0.5,0:05
"	108",서울,2012-07-21,,,
"	108",서울,2012-07-22,16.5,11.5,7:02
"	108",서울,2012-07-23,1,0.5,3:24
"	108",서울,2012-07-24,,,
"	108",서울,2012-07-25,,,
"	108",서울,2012-07-26,,,
"	108",서울,2012-07-27,,,
"	108",서울,2012-07-28,,,
"	108",서울,2012-07-29,0,0,
"	108",서울,2012-07-30,18,17,8:38
"	108",서울,2012-07-31,0.1,0.1,
"	108",서울,2012-08-01,,,
"	108",서울,2012-08-02,,,
"	108",서울,2012-08-03,,,
"	108",서울,2012-08-04,,,
"	108",서울,2012-08-05,,,
"	108",서울,2012-08-06,,,
"	108",서울,2012-08-07,,,
"	108",서울,2012-08-08,,,
"	108",서울,2012-08-09,,,
"	108",서울,2012-08-10,0.3,0.3,8:46
"	108",서울,2012-08-11,,,
"	108",서울,2012-08-12,17,7.5,13:01
"	108",서울,2012-08-13,2,1.5,1:55
"	108",서울,2012-08-14,15.5,10,20:02
"	108",서울,2012-08-15,136.5,49,11:27
"	108",서울,2012-08-16,,,
"	108",서울,2012-08-17,0,0,
"	108",서울,2012-08-18,2,0.5,5:32
"	108",서울,2012-08-19,5,2.5,9:20
"	108",서울,2012-08-20,59.5,15,6:16
"	108",서울,2012-08-21,137,35,0:18
"	108",서울,2012-08-22,17,6.5,2:14
"	108",서울,2012-08-23,0.1,0.1,
"	108",서울,2012-08-24,7.5,5,21:30
"	108",서울,2012-08-25,11.5,8,2:32
"	108",서울,2012-08-26,0,0,
"	108",서울,2012-08-27,,,
"	108",서울,2012-08-28,13.5,4.5,11:38
"	108",서울,2012-08-29,6,5.5,0:01
"	108",서울,2012-08-30,34.5,5.5,14:40
"	108",서울,2012-08-31,,,
"	108",서울,2012-09-01,,,
"	108",서울,2012-09-02,,,
"	108",서울,2012-09-03,,,
"	108",서울,2012-09-04,55.5,15,16:51
"	108",서울,2012-09-05,10.5,6,0:56
"	108",서울,2012-09-06,,,
"	108",서울,2012-09-07,3,11.5,23:31
"	108",서울,2012-09-08,25,15.5,0:01
"	108",서울,2012-09-09,,,
"	108",서울,2012-09-10,,,
"	108",서울,2012-09-11,,,
"	108",서울,2012-09-12,0.5,0.5,15:40
"	108",서울,2012-09-13,13.5,4,9:48
"	108",서울,2012-09-14,2,1.5,2:11
"	108",서울,2012-09-15,,,
"	108",서울,2012-09-16,2.5,1,20:10
"	108",서울,2012-09-17,85.5,15.5,14:51
"	108",서울,2012-09-18,,,
"	108",서울,2012-09-19,,,
"	108",서울,2012-09-20,0,0,
"	108",서울,2012-09-21,,,
"	108",서울,2012-09-22,,,
"	108",서울,2012-09-23,,,
"	108",서울,2012-09-24,,,
"	108",서울,2012-09-25,,,
"	108",서울,2012-09-26,,,
"	108",서울,2012-09-27,,,
"	108",서울,2012-09-28,13.5,8,13:12
"	108",서울,2012-09-29,0.5,0.5,5:55
"	108",서울,2012-09-30,,,
"	108",서울,2012-10-01,,,
"	108",서울,2012-10-02,,,
"	108",서울,2012-10-03,,,
"	108",서울,2012-10-04,,,
"	108",서울,2012-10-05,,,
"	108",서울,2012-10-06,,,
"	108",서울,2012-10-07,,,
"	108",서울,2012-10-08,,,
"	108",서울,2012-10-09,,,
"	108",서울,2012-10-10,13,12.5,12:44
"	108",서울,2012-10-11,,,
"	108",서울,2012-10-12,,,
"	108",서울,2012-10-13,,,
"	108",서울,2012-10-14,,,
"	108",서울,2012-10-15,,,
"	108",서울,2012-10-16,,,
"	108",서울,2012-10-17,2.5,1.5,7:27
"	108",서울,2012-10-18,,,
"	108",서울,2012-10-19,,,
"	108",서울,2012-10-20,,,
"	108",서울,2012-10-21,,,
"	108",서울,2012-10-22,39.5,17,10:05
"	108",서울,2012-10-23,0,0,
"	108",서울,2012-10-24,,,
"	108",서울,2012-10-25,,,
"	108",서울,2012-10-26,,,
"	108",서울,2012-10-27,44,7.5,8:57
"	108",서울,2012-10-28,0,0,
"	108",서울,2012-10-29,0,0,
"	108",서울,2012-10-30,0.1,0.1,
"	108",서울,2012-10-31,0.2,0.2,
"	108",서울,2012-11-01,,,
"	108",서울,2012-11-02,,,
"	108",서울,2012-11-03,,,
"	108",서울,2012-11-04,4,,
"	108",서울,2012-11-05,8,,
"	108",서울,2012-11-06,5,,
"	108",서울,2012-11-07,,,
"	108",서울,2012-11-08,,,
"	108",서울,2012-11-09,,,
"	108",서울,2012-11-10,,,
"	108",서울,2012-11-11,28,,
"	108",서울,2012-11-12,3,,
"	108",서울,2012-11-13,0,,
"	108",서울,2012-11-14,0,,
"	108",서울,2012-11-15,,,
"	108",서울,2012-11-16,9.5,,
"	108",서울,2012-11-17,1.5,,
"	108",서울,2012-11-18,,,
"	108",서울,2012-11-19,5.5,,
"	108",서울,2012-11-20,,,
"	108",서울,2012-11-21,,,
"	108",서울,2012-11-22,0.3,,
"	108",서울,2012-11-23,,,
"	108",서울,2012-11-24,,,
"	108",서울,2012-11-25,0.5,,
"	108",서울,2012-11-26,1,,
"	108",서울,2012-11-27,,,
"	108",서울,2012-11-28,1,,
"	108",서울,2012-11-29,,,
"	108",서울,2012-11-30,0.5,,
"	108",서울,2012-12-01,,,
"	108",서울,2012-12-02,,,
"	108",서울,2012-12-03,5.4,,
"	108",서울,2012-12-04,,,
"	108",서울,2012-12-05,5.8,,
"	108",서울,2012-12-06,0.1,,
"	108",서울,2012-12-07,1.9,,
"	108",서울,2012-12-08,,,
"	108",서울,2012-12-09,,,
"	108",서울,2012-12-10,,,
"	108",서울,2012-12-11,,,
"	108",서울,2012-12-12,,,
"	108",서울,2012-12-13,,,
"	108",서울,2012-12-14,18.5,,
"	108",서울,2012-12-15,0.5,,
"	108",서울,2012-12-16,,,
"	108",서울,2012-12-17,,,
"	108",서울,2012-12-18,,,
"	108",서울,2012-12-19,,,
"	108",서울,2012-12-20,,,
"	108",서울,2012-12-21,1.8,,
"	108",서울,2012-12-22,,,
"	108",서울,2012-12-23,0,,
"	108",서울,2012-12-24,0,,
"	108",서울,2012-12-25,1,,
"	108",서울,2012-12-26,,,
"	108",서울,2012-12-27,,,
"	108",서울,2012-12-28,0,,
"	108",서울,2012-12-29,4.1,,
"	108",서울,2012-12-30,2.3,,
"	108",서울,2012-12-31,,,
"	108",서울,2013-01-01,3.1,,
"	108",서울,2013-01-02,,,
"	108",서울,2013-01-03,,,
"	108",서울,2013-01-04,,,
"	108",서울,2013-01-05,,,
"	108",서울,2013-01-06,,,
"	108",서울,2013-01-07,,,
"	108",서울,2013-01-08,,,
"	108",서울,2013-01-09,,,
"	108",서울,2013-01-10,,,
"	108",서울,2013-01-11,0,,
"	108",서울,2013-01-12,0.1,,
"	108",서울,2013-01-13,,,
"	108",서울,2013-01-14,,,
"	108",서울,2013-01-15,,,
"	108",서울,2013-01-16,0.3,,
"	108",서울,2013-01-17,,,
"	108",서울,2013-01-18,,,
"	108",서울,2013-01-19,,,
"	108",서울,2013-01-20,,,
"	108",서울,2013-01-21,16.5,,
"	108",서울,2013-01-22,0.5,,
"	108",서울,2013-01-23,1.5,,
"	108",서울,2013-01-24,0.1,,
"	108",서울,2013-01-25,,,
"	108",서울,2013-01-26,,,
"	108",서울,2013-01-27,,,
"	108",서울,2013-01-28,,,
"	108",서울,2013-01-29,0,,
"	108",서울,2013-01-30,,,
"	108",서울,2013-01-31,0,,
"	108",서울,2013-02-01,46.5,,
"	108",서울,2013-02-02,,,
"	108",서울,2013-02-03,7.5,,
"	108",서울,2013-02-04,7.4,,
"	108",서울,2013-02-05,4.5,,
"	108",서울,2013-02-06,2.1,,
"	108",서울,2013-02-07,0,,
"	108",서울,2013-02-08,,,
"	108",서울,2013-02-09,,,
"	108",서울,2013-02-10,1.2,,
"	108",서울,2013-02-11,,,
"	108",서울,2013-02-12,0,,
"	108",서울,2013-02-13,,,
"	108",서울,2013-02-14,,,
"	108",서울,2013-02-15,,,
"	108",서울,2013-02-16,,,
"	108",서울,2013-02-17,0,,
"	108",서울,2013-02-18,,,
"	108",서울,2013-02-19,,,
"	108",서울,2013-02-20,,,
"	108",서울,2013-02-21,0,,
"	108",서울,2013-02-22,3.9,,
"	108",서울,2013-02-23,,,
"	108",서울,2013-02-24,,,
"	108",서울,2013-02-25,,,
"	108",서울,2013-02-26,0,,
"	108",서울,2013-02-27,,,
"	108",서울,2013-02-28,1,,
"	108",서울,2013-03-01,3,,
"	108",서울,2013-03-02,,,
"	108",서울,2013-03-03,,,
"	108",서울,2013-03-04,,,
"	108",서울,2013-03-05,,,
"	108",서울,2013-03-06,,,
"	108",서울,2013-03-07,0.5,,
"	108",서울,2013-03-08,,,
"	108",서울,2013-03-09,,,
"	108",서울,2013-03-10,,,
"	108",서울,2013-03-11,,,
"	108",서울,2013-03-12,3.5,,
"	108",서울,2013-03-13,11.5,,
"	108",서울,2013-03-14,,,
"	108",서울,2013-03-15,,,
"	108",서울,2013-03-16,,,
"	108",서울,2013-03-17,7.5,,
"	108",서울,2013-03-18,1,,
"	108",서울,2013-03-19,,,
"	108",서울,2013-03-20,0.1,,
"	108",서울,2013-03-21,,,
"	108",서울,2013-03-22,,,
"	108",서울,2013-03-23,,,
"	108",서울,2013-03-24,,,
"	108",서울,2013-03-25,,,
"	108",서울,2013-03-26,,,
"	108",서울,2013-03-27,,,
"	108",서울,2013-03-28,,,
"	108",서울,2013-03-29,,,
"	108",서울,2013-03-30,0.2,,
"	108",서울,2013-03-31,,,
"	108",서울,2013-04-01,0.5,0.4,
"	108",서울,2013-04-02,8.5,2,1:11
"	108",서울,2013-04-03,,,
"	108",서울,2013-04-04,,,
"	108",서울,2013-04-05,,,
"	108",서울,2013-04-06,14,1.5,6:09
"	108",서울,2013-04-07,1,0.5,0:11
"	108",서울,2013-04-08,1,1,20:55
"	108",서울,2013-04-09,0.5,0.5,
"	108",서울,2013-04-10,1.5,1,14:31
"	108",서울,2013-04-11,0.5,0.5,13:50
"	108",서울,2013-04-12,,,
"	108",서울,2013-04-13,,,
"	108",서울,2013-04-14,3.5,3,4:49
"	108",서울,2013-04-15,,,
"	108",서울,2013-04-16,,,
"	108",서울,2013-04-17,,,
"	108",서울,2013-04-18,,,
"	108",서울,2013-04-19,,,
"	108",서울,2013-04-20,9.5,2.5,6:36
"	108",서울,2013-04-21,,,
"	108",서울,2013-04-22,,,
"	108",서울,2013-04-23,5.5,1.5,18:35
"	108",서울,2013-04-24,0.1,0.1,
"	108",서울,2013-04-25,4.5,2.5,9:33
"	108",서울,2013-04-26,0.1,0.1,
"	108",서울,2013-04-27,,,
"	108",서울,2013-04-28,,,
"	108",서울,2013-04-29,21,11.5,5:06
"	108",서울,2013-04-30,,,
"	108",서울,2013-05-01,1,1,16:50
"	108",서울,2013-05-02,1,1,13:55
"	108",서울,2013-05-03,0,0,
"	108",서울,2013-05-04,,,
"	108",서울,2013-05-05,,,
"	108",서울,2013-05-06,,,
"	108",서울,2013-05-07,,,
"	108",서울,2013-05-08,,,
"	108",서울,2013-05-09,2.5,1,21:46
"	108",서울,2013-05-10,22,4.5,3:21
"	108",서울,2013-05-11,,,
"	108",서울,2013-05-12,1,1,1:57
"	108",서울,2013-05-13,,,
"	108",서울,2013-05-14,,,
"	108",서울,2013-05-15,,,
"	108",서울,2013-05-16,,,
"	108",서울,2013-05-17,,,
"	108",서울,2013-05-18,14.5,5.5,23:26
"	108",서울,2013-05-19,19.5,5,0:01
"	108",서울,2013-05-20,,,
"	108",서울,2013-05-21,,,
"	108",서울,2013-05-22,,,
"	108",서울,2013-05-23,,,
"	108",서울,2013-05-24,,,
"	108",서울,2013-05-25,,,
"	108",서울,2013-05-26,,,
"	108",서울,2013-05-27,56.5,11,16:13
"	108",서울,2013-05-28,11.5,5,11:28
"	108",서울,2013-05-29,2.5,2,14:57
"	108",서울,2013-05-30,,,
"	108",서울,2013-05-31,,,
"	108",서울,2013-06-01,,,
"	108",서울,2013-06-02,,,
"	108",서울,2013-06-03,,,
"	108",서울,2013-06-04,0.2,0.2,
"	108",서울,2013-06-05,,,
"	108",서울,2013-06-06,,,
"	108",서울,2013-06-07,,,
"	108",서울,2013-06-08,,,
"	108",서울,2013-06-09,,,
"	108",서울,2013-06-10,,,
"	108",서울,2013-06-11,7,3.5,18:38
"	108",서울,2013-06-12,6.5,2.5,5:04
"	108",서울,2013-06-13,,,
"	108",서울,2013-06-14,,,
"	108",서울,2013-06-15,,,
"	108",서울,2013-06-16,,,
"	108",서울,2013-06-17,0.5,0.3,20:40
"	108",서울,2013-06-18,12,2.5,19:20
"	108",서울,2013-06-19,0.1,0.1,
"	108",서울,2013-06-20,,,
"	108",서울,2013-06-21,,,
"	108",서울,2013-06-22,,,
"	108",서울,2013-06-23,0.3,0.2,
"	108",서울,2013-06-24,,,
"	108",서울,2013-06-25,,,
"	108",서울,2013-06-26,0,0,
"	108",서울,2013-06-27,,,
"	108",서울,2013-06-28,1.5,1,5:30
"	108",서울,2013-06-29,,,
"	108",서울,2013-06-30,0.2,0.2,
"	108",서울,2013-07-01,,,
"	108",서울,2013-07-02,51.5,22.5,7:47
"	108",서울,2013-07-03,,,
"	108",서울,2013-07-04,32.5,25,18:28
"	108",서울,2013-07-05,1,0.5,1:34
"	108",서울,2013-07-06,,,
"	108",서울,2013-07-07,3,1.5,12:45
"	108",서울,2013-07-08,68,18,10:20
"	108",서울,2013-07-09,6.5,2.5,0:48
"	108",서울,2013-07-10,1,0.5,1:15
"	108",서울,2013-07-11,14,5.5,9:02
"	108",서울,2013-07-12,74,30.5,19:31
"	108",서울,2013-07-13,165,39.5,0:55
"	108",서울,2013-07-14,23,8.5,16:04
"	108",서울,2013-07-15,3.5,2,8:04
"	108",서울,2013-07-16,1.5,1.3,22:08
"	108",서울,2013-07-17,18.5,11.5,0:12
"	108",서울,2013-07-18,26.5,14,12:27
"	108",서울,2013-07-19,,,
"	108",서울,2013-07-20,1,0.5,15:30
"	108",서울,2013-07-21,0.5,0.4,5:57
"	108",서울,2013-07-22,84.5,42,8:22
"	108",서울,2013-07-23,56.5,35,12:15
"	108",서울,2013-07-24,11.5,8,4:42
"	108",서울,2013-07-25,0,0,
"	108",서울,2013-07-26,,,
"	108",서울,2013-07-27,0.2,0.2,20:01
"	108",서울,2013-07-28,11,6,8:16
"	108",서울,2013-07-29,3.5,3.5,2:37
"	108",서울,2013-07-30,9.5,5.5,20:50
"	108",서울,2013-07-31,8.5,8.5,1:40
"	108",서울,2013-08-01,,,
"	108",서울,2013-08-02,7.5,5,5:40
"	108",서울,2013-08-03,0.1,0.1,
"	108",서울,2013-08-04,4.5,3.5,6:31
"	108",서울,2013-08-05,7,3,16:08
"	108",서울,2013-08-06,45,43.5,12:40
"	108",서울,2013-08-07,,,
"	108",서울,2013-08-08,,,
"	108",서울,2013-08-09,0,0,
"	108",서울,2013-08-10,2,1.5,11:45
"	108",서울,2013-08-11,,,
"	108",서울,2013-08-12,,,
"	108",서울,2013-08-13,,,
"	108",서울,2013-08-14,,,
"	108",서울,2013-08-15,0,0,
"	108",서울,2013-08-16,4.5,4.5,4:50
"	108",서울,2013-08-17,,,
"	108",서울,2013-08-18,13,17.3,23:16
"	108",서울,2013-08-19,6,4.5,0:00
"	108",서울,2013-08-20,,,
"	108",서울,2013-08-21,,,
"	108",서울,2013-08-22,0,0,
"	108",서울,2013-08-23,35,20.5,4:15
"	108",서울,2013-08-24,,,
"	108",서울,2013-08-25,,,
"	108",서울,2013-08-26,,,
"	108",서울,2013-08-27,,,
"	108",서울,2013-08-28,,,
"	108",서울,2013-08-29,21.5,13.5,12:05
"	108",서울,2013-08-30,,,
"	108",서울,2013-08-31,2.5,2.5,18:50
"	108",서울,2013-09-01,,,
"	108",서울,2013-09-02,,,
"	108",서울,2013-09-03,,,
"	108",서울,2013-09-04,,,
"	108",서울,2013-09-05,0,0,
"	108",서울,2013-09-06,0,0,
"	108",서울,2013-09-07,,,
"	108",서울,2013-09-08,,,
"	108",서울,2013-09-09,,,
"	108",서울,2013-09-10,11.5,6.5,16:48
"	108",서울,2013-09-11,36.5,9,5:09
"	108",서울,2013-09-12,0.5,0.5,19:53
"	108",서울,2013-09-13,50,13,10:37
"	108",서울,2013-09-14,11.5,7,5:02
"	108",서울,2013-09-15,,,
"	108",서울,2013-09-16,,,
"	108",서울,2013-09-17,,,
"	108",서울,2013-09-18,,,
"	108",서울,2013-09-19,,,
"	108",서울,2013-09-20,,,
"	108",서울,2013-09-21,,,
"	108",서울,2013-09-22,0,0,
"	108",서울,2013-09-23,,,
"	108",서울,2013-09-24,4.5,1.5,8:07
"	108",서울,2013-09-25,,,
"	108",서울,2013-09-26,,,
"	108",서울,2013-09-27,,,
"	108",서울,2013-09-28,4,2,23:29
"	108",서울,2013-09-29,19,6,2:19
"	108",서울,2013-09-30,1,1,5:17
"	108",서울,2013-10-01,,,
"	108",서울,2013-10-02,,,
"	108",서울,2013-10-03,,,
"	108",서울,2013-10-04,,,
"	108",서울,2013-10-05,,,
"	108",서울,2013-10-06,0,0,
"	108",서울,2013-10-07,,,
"	108",서울,2013-10-08,3,0.5,8:24
"	108",서울,2013-10-09,,,
"	108",서울,2013-10-10,,,
"	108",서울,2013-10-11,6.5,6,3:58
"	108",서울,2013-10-12,,,
"	108",서울,2013-10-13,,,
"	108",서울,2013-10-14,,,
"	108",서울,2013-10-15,3.5,2,10:13
"	108",서울,2013-10-16,,,
"	108",서울,2013-10-17,,,
"	108",서울,2013-10-18,,,
"	108",서울,2013-10-19,,,
"	108",서울,2013-10-20,,,
"	108",서울,2013-10-21,,,
"	108",서울,2013-10-22,,,
"	108",서울,2013-10-23,,,
"	108",서울,2013-10-24,,,
"	108",서울,2013-10-25,,,
"	108",서울,2013-10-26,,,
"	108",서울,2013-10-27,,,
"	108",서울,2013-10-28,,,
"	108",서울,2013-10-29,0.5,0.5,16:35
"	108",서울,2013-10-30,,,
"	108",서울,2013-10-31,,,
"	108",서울,2013-11-01,,,
"	108",서울,2013-11-02,7.5,,
"	108",서울,2013-11-03,0,,
"	108",서울,2013-11-04,,,
"	108",서울,2013-11-05,,,
"	108",서울,2013-11-06,1,,
"	108",서울,2013-11-07,0.1,,
"	108",서울,2013-11-08,,,
"	108",서울,2013-11-09,5.5,,
"	108",서울,2013-11-10,0,,
"	108",서울,2013-11-11,,,
"	108",서울,2013-11-12,,,
"	108",서울,2013-11-13,,,
"	108",서울,2013-11-14,1,,
"	108",서울,2013-11-15,2,,
"	108",서울,2013-11-16,2,,
"	108",서울,2013-11-17,1,,
"	108",서울,2013-11-18,0,,
"	108",서울,2013-11-19,0,,
"	108",서울,2013-11-20,,,
"	108",서울,2013-11-21,,,
"	108",서울,2013-11-22,,,
"	108",서울,2013-11-23,,,
"	108",서울,2013-11-24,14,,
"	108",서울,2013-11-25,9.5,,
"	108",서울,2013-11-26,1.5,,
"	108",서울,2013-11-27,1.7,,
"	108",서울,2013-11-28,,,
"	108",서울,2013-11-29,0,,
"	108",서울,2013-11-30,,,
"	108",서울,2013-12-01,,,
"	108",서울,2013-12-02,0,,
"	108",서울,2013-12-03,,,
"	108",서울,2013-12-04,,,
"	108",서울,2013-12-05,,,
"	108",서울,2013-12-06,0,,
"	108",서울,2013-12-07,0.1,,
"	108",서울,2013-12-08,0,,
"	108",서울,2013-12-09,14,,
"	108",서울,2013-12-10,,,
"	108",서울,2013-12-11,2.6,,
"	108",서울,2013-12-12,4.1,,
"	108",서울,2013-12-13,,,
"	108",서울,2013-12-14,1.1,,
"	108",서울,2013-12-15,,,
"	108",서울,2013-12-16,,,
"	108",서울,2013-12-17,,,
"	108",서울,2013-12-18,0.8,,
"	108",서울,2013-12-19,0.3,,
"	108",서울,2013-12-20,0,,
"	108",서울,2013-12-21,,,
"	108",서울,2013-12-22,,,
"	108",서울,2013-12-23,,,
"	108",서울,2013-12-24,,,
"	108",서울,2013-12-25,,,
"	108",서울,2013-12-26,1.6,,
"	108",서울,2013-12-27,,,
"	108",서울,2013-12-28,,,
"	108",서울,2013-12-29,0.1,,
"	108",서울,2013-12-30,,,
"	108",서울,2013-12-31,,,
"	108",서울,2014-01-01,0,,
"	108",서울,2014-01-02,,,
"	108",서울,2014-01-03,,,
"	108",서울,2014-01-04,,,
"	108",서울,2014-01-05,,,
"	108",서울,2014-01-06,,,
"	108",서울,2014-01-07,0,,
"	108",서울,2014-01-08,0,,
"	108",서울,2014-01-09,,,
"	108",서울,2014-01-10,0,,
"	108",서울,2014-01-11,,,
"	108",서울,2014-01-12,0,,
"	108",서울,2014-01-13,,,
"	108",서울,2014-01-14,,,
"	108",서울,2014-01-15,,,
"	108",서울,2014-01-16,,,
"	108",서울,2014-01-17,,,
"	108",서울,2014-01-18,,,
"	108",서울,2014-01-19,0,,
"	108",서울,2014-01-20,5.3,,
"	108",서울,2014-01-21,0.7,,
"	108",서울,2014-01-22,,,
"	108",서울,2014-01-23,,,
"	108",서울,2014-01-24,,,
"	108",서울,2014-01-25,3,,
"	108",서울,2014-01-26,,,
"	108",서울,2014-01-27,,,
"	108",서울,2014-01-28,0.5,,
"	108",서울,2014-01-29,,,
"	108",서울,2014-01-30,3.5,,
"	108",서울,2014-01-31,,,
"	108",서울,2014-02-01,11,,
"	108",서울,2014-02-02,0.5,,
"	108",서울,2014-02-03,,,
"	108",서울,2014-02-04,,,
"	108",서울,2014-02-05,,,
"	108",서울,2014-02-06,,,
"	108",서울,2014-02-07,0,,
"	108",서울,2014-02-08,4.3,,
"	108",서울,2014-02-09,0.2,,
"	108",서울,2014-02-10,0.2,,
"	108",서울,2014-02-11,,,
"	108",서울,2014-02-12,0,,
"	108",서울,2014-02-13,,,
"	108",서울,2014-02-14,,,
"	108",서울,2014-02-15,,,
"	108",서울,2014-02-16,,,
"	108",서울,2014-02-17,,,
"	108",서울,2014-02-18,,,
"	108",서울,2014-02-19,,,
"	108",서울,2014-02-20,,,
"	108",서울,2014-02-21,,,
"	108",서울,2014-02-22,,,
"	108",서울,2014-02-23,,,
"	108",서울,2014-02-24,,,
"	108",서울,2014-02-25,,,
"	108",서울,2014-02-26,,,
"	108",서울,2014-02-27,,,
"	108",서울,2014-02-28,,,
"	108",서울,2014-03-01,,,
"	108",서울,2014-03-02,,,
"	108",서울,2014-03-03,,,
"	108",서울,2014-03-04,,,
"	108",서울,2014-03-05,0,,
"	108",서울,2014-03-06,0,,
"	108",서울,2014-03-07,,,
"	108",서울,2014-03-08,,,
"	108",서울,2014-03-09,2.2,,
"	108",서울,2014-03-10,,,
"	108",서울,2014-03-11,,,
"	108",서울,2014-03-12,0.2,,
"	108",서울,2014-03-13,0,,
"	108",서울,2014-03-14,,,
"	108",서울,2014-03-15,,,
"	108",서울,2014-03-16,,,
"	108",서울,2014-03-17,0.5,,
"	108",서울,2014-03-18,0.4,,
"	108",서울,2014-03-19,,,
"	108",서울,2014-03-20,0.4,,
"	108",서울,2014-03-21,,,
"	108",서울,2014-03-22,,,
"	108",서울,2014-03-23,,,
"	108",서울,2014-03-24,0,,
"	108",서울,2014-03-25,0,,
"	108",서울,2014-03-26,0,,
"	108",서울,2014-03-27,,,
"	108",서울,2014-03-28,,,
"	108",서울,2014-03-29,3.5,,
"	108",서울,2014-03-30,0,,
"	108",서울,2014-03-31,,,
"	108",서울,2014-04-01,,,
"	108",서울,2014-04-02,,,
"	108",서울,2014-04-03,0.5,0.5,11:18
"	108",서울,2014-04-04,,,
"	108",서울,2014-04-05,0,0,
"	108",서울,2014-04-06,,,
"	108",서울,2014-04-07,,,
"	108",서울,2014-04-08,,,
"	108",서울,2014-04-09,,,
"	108",서울,2014-04-10,,,
"	108",서울,2014-04-11,,,
"	108",서울,2014-04-12,,,
"	108",서울,2014-04-13,,,
"	108",서울,2014-04-14,,,
"	108",서울,2014-04-15,,,
"	108",서울,2014-04-16,,,
"	108",서울,2014-04-17,3,2,19:04
"	108",서울,2014-04-18,,,
"	108",서울,2014-04-19,,,
"	108",서울,2014-04-20,,,
"	108",서울,2014-04-21,,,
"	108",서울,2014-04-22,,,
"	108",서울,2014-04-23,,,
"	108",서울,2014-04-24,,,
"	108",서울,2014-04-25,,,
"	108",서울,2014-04-26,,,
"	108",서울,2014-04-27,8.5,3.5,2:52
"	108",서울,2014-04-28,13.5,3,12:39
"	108",서울,2014-04-29,5.5,3.5,5:19
"	108",서울,2014-04-30,0,,
"	108",서울,2014-05-01,,,
"	108",서울,2014-05-02,1,1,16:16
"	108",서울,2014-05-03,,,
"	108",서울,2014-05-04,0.2,0.2,
"	108",서울,2014-05-05,,,
"	108",서울,2014-05-06,,,
"	108",서울,2014-05-07,2,1.5,20:50
"	108",서울,2014-05-08,4,1.5,0:41
"	108",서울,2014-05-09,,,
"	108",서울,2014-05-10,,,
"	108",서울,2014-05-11,23,9,20:07
"	108",서울,2014-05-12,10,5,0:37
"	108",서울,2014-05-13,,,
"	108",서울,2014-05-14,,,
"	108",서울,2014-05-15,0.3,0.3,5:44
"	108",서울,2014-05-16,,,
"	108",서울,2014-05-17,,,
"	108",서울,2014-05-18,,,
"	108",서울,2014-05-19,,,
"	108",서울,2014-05-20,,,
"	108",서울,2014-05-21,,,
"	108",서울,2014-05-22,,,
"	108",서울,2014-05-23,,,
"	108",서울,2014-05-24,,,
"	108",서울,2014-05-25,21,8.5,21:52
"	108",서울,2014-05-26,1.5,1,0:01
"	108",서울,2014-05-27,,,
"	108",서울,2014-05-28,,,
"	108",서울,2014-05-29,,,
"	108",서울,2014-05-30,,,
"	108",서울,2014-05-31,,,
"	108",서울,2014-06-01,,,
"	108",서울,2014-06-02,2,0.9,11:41
"	108",서울,2014-06-03,33,6,5:32
"	108",서울,2014-06-04,,,
"	108",서울,2014-06-05,,,
"	108",서울,2014-06-06,,,
"	108",서울,2014-06-07,,,
"	108",서울,2014-06-08,,,
"	108",서울,2014-06-09,,,
"	108",서울,2014-06-10,5.5,2.5,16:16
"	108",서울,2014-06-11,19,14,15:29
"	108",서울,2014-06-12,0.1,0.1,
"	108",서울,2014-06-13,0,0,
"	108",서울,2014-06-14,,,
"	108",서울,2014-06-15,,,
"	108",서울,2014-06-16,,,
"	108",서울,2014-06-17,3.5,3.5,19:55
"	108",서울,2014-06-18,0.1,0.1,
"	108",서울,2014-06-19,0,0,
"	108",서울,2014-06-20,1.5,1,21:10
"	108",서울,2014-06-21,8.5,5.5,19:03
"	108",서울,2014-06-22,0.4,0.4,19:57
"	108",서울,2014-06-23,24.5,14.5,15:40
"	108",서울,2014-06-24,,,
"	108",서울,2014-06-25,,,
"	108",서울,2014-06-26,,,
"	108",서울,2014-06-27,,,
"	108",서울,2014-06-28,0,0,
"	108",서울,2014-06-29,,,
"	108",서울,2014-06-30,,,
"	108",서울,2014-07-01,,,
"	108",서울,2014-07-02,20.5,18,21:50
"	108",서울,2014-07-03,2,1,11:05
"	108",서울,2014-07-04,,,
"	108",서울,2014-07-05,,,
"	108",서울,2014-07-06,,,
"	108",서울,2014-07-07,,,
"	108",서울,2014-07-08,0.2,0.2,
"	108",서울,2014-07-09,0.5,0.4,14:44
"	108",서울,2014-07-10,,,
"	108",서울,2014-07-11,,,
"	108",서울,2014-07-12,,,
"	108",서울,2014-07-13,,,
"	108",서울,2014-07-14,,,
"	108",서울,2014-07-15,,,
"	108",서울,2014-07-16,,,
"	108",서울,2014-07-17,0.2,0.2,
"	108",서울,2014-07-18,1.5,1.5,4:43
"	108",서울,2014-07-19,,,
"	108",서울,2014-07-20,,,
"	108",서울,2014-07-21,,,
"	108",서울,2014-07-22,16.5,15.5,18:41
"	108",서울,2014-07-23,55,21.5,3:06
"	108",서울,2014-07-24,48,10.5,6:09
"	108",서울,2014-07-25,59.5,34.5,1:14
"	108",서울,2014-07-26,2.5,0.6,3:54
"	108",서울,2014-07-27,,,
"	108",서울,2014-07-28,,,
"	108",서울,2014-07-29,,,
"	108",서울,2014-07-30,,,
"	108",서울,2014-07-31,1.5,1.5,17:25
"	108",서울,2014-08-01,,,
"	108",서울,2014-08-02,0,0,
"	108",서울,2014-08-03,13,2.5,18:39
"	108",서울,2014-08-04,6.5,1.5,0:01
"	108",서울,2014-08-05,0,0,
"	108",서울,2014-08-06,10.5,4.5,16:16
"	108",서울,2014-08-07,0.2,0.2,
"	108",서울,2014-08-08,,,
"	108",서울,2014-08-09,,,
"	108",서울,2014-08-10,42.5,25.5,17:21
"	108",서울,2014-08-11,,,
"	108",서울,2014-08-12,,,
"	108",서울,2014-08-13,0,0,
"	108",서울,2014-08-14,0.5,0.4,12:28
"	108",서울,2014-08-15,,,
"	108",서울,2014-08-16,,,
"	108",서울,2014-08-17,3,1.5,10:29
"	108",서울,2014-08-18,11.5,6.5,10:35
"	108",서울,2014-08-19,4.5,2,22:45
"	108",서울,2014-08-20,0.5,0.4,2:30
"	108",서울,2014-08-21,46.5,23.5,9:13
"	108",서울,2014-08-22,15,13,0:40
"	108",서울,2014-08-23,0.5,0.5,3:40
"	108",서울,2014-08-24,0.1,0.1,
"	108",서울,2014-08-25,0,0,
"	108",서울,2014-08-26,11.5,11,17:42
"	108",서울,2014-08-27,,,
"	108",서울,2014-08-28,,,
"	108",서울,2014-08-29,6.5,6.5,20:50
"	108",서울,2014-08-30,,,
"	108",서울,2014-08-31,,,
"	108",서울,2014-09-01,1.5,1.5,18:37
"	108",서울,2014-09-02,6,4,23:09
"	108",서울,2014-09-03,57.5,11.5,0:29
"	108",서울,2014-09-04,,,
"	108",서울,2014-09-05,,,
"	108",서울,2014-09-06,,,
"	108",서울,2014-09-07,,,
"	108",서울,2014-09-08,,,
"	108",서울,2014-09-09,,,
"	108",서울,2014-09-10,,,
"	108",서울,2014-09-11,,,
"	108",서울,2014-09-12,0.1,0.1,
"	108",서울,2014-09-13,,,
"	108",서울,2014-09-14,,,
"	108",서울,2014-09-15,,,
"	108",서울,2014-09-16,,,
"	108",서울,2014-09-17,,,
"	108",서울,2014-09-18,,,
"	108",서울,2014-09-19,,,
"	108",서울,2014-09-20,,,
"	108",서울,2014-09-21,0,0,
"	108",서울,2014-09-22,,,
"	108",서울,2014-09-23,,,
"	108",서울,2014-09-24,6.5,3,9:20
"	108",서울,2014-09-25,,,
"	108",서울,2014-09-26,0,0,
"	108",서울,2014-09-27,,,
"	108",서울,2014-09-28,0.5,0.5,20:10
"	108",서울,2014-09-29,16,4.5,13:23
"	108",서울,2014-09-30,,,
"	108",서울,2014-10-01,,,
"	108",서울,2014-10-02,9,6,16:04
"	108",서울,2014-10-03,,,
"	108",서울,2014-10-04,,,
"	108",서울,2014-10-05,,,
"	108",서울,2014-10-06,,,
"	108",서울,2014-10-07,,,
"	108",서울,2014-10-08,,,
"	108",서울,2014-10-09,,,
"	108",서울,2014-10-10,,,
"	108",서울,2014-10-11,,,
"	108",서울,2014-10-12,,,
"	108",서울,2014-10-13,,,
"	108",서울,2014-10-14,,,
"	108",서울,2014-10-15,,,
"	108",서울,2014-10-16,2.5,2.5,5:10
"	108",서울,2014-10-17,,,
"	108",서울,2014-10-18,,,
"	108",서울,2014-10-19,,,
"	108",서울,2014-10-20,21.5,5,5:07
"	108",서울,2014-10-21,18.5,3,13:33
"	108",서울,2014-10-22,,,
"	108",서울,2014-10-23,,,
"	108",서울,2014-10-24,,,
"	108",서울,2014-10-25,,,
"	108",서울,2014-10-26,0.5,0.5,18:40
"	108",서울,2014-10-27,,,
"	108",서울,2014-10-28,,,
"	108",서울,2014-10-29,,,
"	108",서울,2014-10-30,,,
"	108",서울,2014-10-31,0.2,0.1,
"	108",서울,2014-11-01,,,
"	108",서울,2014-11-02,2.5,,
"	108",서울,2014-11-03,,,
"	108",서울,2014-11-04,,,
"	108",서울,2014-11-05,,,
"	108",서울,2014-11-06,0.5,,
"	108",서울,2014-11-07,,,
"	108",서울,2014-11-08,,,
"	108",서울,2014-11-09,,,
"	108",서울,2014-11-10,,,
"	108",서울,2014-11-11,2,,
"	108",서울,2014-11-12,5,,
"	108",서울,2014-11-13,,,
"	108",서울,2014-11-14,0,,
"	108",서울,2014-11-15,,,
"	108",서울,2014-11-16,1,,
"	108",서울,2014-11-17,1.5,,
"	108",서울,2014-11-18,,,
"	108",서울,2014-11-19,,,
"	108",서울,2014-11-20,,,
"	108",서울,2014-11-21,,,
"	108",서울,2014-11-22,4,,
"	108",서울,2014-11-23,,,
"	108",서울,2014-11-24,,,
"	108",서울,2014-11-25,,,
"	108",서울,2014-11-26,,,
"	108",서울,2014-11-27,,,
"	108",서울,2014-11-28,18,,
"	108",서울,2014-11-29,,,
"	108",서울,2014-11-30,7,,
"	108",서울,2014-12-01,0.5,,
"	108",서울,2014-12-02,0,,
"	108",서울,2014-12-03,0.9,,
"	108",서울,2014-12-04,0,,
"	108",서울,2014-12-05,,,
"	108",서울,2014-12-06,,,
"	108",서울,2014-12-07,,,
"	108",서울,2014-12-08,,,
"	108",서울,2014-12-09,,,
"	108",서울,2014-12-10,2,,
"	108",서울,2014-12-11,0.5,,
"	108",서울,2014-12-12,0.1,,
"	108",서울,2014-12-13,,,
"	108",서울,2014-12-14,0,,
"	108",서울,2014-12-15,10.5,,
"	108",서울,2014-12-16,0,,
"	108",서울,2014-12-17,,,
"	108",서울,2014-12-18,,,
"	108",서울,2014-12-19,0.9,,
"	108",서울,2014-12-20,2,,
"	108",서울,2014-12-21,0,,
"	108",서울,2014-12-22,0.3,,
"	108",서울,2014-12-23,,,
"	108",서울,2014-12-24,0.2,,
"	108",서울,2014-12-25,,,
"	108",서울,2014-12-26,,,
"	108",서울,2014-12-27,,,
"	108",서울,2014-12-28,,,
"	108",서울,2014-12-29,,,
"	108",서울,2014-12-30,,,
"	108",서울,2014-12-31,0,,
"	108",서울,2015-01-01,,,
"	108",서울,2015-01-02,,,
"	108",서울,2015-01-03,,,
"	108",서울,2015-01-04,0,,
"	108",서울,2015-01-05,0.4,,
"	108",서울,2015-01-06,3,,
"	108",서울,2015-01-07,,,
"	108",서울,2015-01-08,,,
"	108",서울,2015-01-09,,,
"	108",서울,2015-01-10,,,
"	108",서울,2015-01-11,,,
"	108",서울,2015-01-12,,,
"	108",서울,2015-01-13,,,
"	108",서울,2015-01-14,,,
"	108",서울,2015-01-15,,,
"	108",서울,2015-01-16,0.3,,
"	108",서울,2015-01-17,,,
"	108",서울,2015-01-18,4,,
"	108",서울,2015-01-19,0.1,,
"	108",서울,2015-01-20,,,
"	108",서울,2015-01-21,,,
"	108",서울,2015-01-22,,,
"	108",서울,2015-01-23,,,
"	108",서울,2015-01-24,,,
"	108",서울,2015-01-25,3,,
"	108",서울,2015-01-26,0.5,,
"	108",서울,2015-01-27,,,
"	108",서울,2015-01-28,,,
"	108",서울,2015-01-29,,,
"	108",서울,2015-01-30,,,
"	108",서울,2015-01-31,,,
"	108",서울,2015-02-01,,,
"	108",서울,2015-02-02,,,
"	108",서울,2015-02-03,,,
"	108",서울,2015-02-04,,,
"	108",서울,2015-02-05,,,
"	108",서울,2015-02-06,,,
"	108",서울,2015-02-07,,,
"	108",서울,2015-02-08,,,
"	108",서울,2015-02-09,0.2,,
"	108",서울,2015-02-10,,,
"	108",서울,2015-02-11,,,
"	108",서울,2015-02-12,,,
"	108",서울,2015-02-13,,,
"	108",서울,2015-02-14,,,
"	108",서울,2015-02-15,,,
"	108",서울,2015-02-16,10.5,,
"	108",서울,2015-02-17,0.5,,
"	108",서울,2015-02-18,0,,
"	108",서울,2015-02-19,,,
"	108",서울,2015-02-20,,,
"	108",서울,2015-02-21,8,,
"	108",서울,2015-02-22,2.5,,
"	108",서울,2015-02-23,,,
"	108",서울,2015-02-24,,,
"	108",서울,2015-02-25,0.5,,
"	108",서울,2015-02-26,0.5,,
"	108",서울,2015-02-27,,,
"	108",서울,2015-02-28,,,
"	108",서울,2015-03-01,0,,
"	108",서울,2015-03-02,,,
"	108",서울,2015-03-03,5.5,,
"	108",서울,2015-03-04,,,
"	108",서울,2015-03-05,,,
"	108",서울,2015-03-06,,,
"	108",서울,2015-03-07,,,
"	108",서울,2015-03-08,,,
"	108",서울,2015-03-09,,,
"	108",서울,2015-03-10,,,
"	108",서울,2015-03-11,,,
"	108",서울,2015-03-12,,,
"	108",서울,2015-03-13,0.1,,
"	108",서울,2015-03-14,,,
"	108",서울,2015-03-15,,,
"	108",서울,2015-03-16,,,
"	108",서울,2015-03-17,0,,
"	108",서울,2015-03-18,1.5,,
"	108",서울,2015-03-19,,,
"	108",서울,2015-03-20,,,
"	108",서울,2015-03-21,,,
"	108",서울,2015-03-22,,,
"	108",서울,2015-03-23,,,
"	108",서울,2015-03-24,,,
"	108",서울,2015-03-25,,,
"	108",서울,2015-03-26,,,
"	108",서울,2015-03-27,,,
"	108",서울,2015-03-28,,,
"	108",서울,2015-03-29,,,
"	108",서울,2015-03-30,,,
"	108",서울,2015-03-31,2.5,,
"	108",서울,2015-04-01,2.5,2,1:12
"	108",서울,2015-04-02,28,16.5,20:22
"	108",서울,2015-04-03,3.5,2,0:28
"	108",서울,2015-04-04,0,0,
"	108",서울,2015-04-05,0.5,0.5,12:57
"	108",서울,2015-04-06,,,
"	108",서울,2015-04-07,0,0,
"	108",서울,2015-04-08,,,
"	108",서울,2015-04-09,,,
"	108",서울,2015-04-10,,,
"	108",서울,2015-04-11,,,
"	108",서울,2015-04-12,,,
"	108",서울,2015-04-13,6.5,2,20:40
"	108",서울,2015-04-14,10.5,2.5,7:03
"	108",서울,2015-04-15,1,0.5,0:01
"	108",서울,2015-04-16,7,4.5,13:21
"	108",서울,2015-04-17,,,
"	108",서울,2015-04-18,0,0,
"	108",서울,2015-04-19,12,3.5,11:01
"	108",서울,2015-04-20,5.5,1.5,1:46
"	108",서울,2015-04-21,,,
"	108",서울,2015-04-22,0,0,
"	108",서울,2015-04-23,,,
"	108",서울,2015-04-24,,,
"	108",서울,2015-04-25,,,
"	108",서울,2015-04-26,,,
"	108",서울,2015-04-27,,,
"	108",서울,2015-04-28,0,0,
"	108",서울,2015-04-29,3.5,1,7:41
"	108",서울,2015-04-30,,,
"	108",서울,2015-05-01,,,
"	108",서울,2015-05-02,0.5,0.5,21:31
"	108",서울,2015-05-03,3.5,2,3:27
"	108",서울,2015-05-04,,,
"	108",서울,2015-05-05,,,
"	108",서울,2015-05-06,,,
"	108",서울,2015-05-07,,,
"	108",서울,2015-05-08,,,
"	108",서울,2015-05-09,,,
"	108",서울,2015-05-10,,,
"	108",서울,2015-05-11,14,6.5,21:00
"	108",서울,2015-05-12,9.5,4,0:10
"	108",서울,2015-05-13,0,0,
"	108",서울,2015-05-14,,,
"	108",서울,2015-05-15,,,
"	108",서울,2015-05-16,,,
"	108",서울,2015-05-17,,,
"	108",서울,2015-05-18,,,
"	108",서울,2015-05-19,1,0.5,16:42
"	108",서울,2015-05-20,,,
"	108",서울,2015-05-21,,,
"	108",서울,2015-05-22,,,
"	108",서울,2015-05-23,,,
"	108",서울,2015-05-24,,,
"	108",서울,2015-05-25,,,
"	108",서울,2015-05-26,,,
"	108",서울,2015-05-27,,,
"	108",서울,2015-05-28,,,
"	108",서울,2015-05-29,,,
"	108",서울,2015-05-30,0.4,0.2,6:52
"	108",서울,2015-05-31,,,
"	108",서울,2015-06-01,,,
"	108",서울,2015-06-02,,,
"	108",서울,2015-06-03,,,
"	108",서울,2015-06-04,,,
"	108",서울,2015-06-05,1,0.5,13:03
"	108",서울,2015-06-06,,,
"	108",서울,2015-06-07,,,
"	108",서울,2015-06-08,,,
"	108",서울,2015-06-09,,,
"	108",서울,2015-06-10,,,
"	108",서울,2015-06-11,7.5,5.5,22:23
"	108",서울,2015-06-12,0.5,0.5,1:55
"	108",서울,2015-06-13,0.5,0.4,0:37
"	108",서울,2015-06-14,15.5,15,5:12
"	108",서울,2015-06-15,,,
"	108",서울,2015-06-16,,,
"	108",서울,2015-06-17,9.5,10.5,23:30
"	108",서울,2015-06-18,3,2.5,0:01
"	108",서울,2015-06-19,,,
"	108",서울,2015-06-20,44.5,25.5,9:30
"	108",서울,2015-06-21,,,
"	108",서울,2015-06-22,,,
"	108",서울,2015-06-23,,,
"	108",서울,2015-06-24,,,
"	108",서울,2015-06-25,2,1.1,20:33
"	108",서울,2015-06-26,12.5,4,1:53
"	108",서울,2015-06-27,,,
"	108",서울,2015-06-28,,,
"	108",서울,2015-06-29,0,0,
"	108",서울,2015-06-30,2.5,2,18:23
"	108",서울,2015-07-01,0.5,0.5,0:04
"	108",서울,2015-07-02,,,
"	108",서울,2015-07-03,,,
"	108",서울,2015-07-04,,,
"	108",서울,2015-07-05,,,
"	108",서울,2015-07-06,,,
"	108",서울,2015-07-07,,,
"	108",서울,2015-07-08,0.5,0.5,8:04
"	108",서울,2015-07-09,,,
"	108",서울,2015-07-10,,,
"	108",서울,2015-07-11,0,0,
"	108",서울,2015-07-12,29,4,11:10
"	108",서울,2015-07-13,10,2.5,1:44
"	108",서울,2015-07-14,,,
"	108",서울,2015-07-15,,,
"	108",서울,2015-07-16,,,
"	108",서울,2015-07-17,,,
"	108",서울,2015-07-18,0.5,0.5,17:39
"	108",서울,2015-07-19,5,2.5,1:45
"	108",서울,2015-07-20,,,
"	108",서울,2015-07-21,11,10.5,4:17
"	108",서울,2015-07-22,1,0.5,12:28
"	108",서울,2015-07-23,16,6,16:15
"	108",서울,2015-07-24,26.5,7,3:47
"	108",서울,2015-07-25,80,31,16:35
"	108",서울,2015-07-26,40.5,14,5:46
"	108",서울,2015-07-27,1.5,1.5,3:12
"	108",서울,2015-07-28,0,0,
"	108",서울,2015-07-29,4,3,7:37
"	108",서울,2015-07-30,,,
"	108",서울,2015-07-31,,,
"	108",서울,2015-08-01,,,
"	108",서울,2015-08-02,16.5,14.5,1:45
"	108",서울,2015-08-03,0,0,
"	108",서울,2015-08-04,,,
"	108",서울,2015-08-05,0.1,0.1,7:40
"	108",서울,2015-08-06,,,
"	108",서울,2015-08-07,11,9,15:40
"	108",서울,2015-08-08,7.5,6,13:51
"	108",서울,2015-08-09,,,
"	108",서울,2015-08-10,,,
"	108",서울,2015-08-11,,,
"	108",서울,2015-08-12,,,
"	108",서울,2015-08-13,0,0,
"	108",서울,2015-08-14,,,
"	108",서울,2015-08-15,0.1,0.1,
"	108",서울,2015-08-16,29,21.5,18:49
"	108",서울,2015-08-17,,,
"	108",서울,2015-08-18,,,
"	108",서울,2015-08-19,0,0,
"	108",서울,2015-08-20,0.4,0.4,11:10
"	108",서울,2015-08-21,2.5,2.3,3:54
"	108",서울,2015-08-22,0,0,
"	108",서울,2015-08-23,,,
"	108",서울,2015-08-24,,,
"	108",서울,2015-08-25,5.5,1.5,16:01
"	108",서울,2015-08-26,0,0,
"	108",서울,2015-08-27,0,0,
"	108",서울,2015-08-28,0.3,0.3,18:25
"	108",서울,2015-08-29,,,
"	108",서울,2015-08-30,0,0,
"	108",서울,2015-08-31,,,
"	108",서울,2015-09-01,,,
"	108",서울,2015-09-02,0.5,0.4,13:20
"	108",서울,2015-09-03,18,16.5,2:52
"	108",서울,2015-09-04,,,
"	108",서울,2015-09-05,5,3,9:55
"	108",서울,2015-09-06,,,
"	108",서울,2015-09-07,,,
"	108",서울,2015-09-08,,,
"	108",서울,2015-09-09,,,
"	108",서울,2015-09-10,,,
"	108",서울,2015-09-11,2.5,2,18:50
"	108",서울,2015-09-12,,,
"	108",서울,2015-09-13,,,
"	108",서울,2015-09-14,,,
"	108",서울,2015-09-15,,,
"	108",서울,2015-09-16,,,
"	108",서울,2015-09-17,,,
"	108",서울,2015-09-18,,,
"	108",서울,2015-09-19,,,
"	108",서울,2015-09-20,,,
"	108",서울,2015-09-21,,,
"	108",서울,2015-09-22,,,
"	108",서울,2015-09-23,,,
"	108",서울,2015-09-24,,,
"	108",서울,2015-09-25,,,
"	108",서울,2015-09-26,,,
"	108",서울,2015-09-27,,,
"	108",서울,2015-09-28,0,0,
"	108",서울,2015-09-29,,,
"	108",서울,2015-09-30,,,
"	108",서울,2015-10-01,35,16.5,11:08
"	108",서울,2015-10-02,,,
"	108",서울,2015-10-03,,,
"	108",서울,2015-10-04,,,
"	108",서울,2015-10-05,,,
"	108",서울,2015-10-06,,,
"	108",서울,2015-10-07,,,
"	108",서울,2015-10-08,,,
"	108",서울,2015-10-09,,,
"	108",서울,2015-10-10,3.5,3,5:49
"	108",서울,2015-10-11,3.5,2,17:40
"	108",서울,2015-10-12,,,
"	108",서울,2015-10-13,,,
"	108",서울,2015-10-14,,,
"	108",서울,2015-10-15,,,
"	108",서울,2015-10-16,,,
"	108",서울,2015-10-17,,,
"	108",서울,2015-10-18,,,
"	108",서울,2015-10-19,,,
"	108",서울,2015-10-20,,,
"	108",서울,2015-10-21,,,
"	108",서울,2015-10-22,,,
"	108",서울,2015-10-23,,,
"	108",서울,2015-10-24,10.5,10.5,5:07
"	108",서울,2015-10-25,,,
"	108",서울,2015-10-26,2,1,22:07
"	108",서울,2015-10-27,26.5,4.5,3:28
"	108",서울,2015-10-28,,,
"	108",서울,2015-10-29,0.5,0.5,18:35
"	108",서울,2015-10-30,,,
"	108",서울,2015-10-31,,,
"	108",서울,2015-11-01,,,
"	108",서울,2015-11-02,,,
"	108",서울,2015-11-03,,,
"	108",서울,2015-11-04,,,
"	108",서울,2015-11-05,,,
"	108",서울,2015-11-06,4.5,,
"	108",서울,2015-11-07,24.5,,
"	108",서울,2015-11-08,10.5,,
"	108",서울,2015-11-09,3.5,,
"	108",서울,2015-11-10,,,
"	108",서울,2015-11-11,,,
"	108",서울,2015-11-12,,,
"	108",서울,2015-11-13,22.5,,
"	108",서울,2015-11-14,3.5,,
"	108",서울,2015-11-15,,,
"	108",서울,2015-11-16,5.5,,
"	108",서울,2015-11-17,,,
"	108",서울,2015-11-18,5.5,,
"	108",서울,2015-11-19,,,
"	108",서울,2015-11-20,,,
"	108",서울,2015-11-21,,,
"	108",서울,2015-11-22,3.5,,
"	108",서울,2015-11-23,6.5,,
"	108",서울,2015-11-24,0.5,,
"	108",서울,2015-11-25,11,,
"	108",서울,2015-11-26,0,,
"	108",서울,2015-11-27,,,
"	108",서울,2015-11-28,0.1,,
"	108",서울,2015-11-29,3,,
"	108",서울,2015-11-30,,,
"	108",서울,2015-12-01,,,
"	108",서울,2015-12-02,13.5,,
"	108",서울,2015-12-03,7.1,,
"	108",서울,2015-12-04,,,
"	108",서울,2015-12-05,,,
"	108",서울,2015-12-06,,,
"	108",서울,2015-12-07,,,
"	108",서울,2015-12-08,,,
"	108",서울,2015-12-09,,,
"	108",서울,2015-12-10,0.3,,
"	108",서울,2015-12-11,,,
"	108",서울,2015-12-12,,,
"	108",서울,2015-12-13,,,
"	108",서울,2015-12-14,2.5,,
"	108",서울,2015-12-15,0.1,,
"	108",서울,2015-12-16,,,
"	108",서울,2015-12-17,,,
"	108",서울,2015-12-18,0,,
"	108",서울,2015-12-19,,,
"	108",서울,2015-12-20,,,
"	108",서울,2015-12-21,2,,
"	108",서울,2015-12-22,,,
"	108",서울,2015-12-23,0.4,,
"	108",서울,2015-12-24,,,
"	108",서울,2015-12-25,0,,
"	108",서울,2015-12-26,0.7,,
"	108",서울,2015-12-27,,,
"	108",서울,2015-12-28,,,
"	108",서울,2015-12-29,,,
"	108",서울,2015-12-30,2.5,,
"	108",서울,2015-12-31,,,
"	108",서울,2016-01-01,,,
"	108",서울,2016-01-02,,,
"	108",서울,2016-01-03,,,
"	108",서울,2016-01-04,,,
"	108",서울,2016-01-05,,,
"	108",서울,2016-01-06,,,
"	108",서울,2016-01-07,,,
"	108",서울,2016-01-08,,,
"	108",서울,2016-01-09,,,
"	108",서울,2016-01-10,,,
"	108",서울,2016-01-11,,,
"	108",서울,2016-01-12,,,
"	108",서울,2016-01-13,0.4,,
"	108",서울,2016-01-14,0,,
"	108",서울,2016-01-15,,,
"	108",서울,2016-01-16,0.1,,
"	108",서울,2016-01-17,,,
"	108",서울,2016-01-18,0.2,,
"	108",서울,2016-01-19,,,
"	108",서울,2016-01-20,,,
"	108",서울,2016-01-21,,,
"	108",서울,2016-01-22,,,
"	108",서울,2016-01-23,0,,
"	108",서울,2016-01-24,,,
"	108",서울,2016-01-25,,,
"	108",서울,2016-01-26,0.3,,
"	108",서울,2016-01-27,,,
"	108",서울,2016-01-28,,,
"	108",서울,2016-01-29,,,
"	108",서울,2016-01-30,,,
"	108",서울,2016-01-31,,,
"	108",서울,2016-02-01,,,
"	108",서울,2016-02-02,,,
"	108",서울,2016-02-03,,,
"	108",서울,2016-02-04,,,
"	108",서울,2016-02-05,,,
"	108",서울,2016-02-06,,,
"	108",서울,2016-02-07,,,
"	108",서울,2016-02-08,,,
"	108",서울,2016-02-09,,,
"	108",서울,2016-02-10,,,
"	108",서울,2016-02-11,0.1,,
"	108",서울,2016-02-12,18,,
"	108",서울,2016-02-13,21,,
"	108",서울,2016-02-14,2.5,,
"	108",서울,2016-02-15,0,,
"	108",서울,2016-02-16,0.8,,
"	108",서울,2016-02-17,,,
"	108",서울,2016-02-18,,,
"	108",서울,2016-02-19,,,
"	108",서울,2016-02-20,,,
"	108",서울,2016-02-21,,,
"	108",서울,2016-02-22,0,,
"	108",서울,2016-02-23,0.9,,
"	108",서울,2016-02-24,,,
"	108",서울,2016-02-25,,,
"	108",서울,2016-02-26,0,,
"	108",서울,2016-02-27,0.2,,
"	108",서울,2016-02-28,4.1,,
"	108",서울,2016-02-29,0,,
"	108",서울,2016-03-01,,,
"	108",서울,2016-03-02,,,
"	108",서울,2016-03-03,,,
"	108",서울,2016-03-04,0.1,,
"	108",서울,2016-03-05,40,,
"	108",서울,2016-03-06,0.2,,
"	108",서울,2016-03-07,0,,
"	108",서울,2016-03-08,,,
"	108",서울,2016-03-09,,,
"	108",서울,2016-03-10,,,
"	108",서울,2016-03-11,,,
"	108",서울,2016-03-12,,,
"	108",서울,2016-03-13,0.1,,
"	108",서울,2016-03-14,,,
"	108",서울,2016-03-15,,,
"	108",서울,2016-03-16,,,
"	108",서울,2016-03-17,,,
"	108",서울,2016-03-18,,,
"	108",서울,2016-03-19,,,
"	108",서울,2016-03-20,,,
"	108",서울,2016-03-21,,,
"	108",서울,2016-03-22,,,
"	108",서울,2016-03-23,,,
"	108",서울,2016-03-24,,,
"	108",서울,2016-03-25,,,
"	108",서울,2016-03-26,,,
"	108",서울,2016-03-27,,,
"	108",서울,2016-03-28,,,
"	108",서울,2016-03-29,0.1,,
"	108",서울,2016-03-30,,,
"	108",서울,2016-03-31,,,
"	108",서울,2016-04-01,,,
"	108",서울,2016-04-02,,,
"	108",서울,2016-04-03,2,1,15:00
"	108",서울,2016-04-04,,,
"	108",서울,2016-04-05,,,
"	108",서울,2016-04-06,3,2.5,22:42
"	108",서울,2016-04-07,7.5,2,0:02
"	108",서울,2016-04-08,,,
"	108",서울,2016-04-09,,,
"	108",서울,2016-04-10,,,
"	108",서울,2016-04-11,,,
"	108",서울,2016-04-12,,,
"	108",서울,2016-04-13,1,1,6:29
"	108",서울,2016-04-14,,,
"	108",서울,2016-04-15,,,
"	108",서울,2016-04-16,23.5,7.5,19:36
"	108",서울,2016-04-17,20.5,7.5,0:38
"	108",서울,2016-04-18,1.5,1.5,17:07
"	108",서울,2016-04-19,,,
"	108",서울,2016-04-20,0.5,0.3,18:44
"	108",서울,2016-04-21,17,4,6:57
"	108",서울,2016-04-22,0,0,
"	108",서울,2016-04-23,,,
"	108",서울,2016-04-24,,,
"	108",서울,2016-04-25,,,
"	108",서울,2016-04-26,,,
"	108",서울,2016-04-27,,,
"	108",서울,2016-04-28,,,
"	108",서울,2016-04-29,0.3,0.3,2:04
"	108",서울,2016-04-30,,,
"	108",서울,2016-05-01,,,
"	108",서울,2016-05-02,16.5,7,21:19
"	108",서울,2016-05-03,27,6,9:04
"	108",서울,2016-05-04,,,
"	108",서울,2016-05-05,7.5,6,22:36
"	108",서울,2016-05-06,9.5,5,7:27
"	108",서울,2016-05-07,,,
"	108",서울,2016-05-08,,,
"	108",서울,2016-05-09,0,0,
"	108",서울,2016-05-10,13.5,2.5,9:50
"	108",서울,2016-05-11,,,
"	108",서울,2016-05-12,,,
"	108",서울,2016-05-13,0.5,0.5,1:10
"	108",서울,2016-05-14,,,
"	108",서울,2016-05-15,45,12,16:17
"	108",서울,2016-05-16,2.5,1.5,#VALUE!
"	108",서울,2016-05-17,,,
"	108",서울,2016-05-18,,,
"	108",서울,2016-05-19,,,
"	108",서울,2016-05-20,,,
"	108",서울,2016-05-21,,,
"	108",서울,2016-05-22,,,
"	108",서울,2016-05-23,,,
"	108",서울,2016-05-24,38.5,7.5,3:27
"	108",서울,2016-05-25,,,
"	108",서울,2016-05-26,0,0,
"	108",서울,2016-05-27,,,
"	108",서울,2016-05-28,,,
"	108",서울,2016-05-29,,,
"	108",서울,2016-05-30,,,
"	108",서울,2016-05-31,,,
"	108",서울,2016-06-01,,,
"	108",서울,2016-06-02,,,
"	108",서울,2016-06-03,,,
"	108",서울,2016-06-04,,,
"	108",서울,2016-06-05,,,
"	108",서울,2016-06-06,0,0,
"	108",서울,2016-06-07,0.1,0.1,
"	108",서울,2016-06-08,,,
"	108",서울,2016-06-09,,,
"	108",서울,2016-06-10,,,
"	108",서울,2016-06-11,3,1.5,15:07
"	108",서울,2016-06-12,1.5,1.5,#VALUE!
"	108",서울,2016-06-13,,,
"	108",서울,2016-06-14,0,0,
"	108",서울,2016-06-15,15.5,7,5:39
"	108",서울,2016-06-16,0,0,
"	108",서울,2016-06-17,,,
"	108",서울,2016-06-18,,,
"	108",서울,2016-06-19,0,0,
"	108",서울,2016-06-20,,,
"	108",서울,2016-06-21,,,
"	108",서울,2016-06-22,30.5,26,13:39
"	108",서울,2016-06-23,0.1,0.1,
"	108",서울,2016-06-24,3.5,1,6:19
"	108",서울,2016-06-25,,,
"	108",서울,2016-06-26,,,
"	108",서울,2016-06-27,,,
"	108",서울,2016-06-28,,,
"	108",서울,2016-06-29,,,
"	108",서울,2016-06-30,0.2,0.1,
"	108",서울,2016-07-01,108.5,31.5,14:40
"	108",서울,2016-07-02,4,2,1:21
"	108",서울,2016-07-03,,,
"	108",서울,2016-07-04,29.5,13,21:39
"	108",서울,2016-07-05,100.5,40,8:39
"	108",서울,2016-07-06,0,0,
"	108",서울,2016-07-07,0,0,
"	108",서울,2016-07-08,,,
"	108",서울,2016-07-09,,,
"	108",서울,2016-07-10,,,
"	108",서울,2016-07-11,0,0,
"	108",서울,2016-07-12,3,2,5:20
"	108",서울,2016-07-13,0,0,
"	108",서울,2016-07-14,0.1,0.1,
"	108",서울,2016-07-15,1.5,1.4,22:49
"	108",서울,2016-07-16,46.5,9,5:41
"	108",서울,2016-07-17,2.5,2.5,#VALUE!
"	108",서울,2016-07-18,0.2,0.2,
"	108",서울,2016-07-19,,,
"	108",서울,2016-07-20,,,
"	108",서울,2016-07-21,,,
"	108",서울,2016-07-22,,,
"	108",서울,2016-07-23,0.5,0.4,18:55
"	108",서울,2016-07-24,0.5,0.5,12:05
"	108",서울,2016-07-25,,,
"	108",서울,2016-07-26,,,
"	108",서울,2016-07-27,0.5,0.5,13:30
"	108",서울,2016-07-28,0.2,0.2,
"	108",서울,2016-07-29,59.5,51.5,6:26
"	108",서울,2016-07-30,0.5,0.5,0:00
"	108",서울,2016-07-31,0.2,0.1,
"	108",서울,2016-08-01,,,
"	108",서울,2016-08-02,2,2,17:58
"	108",서울,2016-08-03,,,
"	108",서울,2016-08-04,,,
"	108",서울,2016-08-05,,,
"	108",서울,2016-08-06,,,
"	108",서울,2016-08-07,,,
"	108",서울,2016-08-08,,,
"	108",서울,2016-08-09,1,0.5,16:05
"	108",서울,2016-08-10,,,
"	108",서울,2016-08-11,,,
"	108",서울,2016-08-12,,,
"	108",서울,2016-08-13,,,
"	108",서울,2016-08-14,0.2,0.2,
"	108",서울,2016-08-15,0,0,
"	108",서울,2016-08-16,0.5,0.5,15:30
"	108",서울,2016-08-17,,,
"	108",서울,2016-08-18,,,
"	108",서울,2016-08-19,11.5,11.5,16:44
"	108",서울,2016-08-20,,,
"	108",서울,2016-08-21,0,0,
"	108",서울,2016-08-22,0.4,0.4,
"	108",서울,2016-08-23,8,7,15:05
"	108",서울,2016-08-24,0,0,
"	108",서울,2016-08-25,4.5,3.5,19:14
"	108",서울,2016-08-26,20,6.5,2:56
"	108",서울,2016-08-27,0,0,
"	108",서울,2016-08-28,1.5,1.5,16:11
"	108",서울,2016-08-29,,,
"	108",서울,2016-08-30,0,0,
"	108",서울,2016-08-31,17.5,3,10:43
"	108",서울,2016-09-01,,,
"	108",서울,2016-09-02,4.5,4.5,2:05
"	108",서울,2016-09-03,0.5,0.5,0:25
"	108",서울,2016-09-04,,,
"	108",서울,2016-09-05,,,
"	108",서울,2016-09-06,,,
"	108",서울,2016-09-07,,,
"	108",서울,2016-09-08,4.5,3.5,11:54
"	108",서울,2016-09-09,,,
"	108",서울,2016-09-10,,,
"	108",서울,2016-09-11,,,
"	108",서울,2016-09-12,2.5,2.5,13:58
"	108",서울,2016-09-13,,,
"	108",서울,2016-09-14,,,
"	108",서울,2016-09-15,,,
"	108",서울,2016-09-16,,,
"	108",서울,2016-09-17,7,3.5,6:28
"	108",서울,2016-09-18,,,
"	108",서울,2016-09-19,,,
"	108",서울,2016-09-20,,,
"	108",서울,2016-09-21,,,
"	108",서울,2016-09-22,,,
"	108",서울,2016-09-23,,,
"	108",서울,2016-09-24,,,
"	108",서울,2016-09-25,,,
"	108",서울,2016-09-26,,,
"	108",서울,2016-09-27,13.5,4,13:41
"	108",서울,2016-09-28,0.5,0.5,0:01
"	108",서울,2016-09-29,,,
"	108",서울,2016-09-30,,,
"	108",서울,2016-10-01,,,
"	108",서울,2016-10-02,18.5,6.5,17:00
"	108",서울,2016-10-03,6.5,2,5:58
"	108",서울,2016-10-04,,,
"	108",서울,2016-10-05,,,
"	108",서울,2016-10-06,,,
"	108",서울,2016-10-07,2,1,22:58
"	108",서울,2016-10-08,6,2.5,0:06
"	108",서울,2016-10-09,,,
"	108",서울,2016-10-10,,,
"	108",서울,2016-10-11,,,
"	108",서울,2016-10-12,,,
"	108",서울,2016-10-13,,,
"	108",서울,2016-10-14,,,
"	108",서울,2016-10-15,,,
"	108",서울,2016-10-16,1.5,0.5,13:59
"	108",서울,2016-10-17,,,
"	108",서울,2016-10-18,,,
"	108",서울,2016-10-19,,,
"	108",서울,2016-10-20,,,
"	108",서울,2016-10-21,,,
"	108",서울,2016-10-22,,,
"	108",서울,2016-10-23,2.5,1.5,15:03
"	108",서울,2016-10-24,,,
"	108",서울,2016-10-25,37,10,7:15
"	108",서울,2016-10-26,0,0,
"	108",서울,2016-10-27,,,
"	108",서울,2016-10-28,0.3,0.2,
"	108",서울,2016-10-29,,,
"	108",서울,2016-10-30,,,
"	108",서울,2016-10-31,0.5,0.3,6:46
"	108",서울,2016-11-01,,,
"	108",서울,2016-11-02,0.1,,
"	108",서울,2016-11-03,0.2,,
"	108",서울,2016-11-04,0,,
"	108",서울,2016-11-05,0,,
"	108",서울,2016-11-06,,,
"	108",서울,2016-11-07,5.5,,
"	108",서울,2016-11-08,0.5,,
"	108",서울,2016-11-09,,,
"	108",서울,2016-11-10,0.4,,
"	108",서울,2016-11-11,4,,
"	108",서울,2016-11-12,,,
"	108",서울,2016-11-13,0.5,,
"	108",서울,2016-11-14,1.5,,
"	108",서울,2016-11-15,,,
"	108",서울,2016-11-16,,,
"	108",서울,2016-11-17,,,
"	108",서울,2016-11-18,0,,
"	108",서울,2016-11-19,0,,
"	108",서울,2016-11-20,,,
"	108",서울,2016-11-21,,,
"	108",서울,2016-11-22,0.2,,
"	108",서울,2016-11-23,,,
"	108",서울,2016-11-24,,,
"	108",서울,2016-11-25,,,
"	108",서울,2016-11-26,2.8,,
"	108",서울,2016-11-27,0,,
"	108",서울,2016-11-28,,,
"	108",서울,2016-11-29,,,
"	108",서울,2016-11-30,1,,
"	108",서울,2016-12-01,,,
"	108",서울,2016-12-02,,,
"	108",서울,2016-12-03,,,
"	108",서울,2016-12-04,,,
"	108",서울,2016-12-05,1.5,,
"	108",서울,2016-12-06,,,
"	108",서울,2016-12-07,0,,
"	108",서울,2016-12-08,3,,
"	108",서울,2016-12-09,3,,
"	108",서울,2016-12-10,,,
"	108",서울,2016-12-11,,,
"	108",서울,2016-12-12,,,
"	108",서울,2016-12-13,,,
"	108",서울,2016-12-14,0.1,,
"	108",서울,2016-12-15,,,
"	108",서울,2016-12-16,,,
"	108",서울,2016-12-17,0,,
"	108",서울,2016-12-18,,,
"	108",서울,2016-12-19,0.1,,
"	108",서울,2016-12-20,,,
"	108",서울,2016-12-21,29,,
"	108",서울,2016-12-22,23.5,,
"	108",서울,2016-12-23,0.1,,
"	108",서울,2016-12-24,,,
"	108",서울,2016-12-25,,,
"	108",서울,2016-12-26,0,,
"	108",서울,2016-12-27,0.5,,
"	108",서울,2016-12-28,,,
"	108",서울,2016-12-29,0.3,,
"	108",서울,2016-12-30,,,
"	108",서울,2016-12-31,0,,
"	108",서울,2017-01-01,,,
"	108",서울,2017-01-02,0.3,,
"	108",서울,2017-01-03,,,
"	108",서울,2017-01-04,,,
"	108",서울,2017-01-05,,,
"	108",서울,2017-01-06,,,
"	108",서울,2017-01-07,,,
"	108",서울,2017-01-08,0,,
"	108",서울,2017-01-09,0,,
"	108",서울,2017-01-10,,,
"	108",서울,2017-01-11,,,
"	108",서울,2017-01-12,0,,
"	108",서울,2017-01-13,0.6,,
"	108",서울,2017-01-14,,,
"	108",서울,2017-01-15,,,
"	108",서울,2017-01-16,,,
"	108",서울,2017-01-17,,,
"	108",서울,2017-01-18,0,,
"	108",서울,2017-01-19,,,
"	108",서울,2017-01-20,4,,
"	108",서울,2017-01-21,2.1,,
"	108",서울,2017-01-22,0,,
"	108",서울,2017-01-23,,,
"	108",서울,2017-01-24,,,
"	108",서울,2017-01-25,,,
"	108",서울,2017-01-26,0.3,,
"	108",서울,2017-01-27,3,,
"	108",서울,2017-01-28,,,
"	108",서울,2017-01-29,4.5,,
"	108",서울,2017-01-30,0.1,,
"	108",서울,2017-01-31,,,
"	108",서울,2017-02-01,,,
"	108",서울,2017-02-02,,,
"	108",서울,2017-02-03,,,
"	108",서울,2017-02-04,,,
"	108",서울,2017-02-05,0.5,,
"	108",서울,2017-02-06,,,
"	108",서울,2017-02-07,,,
"	108",서울,2017-02-08,,,
"	108",서울,2017-02-09,,,
"	108",서울,2017-02-10,,,
"	108",서울,2017-02-11,,,
"	108",서울,2017-02-12,,,
"	108",서울,2017-02-13,,,
"	108",서울,2017-02-14,,,
"	108",서울,2017-02-15,,,
"	108",서울,2017-02-16,0,,
"	108",서울,2017-02-17,4,,
"	108",서울,2017-02-18,,,
"	108",서울,2017-02-19,1,,
"	108",서울,2017-02-20,0.5,,
"	108",서울,2017-02-21,,,
"	108",서울,2017-02-22,5.1,,
"	108",서울,2017-02-23,,,
"	108",서울,2017-02-24,,,
"	108",서울,2017-02-25,,,
"	108",서울,2017-02-26,,,
"	108",서울,2017-02-27,,,
"	108",서울,2017-02-28,,,
"	108",서울,2017-03-01,5,,
"	108",서울,2017-03-02,0.5,,
"	108",서울,2017-03-03,,,
"	108",서울,2017-03-04,,,
"	108",서울,2017-03-05,0.5,,
"	108",서울,2017-03-06,,,
"	108",서울,2017-03-07,0,,
"	108",서울,2017-03-08,0,,
"	108",서울,2017-03-09,,,
"	108",서울,2017-03-10,,,
"	108",서울,2017-03-11,,,
"	108",서울,2017-03-12,0,,
"	108",서울,2017-03-13,,,
"	108",서울,2017-03-14,,,
"	108",서울,2017-03-15,,,
"	108",서울,2017-03-16,,,
"	108",서울,2017-03-17,,,
"	108",서울,2017-03-18,,,
"	108",서울,2017-03-19,,,
"	108",서울,2017-03-20,,,
"	108",서울,2017-03-21,,,
"	108",서울,2017-03-22,,,
"	108",서울,2017-03-23,,,
"	108",서울,2017-03-24,,,
"	108",서울,2017-03-25,,,
"	108",서울,2017-03-26,,,
"	108",서울,2017-03-27,0.4,,
"	108",서울,2017-03-28,,,
"	108",서울,2017-03-29,,,
"	108",서울,2017-03-30,,,
"	108",서울,2017-03-31,1.5,,
"	108",서울,2017-04-01,1,1,15:30
"	108",서울,2017-04-02,,,
"	108",서울,2017-04-03,,,
"	108",서울,2017-04-04,,,
"	108",서울,2017-04-05,37.5,8.5,22:31
"	108",서울,2017-04-06,3,2,0:01
"	108",서울,2017-04-07,,,
"	108",서울,2017-04-08,0.5,0.5,22:38
"	108",서울,2017-04-09,0.5,0.5,0:08
"	108",서울,2017-04-10,,,
"	108",서울,2017-04-11,,,
"	108",서울,2017-04-12,,,
"	108",서울,2017-04-13,0,0,
"	108",서울,2017-04-14,6,5.5,12:28
"	108",서울,2017-04-15,,,
"	108",서울,2017-04-16,,,
"	108",서울,2017-04-17,5.5,2.5,13:04
"	108",서울,2017-04-18,7.5,3,12:05
"	108",서울,2017-04-19,,,
"	108",서울,2017-04-20,0.1,0.1,
"	108",서울,2017-04-21,,,
"	108",서울,2017-04-22,,,
"	108",서울,2017-04-23,,,
"	108",서울,2017-04-24,,,
"	108",서울,2017-04-25,,,
"	108",서울,2017-04-26,,,
"	108",서울,2017-04-27,,,
"	108",서울,2017-04-28,,,
"	108",서울,2017-04-29,,,
"	108",서울,2017-04-30,,,
"	108",서울,2017-05-01,,,
"	108",서울,2017-05-02,,,
"	108",서울,2017-05-03,,,
"	108",서울,2017-05-04,,,
"	108",서울,2017-05-05,,,
"	108",서울,2017-05-06,,,
"	108",서울,2017-05-07,,,
"	108",서울,2017-05-08,,,
"	108",서울,2017-05-09,2.5,1.5,16:14
"	108",서울,2017-05-10,2.5,1,3:46
"	108",서울,2017-05-11,0,0,
"	108",서울,2017-05-12,,,
"	108",서울,2017-05-13,6,6,14:14
"	108",서울,2017-05-14,,,
"	108",서울,2017-05-15,0,0,
"	108",서울,2017-05-16,,,
"	108",서울,2017-05-17,,,
"	108",서울,2017-05-18,,,
"	108",서울,2017-05-19,,,
"	108",서울,2017-05-20,,,
"	108",서울,2017-05-21,,,
"	108",서울,2017-05-22,,,
"	108",서울,2017-05-23,5,4,18:37
"	108",서울,2017-05-24,0.1,0.1,
"	108",서울,2017-05-25,,,
"	108",서울,2017-05-26,,,
"	108",서울,2017-05-27,,,
"	108",서울,2017-05-28,,,
"	108",서울,2017-05-29,,,
"	108",서울,2017-05-30,,,
"	108",서울,2017-05-31,,,
"	108",서울,2017-06-01,,,
"	108",서울,2017-06-02,0,0,
"	108",서울,2017-06-03,,,
"	108",서울,2017-06-04,,,
"	108",서울,2017-06-05,0,0,
"	108",서울,2017-06-06,15.5,8.5,20:10
"	108",서울,2017-06-07,12.5,4,#VALUE!
"	108",서울,2017-06-08,,,
"	108",서울,2017-06-09,0.1,0.1,
"	108",서울,2017-06-10,4.5,4,5:13
"	108",서울,2017-06-11,,,
"	108",서울,2017-06-12,,,
"	108",서울,2017-06-13,0,0,
"	108",서울,2017-06-14,,,
"	108",서울,2017-06-15,,,
"	108",서울,2017-06-16,,,
"	108",서울,2017-06-17,,,
"	108",서울,2017-06-18,,,
"	108",서울,2017-06-19,,,
"	108",서울,2017-06-20,0,0,
"	108",서울,2017-06-21,0,0,
"	108",서울,2017-06-22,,,
"	108",서울,2017-06-23,,,
"	108",서울,2017-06-24,3.5,2.5,22:45
"	108",서울,2017-06-25,1.5,0.9,15:55
"	108",서울,2017-06-26,29,17,8:15
"	108",서울,2017-06-27,0,0,
"	108",서울,2017-06-28,,,
"	108",서울,2017-06-29,,,
"	108",서울,2017-06-30,,,
"	108",서울,2017-07-01,0.5,0.5,18:59
"	108",서울,2017-07-02,92,43,22:47
"	108",서울,2017-07-03,67.5,53,0:05
"	108",서울,2017-07-04,0.5,0.5,3:05
"	108",서울,2017-07-05,,,
"	108",서울,2017-07-06,34,25,17:50
"	108",서울,2017-07-07,16.5,9,19:00
"	108",서울,2017-07-08,4.5,1.5,5:35
"	108",서울,2017-07-09,32.5,8,2:10
"	108",서울,2017-07-10,144.5,32,19:35
"	108",서울,2017-07-11,1,1,0:01
"	108",서울,2017-07-12,0,0,
"	108",서울,2017-07-13,,,
"	108",서울,2017-07-14,0,0,
"	108",서울,2017-07-15,42.5,17.5,4:16
"	108",서울,2017-07-16,22.5,12.5,4:11
"	108",서울,2017-07-17,7.5,6.5,13:35
"	108",서울,2017-07-18,2.5,1,4:47
"	108",서울,2017-07-19,,,
"	108",서울,2017-07-20,,,
"	108",서울,2017-07-21,,,
"	108",서울,2017-07-22,0.5,0.4,5:41
"	108",서울,2017-07-23,133.5,48,10:41
"	108",서울,2017-07-24,3,2,12:04
"	108",서울,2017-07-25,,,
"	108",서울,2017-07-26,,,
"	108",서울,2017-07-27,3.5,3.5,23:09
"	108",서울,2017-07-28,8.5,2,4:28
"	108",서울,2017-07-29,0,0,
"	108",서울,2017-07-30,,,
"	108",서울,2017-07-31,3.5,2,8:56
"	108",서울,2017-08-01,2,1.5,1:35
"	108",서울,2017-08-02,,,
"	108",서울,2017-08-03,,,
"	108",서울,2017-08-04,,,
"	108",서울,2017-08-05,0,0,
"	108",서울,2017-08-06,5,5,10:25
"	108",서울,2017-08-07,,,
"	108",서울,2017-08-08,,,
"	108",서울,2017-08-09,2.5,2,22:48
"	108",서울,2017-08-10,5.5,1.5,0:27
"	108",서울,2017-08-11,0.5,0.5,6:50
"	108",서울,2017-08-12,,,
"	108",서울,2017-08-13,0,0,
"	108",서울,2017-08-14,1.5,1,18:20
"	108",서울,2017-08-15,93.5,35.5,10:22
"	108",서울,2017-08-16,2,1.5,21:45
"	108",서울,2017-08-17,0.5,0.5,
"	108",서울,2017-08-18,0,0,
"	108",서울,2017-08-19,0,0,
"	108",서울,2017-08-20,124.5,32.5,21:17
"	108",서울,2017-08-21,5,2.5,13:50
"	108",서울,2017-08-22,,,
"	108",서울,2017-08-23,31.5,16.5,8:49
"	108",서울,2017-08-24,14,6.5,12:55
"	108",서울,2017-08-25,,,
"	108",서울,2017-08-26,,,
"	108",서울,2017-08-27,0,0,
"	108",서울,2017-08-28,9,5.5,17:06
"	108",서울,2017-08-29,,,
"	108",서울,2017-08-30,,,
"	108",서울,2017-08-31,,,
"	108",서울,2017-09-01,,,
"	108",서울,2017-09-02,,,
"	108",서울,2017-09-03,,,
"	108",서울,2017-09-04,,,
"	108",서울,2017-09-05,0,0,
"	108",서울,2017-09-06,2,1,14:23
"	108",서울,2017-09-07,,,
"	108",서울,2017-09-08,,,
"	108",서울,2017-09-09,,,
"	108",서울,2017-09-10,0.5,0.4,22:49
"	108",서울,2017-09-11,24,9,1:53
"	108",서울,2017-09-12,,,
"	108",서울,2017-09-13,,,
"	108",서울,2017-09-14,,,
"	108",서울,2017-09-15,,,
"	108",서울,2017-09-16,,,
"	108",서울,2017-09-17,,,
"	108",서울,2017-09-18,,,
"	108",서울,2017-09-19,8,8,20:09
"	108",서울,2017-09-20,,,
"	108",서울,2017-09-21,,,
"	108",서울,2017-09-22,,,
"	108",서울,2017-09-23,0,0,
"	108",서울,2017-09-24,0,0,
"	108",서울,2017-09-25,,,
"	108",서울,2017-09-26,0,0,
"	108",서울,2017-09-27,0.5,0.5,1:53
"	108",서울,2017-09-28,,,
"	108",서울,2017-09-29,,,
"	108",서울,2017-09-30,,,
"	108",서울,2017-10-01,4,1.1,13:00
"	108",서울,2017-10-02,1.5,1,0:09
"	108",서울,2017-10-03,,,
"	108",서울,2017-10-04,,,
"	108",서울,2017-10-05,,,
"	108",서울,2017-10-06,0.5,0.5,22:32
"	108",서울,2017-10-07,0,0,
"	108",서울,2017-10-08,,,
"	108",서울,2017-10-09,0,0,
"	108",서울,2017-10-10,0.4,0.3,23:05
"	108",서울,2017-10-11,20,6,0:38
"	108",서울,2017-10-12,,,
"	108",서울,2017-10-13,,,
"	108",서울,2017-10-14,,,
"	108",서울,2017-10-15,,,
"	108",서울,2017-10-16,,,
"	108",서울,2017-10-17,,,
"	108",서울,2017-10-18,0.1,0.1,
"	108",서울,2017-10-19,,,
"	108",서울,2017-10-20,,,
"	108",서울,2017-10-21,,,
"	108",서울,2017-10-22,,,
"	108",서울,2017-10-23,,,
"	108",서울,2017-10-24,,,
"	108",서울,2017-10-25,,,
"	108",서울,2017-10-26,,,
"	108",서울,2017-10-27,,,
"	108",서울,2017-10-28,,,
"	108",서울,2017-10-29,,,
"	108",서울,2017-10-30,,,
"	108",서울,2017-10-31,,,
"	108",서울,2017-11-01,,,
"	108",서울,2017-11-02,1,,
"	108",서울,2017-11-03,1.5,,
"	108",서울,2017-11-04,,,
"	108",서울,2017-11-05,,,
"	108",서울,2017-11-06,,,
"	108",서울,2017-11-07,0,,
"	108",서울,2017-11-08,0,,
"	108",서울,2017-11-09,,,
"	108",서울,2017-11-10,7.5,,
"	108",서울,2017-11-11,,,
"	108",서울,2017-11-12,,,
"	108",서울,2017-11-13,4.5,,
"	108",서울,2017-11-14,,,
"	108",서울,2017-11-15,,,
"	108",서울,2017-11-16,,,
"	108",서울,2017-11-17,0,,
"	108",서울,2017-11-18,,,
"	108",서울,2017-11-19,,,
"	108",서울,2017-11-20,0,,
"	108",서울,2017-11-21,,,
"	108",서울,2017-11-22,0.5,,
"	108",서울,2017-11-23,1.2,,
"	108",서울,2017-11-24,0,,
"	108",서울,2017-11-25,24,,
"	108",서울,2017-11-26,,,
"	108",서울,2017-11-27,,,
"	108",서울,2017-11-28,0.5,,
"	108",서울,2017-11-29,0,,
"	108",서울,2017-11-30,,,
"	108",서울,2017-12-01,0,,
"	108",서울,2017-12-02,,,
"	108",서울,2017-12-03,4,,
"	108",서울,2017-12-04,0.1,,
"	108",서울,2017-12-05,0.1,,
"	108",서울,2017-12-06,1.2,,
"	108",서울,2017-12-07,,,
"	108",서울,2017-12-08,,,
"	108",서울,2017-12-09,,,
"	108",서울,2017-12-10,4.1,,
"	108",서울,2017-12-11,,,
"	108",서울,2017-12-12,,,
"	108",서울,2017-12-13,,,
"	108",서울,2017-12-14,,,
"	108",서울,2017-12-15,0,,
"	108",서울,2017-12-16,,,
"	108",서울,2017-12-17,,,
"	108",서울,2017-12-18,3.4,,
"	108",서울,2017-12-19,,,
"	108",서울,2017-12-20,0.2,,
"	108",서울,2017-12-21,,,
"	108",서울,2017-12-22,,,
"	108",서울,2017-12-23,,,
"	108",서울,2017-12-24,20,,
"	108",서울,2017-12-25,,,
"	108",서울,2017-12-26,,,
"	108",서울,2017-12-27,,,
"	108",서울,2017-12-28,0,,
"	108",서울,2017-12-29,0,,
"	108",서울,2017-12-30,0.7,,
"	108",서울,2017-12-31,1,,
"	108",서울,2018-01-01,,,
"	108",서울,2018-01-02,,,
"	108",서울,2018-01-03,,,
"	108",서울,2018-01-04,,,
"	108",서울,2018-01-05,,,
"	108",서울,2018-01-06,,,
"	108",서울,2018-01-07,,,
"	108",서울,2018-01-08,0.9,,
"	108",서울,2018-01-09,0.5,,
"	108",서울,2018-01-10,0.3,,
"	108",서울,2018-01-11,,,
"	108",서울,2018-01-12,0,,
"	108",서울,2018-01-13,0.4,,
"	108",서울,2018-01-14,,,
"	108",서울,2018-01-15,0.2,,
"	108",서울,2018-01-16,0,,
"	108",서울,2018-01-17,,,
"	108",서울,2018-01-18,0,,
"	108",서울,2018-01-19,,,
"	108",서울,2018-01-20,,,
"	108",서울,2018-01-21,,,
"	108",서울,2018-01-22,3.3,,
"	108",서울,2018-01-23,,,
"	108",서울,2018-01-24,,,
"	108",서울,2018-01-25,,,
"	108",서울,2018-01-26,,,
"	108",서울,2018-01-27,,,
"	108",서울,2018-01-28,,,
"	108",서울,2018-01-29,,,
"	108",서울,2018-01-30,2.9,,
"	108",서울,2018-01-31,0,,
"	108",서울,2018-02-01,,,
"	108",서울,2018-02-02,,,
"	108",서울,2018-02-03,0.5,,
"	108",서울,2018-02-04,,,
"	108",서울,2018-02-05,,,
"	108",서울,2018-02-06,,,
"	108",서울,2018-02-07,,,
"	108",서울,2018-02-08,,,
"	108",서울,2018-02-09,,,
"	108",서울,2018-02-10,,,
"	108",서울,2018-02-11,0,,
"	108",서울,2018-02-12,0,,
"	108",서울,2018-02-13,,,
"	108",서울,2018-02-14,,,
"	108",서울,2018-02-15,,,
"	108",서울,2018-02-16,,,
"	108",서울,2018-02-17,,,
"	108",서울,2018-02-18,,,
"	108",서울,2018-02-19,,,
"	108",서울,2018-02-20,,,
"	108",서울,2018-02-21,,,
"	108",서울,2018-02-22,0.4,,
"	108",서울,2018-02-23,3.7,,
"	108",서울,2018-02-24,,,
"	108",서울,2018-02-25,,,
"	108",서울,2018-02-26,,,
"	108",서울,2018-02-27,,,
"	108",서울,2018-02-28,25,,
"	108",서울,2018-03-01,0.5,,
"	108",서울,2018-03-02,,,
"	108",서울,2018-03-03,0,,
"	108",서울,2018-03-04,11.5,,
"	108",서울,2018-03-05,3.5,,
"	108",서울,2018-03-06,,,
"	108",서울,2018-03-07,0.5,,
"	108",서울,2018-03-08,4,,
"	108",서울,2018-03-09,,,
"	108",서울,2018-03-10,,,
"	108",서울,2018-03-11,,,
"	108",서울,2018-03-12,,,
"	108",서울,2018-03-13,,,
"	108",서울,2018-03-14,,,
"	108",서울,2018-03-15,27,,
"	108",서울,2018-03-16,,,
"	108",서울,2018-03-17,,,
"	108",서울,2018-03-18,0.5,,
"	108",서울,2018-03-19,1,,
"	108",서울,2018-03-20,,,
"	108",서울,2018-03-21,1,,
"	108",서울,2018-03-22,,,
"	108",서울,2018-03-23,,,
"	108",서울,2018-03-24,,,
"	108",서울,2018-03-25,,,
"	108",서울,2018-03-26,,,
"	108",서울,2018-03-27,,,
"	108",서울,2018-03-28,,,
"	108",서울,2018-03-29,,,
"	108",서울,2018-03-30,,,
"	108",서울,2018-03-31,,,
"	108",서울,2018-04-01,,,
"	108",서울,2018-04-02,,,
"	108",서울,2018-04-03,0.1,0.1,
"	108",서울,2018-04-04,18.5,8,1:48
"	108",서울,2018-04-05,10.5,3,6:36
"	108",서울,2018-04-06,6.5,2.5,1:40
"	108",서울,2018-04-07,0.2,0.2,
"	108",서울,2018-04-08,3,2.5,17:11
"	108",서울,2018-04-09,,,
"	108",서울,2018-04-10,5,4.5,21:26
"	108",서울,2018-04-11,,,
"	108",서울,2018-04-12,,,
"	108",서울,2018-04-13,,,
"	108",서울,2018-04-14,9,2.5,5:52
"	108",서울,2018-04-15,,,
"	108",서울,2018-04-16,,,
"	108",서울,2018-04-17,,,
"	108",서울,2018-04-18,,,
"	108",서울,2018-04-19,,,
"	108",서울,2018-04-20,,,
"	108",서울,2018-04-21,,,
"	108",서울,2018-04-22,15.5,4.5,20:55
"	108",서울,2018-04-23,59,8.5,8:02
"	108",서울,2018-04-24,3,2.9,2:02
"	108",서울,2018-04-25,,,
"	108",서울,2018-04-26,,,
"	108",서울,2018-04-27,,,
"	108",서울,2018-04-28,,,
"	108",서울,2018-04-29,,,
"	108",서울,2018-04-30,,,
"	108",서울,2018-05-01,0,0,
"	108",서울,2018-05-02,12,6.5,11:26
"	108",서울,2018-05-03,1,0.9,13:22
"	108",서울,2018-05-04,,,
"	108",서울,2018-05-05,,,
"	108",서울,2018-05-06,22,4,9:54
"	108",서울,2018-05-07,,,
"	108",서울,2018-05-08,,,
"	108",서울,2018-05-09,,,
"	108",서울,2018-05-10,,,
"	108",서울,2018-05-11,,,
"	108",서울,2018-05-12,32,4,9:12
"	108",서울,2018-05-13,0.5,0.2,
"	108",서울,2018-05-14,,,
"	108",서울,2018-05-15,0,0,
"	108",서울,2018-05-16,45,35,11:54
"	108",서울,2018-05-17,83,19.5,2:48
"	108",서울,2018-05-18,6.5,2,1:26
"	108",서울,2018-05-19,,,
"	108",서울,2018-05-20,,,
"	108",서울,2018-05-21,,,
"	108",서울,2018-05-22,12.5,4,22:49
"	108",서울,2018-05-23,6.5,3.5,0:39
"	108",서울,2018-05-24,,,
"	108",서울,2018-05-25,,,
"	108",서울,2018-05-26,,,
"	108",서울,2018-05-27,,,
"	108",서울,2018-05-28,,,
"	108",서울,2018-05-29,1,1,18:55
"	108",서울,2018-05-30,0,0,
"	108",서울,2018-05-31,,,
"	108",서울,2018-06-01,,,
"	108",서울,2018-06-02,,,
"	108",서울,2018-06-03,,,
"	108",서울,2018-06-04,,,
"	108",서울,2018-06-05,,,
"	108",서울,2018-06-06,,,
"	108",서울,2018-06-07,,,
"	108",서울,2018-06-08,,,
"	108",서울,2018-06-09,0.5,0.5,19:19
"	108",서울,2018-06-10,0.5,0.5,#VALUE!
"	108",서울,2018-06-11,5,4.5,22:20
"	108",서울,2018-06-12,0,0,
"	108",서울,2018-06-13,0,0,
"	108",서울,2018-06-14,29,19.5,6:28
"	108",서울,2018-06-15,16.5,11.5,2:44
"	108",서울,2018-06-16,,,
"	108",서울,2018-06-17,,,
"	108",서울,2018-06-18,,,
"	108",서울,2018-06-19,,,
"	108",서울,2018-06-20,,,
"	108",서울,2018-06-21,,,
"	108",서울,2018-06-22,,,
"	108",서울,2018-06-23,,,
"	108",서울,2018-06-24,,,
"	108",서울,2018-06-25,,,
"	108",서울,2018-06-26,71.5,18.5,9:49
"	108",서울,2018-06-27,1,0.5,0:46
"	108",서울,2018-06-28,26.5,22.5,17:00
"	108",서울,2018-06-29,6.5,4.5,4:53
"	108",서울,2018-06-30,14.5,9.9,11:25
"	108",서울,2018-07-01,83.5,20.5,10:16
"	108",서울,2018-07-02,59.5,25,18:44
"	108",서울,2018-07-03,0.1,0.1,
"	108",서울,2018-07-04,,,
"	108",서울,2018-07-05,0.5,0.5,5:45
"	108",서울,2018-07-06,,,
"	108",서울,2018-07-07,,,
"	108",서울,2018-07-08,,,
"	108",서울,2018-07-09,14,9.5,23:30
"	108",서울,2018-07-10,16.5,9.5,0:43
"	108",서울,2018-07-11,3,1,4:09
"	108",서울,2018-07-12,1,0.5,3:43
"	108",서울,2018-07-13,,,
"	108",서울,2018-07-14,0,0,
"	108",서울,2018-07-15,,,
"	108",서울,2018-07-16,,,
"	108",서울,2018-07-17,,,
"	108",서울,2018-07-18,,,
"	108",서울,2018-07-19,,,
"	108",서울,2018-07-20,,,
"	108",서울,2018-07-21,,,
"	108",서울,2018-07-22,,,
"	108",서울,2018-07-23,,,
"	108",서울,2018-07-24,,,
"	108",서울,2018-07-25,,,
"	108",서울,2018-07-26,,,
"	108",서울,2018-07-27,,,
"	108",서울,2018-07-28,7.5,7.5,13:55
"	108",서울,2018-07-29,,,
"	108",서울,2018-07-30,,,
"	108",서울,2018-07-31,,,
"	108",서울,2018-08-01,,,
"	108",서울,2018-08-02,,,
"	108",서울,2018-08-03,,,
"	108",서울,2018-08-04,,,
"	108",서울,2018-08-05,2,2,6:43
"	108",서울,2018-08-06,6.5,4.5,7:26
"	108",서울,2018-08-07,,,
"	108",서울,2018-08-08,,,
"	108",서울,2018-08-09,2,1.5,16:17
"	108",서울,2018-08-10,,,
"	108",서울,2018-08-11,,,
"	108",서울,2018-08-12,5,5,18:23
"	108",서울,2018-08-13,1,1,#VALUE!
"	108",서울,2018-08-14,,,
"	108",서울,2018-08-15,1,1,17:45
"	108",서울,2018-08-16,,,
"	108",서울,2018-08-17,,,
"	108",서울,2018-08-18,,,
"	108",서울,2018-08-19,,,
"	108",서울,2018-08-20,0,0,
"	108",서울,2018-08-21,5,3,5:35
"	108",서울,2018-08-22,,,
"	108",서울,2018-08-23,3,1.6,20:26
"	108",서울,2018-08-24,7.5,1.5,1:48
"	108",서울,2018-08-25,,,
"	108",서울,2018-08-26,2,1.3,21:15
"	108",서울,2018-08-27,19.5,4,2:34
"	108",서울,2018-08-28,96.5,43.5,19:40
"	108",서울,2018-08-29,42,21.5,19:03
"	108",서울,2018-08-30,9.5,7.5,1:37
"	108",서울,2018-08-31,0.1,0.1,
"	108",서울,2018-09-01,,,
"	108",서울,2018-09-02,,,
"	108",서울,2018-09-03,34.5,20,16:26
"	108",서울,2018-09-04,,,
"	108",서울,2018-09-05,,,
"	108",서울,2018-09-06,1,1,23:05
"	108",서울,2018-09-07,0.5,0.5,1:05
"	108",서울,2018-09-08,,,
"	108",서울,2018-09-09,,,
"	108",서울,2018-09-10,,,
"	108",서울,2018-09-11,,,
"	108",서울,2018-09-12,,,
"	108",서울,2018-09-13,,,
"	108",서울,2018-09-14,0.5,0.5,21:50
"	108",서울,2018-09-15,0.2,0.1,
"	108",서울,2018-09-16,2,1,15:36
"	108",서울,2018-09-17,0.1,0.1,
"	108",서울,2018-09-18,,,
"	108",서울,2018-09-19,0.2,0.1,
"	108",서울,2018-09-20,5,2,5:45
"	108",서울,2018-09-21,18,6.5,6:13
"	108",서울,2018-09-22,6.5,6.5,3:55
"	108",서울,2018-09-23,0,0,
"	108",서울,2018-09-24,,,
"	108",서울,2018-09-25,,,
"	108",서울,2018-09-26,,,
"	108",서울,2018-09-27,,,
"	108",서울,2018-09-28,,,
"	108",서울,2018-09-29,,,
"	108",서울,2018-09-30,,,
"	108",서울,2018-10-01,0,0,
"	108",서울,2018-10-02,,,
"	108",서울,2018-10-03,,,
"	108",서울,2018-10-04,,,
"	108",서울,2018-10-05,36.5,8,14:34
"	108",서울,2018-10-06,55.5,10.5,6:25
"	108",서울,2018-10-07,,,
"	108",서울,2018-10-08,,,
"	108",서울,2018-10-09,0,0,
"	108",서울,2018-10-10,7,5.5,1:11
"	108",서울,2018-10-11,,,
"	108",서울,2018-10-12,,,
"	108",서울,2018-10-13,,,
"	108",서울,2018-10-14,,,
"	108",서울,2018-10-15,,,
"	108",서울,2018-10-16,,,
"	108",서울,2018-10-17,,,
"	108",서울,2018-10-18,,,
"	108",서울,2018-10-19,,,
"	108",서울,2018-10-20,,,
"	108",서울,2018-10-21,,,
"	108",서울,2018-10-22,,,
"	108",서울,2018-10-23,5,5,10:55
"	108",서울,2018-10-24,,,
"	108",서울,2018-10-25,,,
"	108",서울,2018-10-26,11,6,13:04
"	108",서울,2018-10-27,,,
"	108",서울,2018-10-28,5.5,2.5,7:26
"	108",서울,2018-10-29,0,0,
"	108",서울,2018-10-30,0,,
"	108",서울,2018-10-31,0,0,
"	108",서울,2018-11-01,,,
"	108",서울,2018-11-02,,,
"	108",서울,2018-11-03,,,
"	108",서울,2018-11-04,,,
"	108",서울,2018-11-05,,,
"	108",서울,2018-11-06,,,
"	108",서울,2018-11-07,2,,
"	108",서울,2018-11-08,64,,
"	108",서울,2018-11-09,1,,
"	108",서울,2018-11-10,0,,
"	108",서울,2018-11-11,0,,
"	108",서울,2018-11-12,,,
"	108",서울,2018-11-13,,,
"	108",서울,2018-11-14,,,
"	108",서울,2018-11-15,,,
"	108",서울,2018-11-16,,,
"	108",서울,2018-11-17,,,
"	108",서울,2018-11-18,,,
"	108",서울,2018-11-19,,,
"	108",서울,2018-11-20,0.2,,
"	108",서울,2018-11-21,1,,
"	108",서울,2018-11-22,,,
"	108",서울,2018-11-23,,,
"	108",서울,2018-11-24,10.9,,
"	108",서울,2018-11-25,,,
"	108",서울,2018-11-26,,,
"	108",서울,2018-11-27,,,
"	108",서울,2018-11-28,,,
"	108",서울,2018-11-29,0,,
"	108",서울,2018-11-30,,,
"	108",서울,2018-12-01,,,
"	108",서울,2018-12-02,,,
"	108",서울,2018-12-03,9.5,,
"	108",서울,2018-12-04,5,,
"	108",서울,2018-12-05,,,
"	108",서울,2018-12-06,0,,
"	108",서울,2018-12-07,,,
"	108",서울,2018-12-08,,,
"	108",서울,2018-12-09,,,
"	108",서울,2018-12-10,,,
"	108",서울,2018-12-11,,,
"	108",서울,2018-12-12,,,
"	108",서울,2018-12-13,1.3,,
"	108",서울,2018-12-14,,,
"	108",서울,2018-12-15,,,
"	108",서울,2018-12-16,0.3,,
"	108",서울,2018-12-17,0.3,,
"	108",서울,2018-12-18,,,
"	108",서울,2018-12-19,,,
"	108",서울,2018-12-20,,,
"	108",서울,2018-12-21,,,
"	108",서울,2018-12-22,,,
"	108",서울,2018-12-23,,,
"	108",서울,2018-12-24,,,
"	108",서울,2018-12-25,,,
"	108",서울,2018-12-26,,,
"	108",서울,2018-12-27,,,
"	108",서울,2018-12-28,,,
"	108",서울,2018-12-29,,,
"	108",서울,2018-12-30,,,
"	108",서울,2018-12-31,,,
"	108",서울,2019-01-01,,,
"	108",서울,2019-01-02,,,
"	108",서울,2019-01-03,,,
"	108",서울,2019-01-04,,,
"	108",서울,2019-01-05,,,
"	108",서울,2019-01-06,,,
"	108",서울,2019-01-07,,,
"	108",서울,2019-01-08,,,
"	108",서울,2019-01-09,,,
"	108",서울,2019-01-10,,,
"	108",서울,2019-01-11,,,
"	108",서울,2019-01-12,,,
"	108",서울,2019-01-13,,,
"	108",서울,2019-01-14,,,
"	108",서울,2019-01-15,0,,
"	108",서울,2019-01-16,0,,
"	108",서울,2019-01-17,0,,
"	108",서울,2019-01-18,,,
"	108",서울,2019-01-19,,,
"	108",서울,2019-01-20,,,
"	108",서울,2019-01-21,0,,
"	108",서울,2019-01-22,,,
"	108",서울,2019-01-23,,,
"	108",서울,2019-01-24,,,
"	108",서울,2019-01-25,,,
"	108",서울,2019-01-26,,,
"	108",서울,2019-01-27,,,
"	108",서울,2019-01-28,0,,
"	108",서울,2019-01-29,,,
"	108",서울,2019-01-30,,,
"	108",서울,2019-01-31,,,
"	108",서울,2019-02-01,0.3,,
"	108",서울,2019-02-02,0,,
"	108",서울,2019-02-03,16,,
"	108",서울,2019-02-04,,,
"	108",서울,2019-02-05,,,
"	108",서울,2019-02-06,,,
"	108",서울,2019-02-07,0.5,,
"	108",서울,2019-02-08,,,
"	108",서울,2019-02-09,,,
"	108",서울,2019-02-10,,,
"	108",서울,2019-02-11,,,
"	108",서울,2019-02-12,0,,
"	108",서울,2019-02-13,,,
"	108",서울,2019-02-14,,,
"	108",서울,2019-02-15,2.2,,
"	108",서울,2019-02-16,0.2,,
"	108",서울,2019-02-17,,,
"	108",서울,2019-02-18,,,
"	108",서울,2019-02-19,4.6,,
"	108",서울,2019-02-20,0,,
"	108",서울,2019-02-21,,,
"	108",서울,2019-02-22,,,
"	108",서울,2019-02-23,,,
"	108",서울,2019-02-24,,,
"	108",서울,2019-02-25,,,
"	108",서울,2019-02-26,,,
"	108",서울,2019-02-27,,,
"	108",서울,2019-02-28,,,
"	108",서울,2019-03-01,,,
"	108",서울,2019-03-02,,,
"	108",서울,2019-03-03,,,
"	108",서울,2019-03-04,,,
"	108",서울,2019-03-05,,,
"	108",서울,2019-03-06,,,
"	108",서울,2019-03-07,,,
"	108",서울,2019-03-08,,,
"	108",서울,2019-03-09,,,
"	108",서울,2019-03-10,,,
"	108",서울,2019-03-11,0,,
"	108",서울,2019-03-12,0,,
"	108",서울,2019-03-13,0,,
"	108",서울,2019-03-14,0,,
"	108",서울,2019-03-15,3.5,,
"	108",서울,2019-03-16,,,
"	108",서울,2019-03-17,,,
"	108",서울,2019-03-18,,,
"	108",서울,2019-03-19,,,
"	108",서울,2019-03-20,16.5,,
"	108",서울,2019-03-21,3.3,,
"	108",서울,2019-03-22,,,
"	108",서울,2019-03-23,1.7,,
"	108",서울,2019-03-24,,,
"	108",서울,2019-03-25,,,
"	108",서울,2019-03-26,,,
"	108",서울,2019-03-27,,,
"	108",서울,2019-03-28,,,
"	108",서울,2019-03-29,,,
"	108",서울,2019-03-30,1.8,,
"	108",서울,2019-03-31,0,,
"	108",서울,2019-04-01,,,
"	108",서울,2019-04-02,,,
"	108",서울,2019-04-03,,,
"	108",서울,2019-04-04,,,
"	108",서울,2019-04-05,0,0,
"	108",서울,2019-04-06,0.8,0.6,15:30
"	108",서울,2019-04-07,,,
"	108",서울,2019-04-08,,,
"	108",서울,2019-04-09,17.4,3.8,17:35
"	108",서울,2019-04-10,5.6,1.9,#VALUE!
"	108",서울,2019-04-11,,,
"	108",서울,2019-04-12,,,
"	108",서울,2019-04-13,,,
"	108",서울,2019-04-14,1.7,1.3,9:45
"	108",서울,2019-04-15,,,
"	108",서울,2019-04-16,,,
"	108",서울,2019-04-17,,,
"	108",서울,2019-04-18,0,0,
"	108",서울,2019-04-19,,,
"	108",서울,2019-04-20,1.2,0.7,22:43
"	108",서울,2019-04-21,0.3,0.2,
"	108",서울,2019-04-22,,,
"	108",서울,2019-04-23,0,0,
"	108",서울,2019-04-24,4.1,1.9,2:11
"	108",서울,2019-04-25,11.3,2.7,20:45
"	108",서울,2019-04-26,4.9,1.9,3:10
"	108",서울,2019-04-27,,,
"	108",서울,2019-04-28,0,0,
"	108",서울,2019-04-29,,,
"	108",서울,2019-04-30,,,
"	108",서울,2019-05-01,,,
"	108",서울,2019-05-02,,,
"	108",서울,2019-05-03,,,
"	108",서울,2019-05-04,,,
"	108",서울,2019-05-05,,,
"	108",서울,2019-05-06,0,0,
"	108",서울,2019-05-07,,,
"	108",서울,2019-05-08,,,
"	108",서울,2019-05-09,,,
"	108",서울,2019-05-10,,,
"	108",서울,2019-05-11,,,
"	108",서울,2019-05-12,,,
"	108",서울,2019-05-13,0,0,
"	108",서울,2019-05-14,,,
"	108",서울,2019-05-15,,,
"	108",서울,2019-05-16,,,
"	108",서울,2019-05-17,,,
"	108",서울,2019-05-18,0,0,
"	108",서울,2019-05-19,22,4.2,16:56
"	108",서울,2019-05-20,8.7,6.1,1:40
"	108",서울,2019-05-21,,,
"	108",서울,2019-05-22,,,
"	108",서울,2019-05-23,,,
"	108",서울,2019-05-24,,,
"	108",서울,2019-05-25,,,
"	108",서울,2019-05-26,,,
"	108",서울,2019-05-27,7.1,1.7,7:51
"	108",서울,2019-05-28,,,
"	108",서울,2019-05-29,,,
"	108",서울,2019-05-30,0,0,
"	108",서울,2019-05-31,,,
"	108",서울,2019-06-01,,,
"	108",서울,2019-06-02,,,
"	108",서울,2019-06-03,,,
"	108",서울,2019-06-04,,,
"	108",서울,2019-06-05,,,
"	108",서울,2019-06-06,7.5,3.4,19:28
"	108",서울,2019-06-07,35.3,12.1,2:34
"	108",서울,2019-06-08,,,
"	108",서울,2019-06-09,2.5,1.6,20:55
"	108",서울,2019-06-10,9.5,3.5,1:06
"	108",서울,2019-06-11,,,
"	108",서울,2019-06-12,,,
"	108",서울,2019-06-13,,,
"	108",서울,2019-06-14,,,
"	108",서울,2019-06-15,2.1,2.1,18:15
"	108",서울,2019-06-16,,,
"	108",서울,2019-06-17,0,0,
"	108",서울,2019-06-18,13.8,7.8,5:59
"	108",서울,2019-06-19,0.2,0.2,
"	108",서울,2019-06-20,,,
"	108",서울,2019-06-21,0.2,0.2,
"	108",서울,2019-06-22,,,
"	108",서울,2019-06-23,,,
"	108",서울,2019-06-24,,,
"	108",서울,2019-06-25,,,
"	108",서울,2019-06-26,0,0,
"	108",서울,2019-06-27,1.4,1.3,0:33
"	108",서울,2019-06-28,0,0,
"	108",서울,2019-06-29,1.5,0.5,3:41
"	108",서울,2019-06-30,0,0,
"	108",서울,2019-07-01,,,
"	108",서울,2019-07-02,,,
"	108",서울,2019-07-03,,,
"	108",서울,2019-07-04,,,
"	108",서울,2019-07-05,0,0,
"	108",서울,2019-07-06,,,
"	108",서울,2019-07-07,,,
"	108",서울,2019-07-08,,,
"	108",서울,2019-07-09,,,
"	108",서울,2019-07-10,8.5,2.7,20:19
"	108",서울,2019-07-11,2.9,1.6,5:34
"	108",서울,2019-07-12,,,
"	108",서울,2019-07-13,0,0,
"	108",서울,2019-07-14,,,
"	108",서울,2019-07-15,7.7,4.3,16:14
"	108",서울,2019-07-16,6.3,4.4,1:30
"	108",서울,2019-07-17,0.7,0.7,11:25
"	108",서울,2019-07-18,,,
"	108",서울,2019-07-19,0,0,
"	108",서울,2019-07-20,1.1,0.8,7:56
"	108",서울,2019-07-21,6.2,1.6,13:10
"	108",서울,2019-07-22,0.1,0.1,
"	108",서울,2019-07-23,,,
"	108",서울,2019-07-24,1,0.6,7:47
"	108",서울,2019-07-25,9.7,5.1,17:31
"	108",서울,2019-07-26,60,20.7,8:29
"	108",서울,2019-07-27,0.6,0.6,3:49
"	108",서울,2019-07-28,25.6,11.3,8:04
"	108",서울,2019-07-29,0.5,0.5,0:25
"	108",서울,2019-07-30,1.2,0.8,16:20
"	108",서울,2019-07-31,62.3,26.3,7:24
"	108",서울,2019-08-01,26.9,11.3,1:15
"	108",서울,2019-08-02,,,
"	108",서울,2019-08-03,3,3,15:40
"	108",서울,2019-08-04,8.6,8.3,16:50
"	108",서울,2019-08-05,,,
"	108",서울,2019-08-06,,,
"	108",서울,2019-08-07,8,2.3,6:40
"	108",서울,2019-08-08,0,0,
"	108",서울,2019-08-09,,,
"	108",서울,2019-08-10,,,
"	108",서울,2019-08-11,6.7,5.7,23:13
"	108",서울,2019-08-12,56.2,12.3,0:01
"	108",서울,2019-08-13,6.4,6.4,
"	108",서울,2019-08-14,,,
"	108",서울,2019-08-15,16.2,8.1,12:37
"	108",서울,2019-08-16,0.1,0.1,
"	108",서울,2019-08-17,0,0,
"	108",서울,2019-08-18,,,
"	108",서울,2019-08-19,,,
"	108",서울,2019-08-20,,,
"	108",서울,2019-08-21,1.3,0.5,17:50
"	108",서울,2019-08-22,,,
"	108",서울,2019-08-23,,,
"	108",서울,2019-08-24,,,
"	108",서울,2019-08-25,,,
"	108",서울,2019-08-26,,,
"	108",서울,2019-08-27,20,16.7,4:16
"	108",서울,2019-08-28,,,
"	108",서울,2019-08-29,36.9,29.4,10:27
"	108",서울,2019-08-30,0.2,0.2,
"	108",서울,2019-08-31,,,
"	108",서울,2019-09-01,,,
"	108",서울,2019-09-02,,,
"	108",서울,2019-09-03,0,0,
"	108",서울,2019-09-04,22.7,6.8,18:01
"	108",서울,2019-09-05,36.4,18.4,13:45
"	108",서울,2019-09-06,2.4,2.1,20:51
"	108",서울,2019-09-07,2.8,0.6,14:58
"	108",서울,2019-09-08,0,0,
"	108",서울,2019-09-09,0,0,
"	108",서울,2019-09-10,63.2,11,4:43
"	108",서울,2019-09-11,7.6,2.6,0:14
"	108",서울,2019-09-12,3.9,1.4,17:40
"	108",서울,2019-09-13,0.1,0.1,
"	108",서울,2019-09-14,0.3,0.3,13:58
"	108",서울,2019-09-15,,,
"	108",서울,2019-09-16,,,
"	108",서울,2019-09-17,,,
"	108",서울,2019-09-18,,,
"	108",서울,2019-09-19,,,
"	108",서울,2019-09-20,,,
"	108",서울,2019-09-21,,,
"	108",서울,2019-09-22,0.4,0.2,
"	108",서울,2019-09-23,,,
"	108",서울,2019-09-24,,,
"	108",서울,2019-09-25,,,
"	108",서울,2019-09-26,,,
"	108",서울,2019-09-27,,,
"	108",서울,2019-09-28,,,
"	108",서울,2019-09-29,,,
"	108",서울,2019-09-30,,,
"	108",서울,2019-10-01,,,
"	108",서울,2019-10-02,23.1,4.6,3:30
"	108",서울,2019-10-03,4.6,2,0:11
"	108",서울,2019-10-04,,,
"	108",서울,2019-10-05,0.6,0.5,7:02
"	108",서울,2019-10-06,,,
"	108",서울,2019-10-07,25.4,5.6,8:53
"	108",서울,2019-10-08,,,
"	108",서울,2019-10-09,,,
"	108",서울,2019-10-10,,,
"	108",서울,2019-10-11,,,
"	108",서울,2019-10-12,,,
"	108",서울,2019-10-13,,,
"	108",서울,2019-10-14,,,
"	108",서울,2019-10-15,,,
"	108",서울,2019-10-16,,,
"	108",서울,2019-10-17,,,
"	108",서울,2019-10-18,,,
"	108",서울,2019-10-19,,,
"	108",서울,2019-10-20,,,
"	108",서울,2019-10-21,,,
"	108",서울,2019-10-22,,,
"	108",서울,2019-10-23,,,
"	108",서울,2019-10-24,,,
"	108",서울,2019-10-25,0,0,
"	108",서울,2019-10-26,,,
"	108",서울,2019-10-27,,,
"	108",서울,2019-10-28,1.7,1.1,20:44
"	108",서울,2019-10-29,0.1,0.3,#VALUE!
"	108",서울,2019-10-30,,,
"	108",서울,2019-10-31,,,
"	108",서울,2019-11-01,,,
"	108",서울,2019-11-02,,,
"	108",서울,2019-11-03,,,
"	108",서울,2019-11-04,,,
"	108",서울,2019-11-05,,,
"	108",서울,2019-11-06,,,
"	108",서울,2019-11-07,,,
"	108",서울,2019-11-08,,,
"	108",서울,2019-11-09,,,
"	108",서울,2019-11-10,11.8,,
"	108",서울,2019-11-11,1.1,,
"	108",서울,2019-11-12,,,
"	108",서울,2019-11-13,7.5,,
"	108",서울,2019-11-14,,,
"	108",서울,2019-11-15,18.8,,
"	108",서울,2019-11-16,,,
"	108",서울,2019-11-17,21.1,,
"	108",서울,2019-11-18,14.7,,
"	108",서울,2019-11-19,0,,
"	108",서울,2019-11-20,,,
"	108",서울,2019-11-21,,,
"	108",서울,2019-11-22,,,
"	108",서울,2019-11-23,,,
"	108",서울,2019-11-24,3.8,,
"	108",서울,2019-11-25,,,
"	108",서울,2019-11-26,,,
"	108",서울,2019-11-27,,,
"	108",서울,2019-11-28,,,
"	108",서울,2019-11-29,,,
"	108",서울,2019-11-30,,,
"	108",서울,2019-12-01,3.3,,
"	108",서울,2019-12-02,,,
"	108",서울,2019-12-03,0.6,,
"	108",서울,2019-12-04,0,,
"	108",서울,2019-12-05,,,
"	108",서울,2019-12-06,,,
"	108",서울,2019-12-07,0.1,,
"	108",서울,2019-12-08,,,
"	108",서울,2019-12-09,0,,
"	108",서울,2019-12-10,1.7,,
"	108",서울,2019-12-11,0.2,,
"	108",서울,2019-12-12,,,
"	108",서울,2019-12-13,1,,
"	108",서울,2019-12-14,0,,
"	108",서울,2019-12-15,,,
"	108",서울,2019-12-16,,,
"	108",서울,2019-12-17,9.8,,
"	108",서울,2019-12-18,,,
"	108",서울,2019-12-19,0,,
"	108",서울,2019-12-20,0,,
"	108",서울,2019-12-21,0.6,,
"	108",서울,2019-12-22,0.3,,
"	108",서울,2019-12-23,2.9,,
"	108",서울,2019-12-24,,,
"	108",서울,2019-12-25,,,
"	108",서울,2019-12-26,0.3,,
"	108",서울,2019-12-27,,,
"	108",서울,2019-12-28,,,
"	108",서울,2019-12-29,1.4,,
"	108",서울,2019-12-30,0.4,,
"	108",서울,2019-12-31,0,,
"	108",서울,2020-01-01,0.1,,
"	108",서울,2020-01-02,,,
"	108",서울,2020-01-03,,,
"	108",서울,2020-01-04,,,
"	108",서울,2020-01-05,,,
"	108",서울,2020-01-06,1.8,,
"	108",서울,2020-01-07,46.3,,
"	108",서울,2020-01-08,11.6,,
"	108",서울,2020-01-09,,,
"	108",서울,2020-01-10,,,
"	108",서울,2020-01-11,,,
"	108",서울,2020-01-12,,,
"	108",서울,2020-01-13,,,
"	108",서울,2020-01-14,,,
"	108",서울,2020-01-15,,,
"	108",서울,2020-01-16,,,
"	108",서울,2020-01-17,,,
"	108",서울,2020-01-18,,,
"	108",서울,2020-01-19,0.6,,
"	108",서울,2020-01-20,,,
"	108",서울,2020-01-21,,,
"	108",서울,2020-01-22,,,
"	108",서울,2020-01-23,,,
"	108",서울,2020-01-24,,,
"	108",서울,2020-01-25,,,
"	108",서울,2020-01-26,,,
"	108",서울,2020-01-27,0.1,,
"	108",서울,2020-01-28,0,,
"	108",서울,2020-01-29,,,
"	108",서울,2020-01-30,,,
"	108",서울,2020-01-31,0,,
"	108",서울,2020-02-01,,,
"	108",서울,2020-02-02,,,
"	108",서울,2020-02-03,0,,
"	108",서울,2020-02-04,1.7,,
"	108",서울,2020-02-05,,,
"	108",서울,2020-02-06,,,
"	108",서울,2020-02-07,0,,
"	108",서울,2020-02-08,0,,
"	108",서울,2020-02-09,0,,
"	108",서울,2020-02-10,0,,
"	108",서울,2020-02-11,,,
"	108",서울,2020-02-12,6.7,,
"	108",서울,2020-02-13,,,
"	108",서울,2020-02-14,,,
"	108",서울,2020-02-15,2,,
"	108",서울,2020-02-16,13.4,,
"	108",서울,2020-02-17,1,,
"	108",서울,2020-02-18,,,
"	108",서울,2020-02-19,,,
"	108",서울,2020-02-20,,,
"	108",서울,2020-02-21,4.2,,
"	108",서울,2020-02-22,3.1,,
"	108",서울,2020-02-23,,,
"	108",서울,2020-02-24,,,
"	108",서울,2020-02-25,16.6,,
"	108",서울,2020-02-26,0,,
"	108",서울,2020-02-27,,,
"	108",서울,2020-02-28,3.9,,
"	108",서울,2020-02-29,0.5,,
"	108",서울,2020-03-01,0.2,,
"	108",서울,2020-03-02,0,,
"	108",서울,2020-03-03,,,
"	108",서울,2020-03-04,0,,
"	108",서울,2020-03-05,,,
"	108",서울,2020-03-06,,,
"	108",서울,2020-03-07,,,
"	108",서울,2020-03-08,,,
"	108",서울,2020-03-09,,,
"	108",서울,2020-03-10,11.8,,
"	108",서울,2020-03-11,,,
"	108",서울,2020-03-12,,,
"	108",서울,2020-03-13,0.5,,
"	108",서울,2020-03-14,,,
"	108",서울,2020-03-15,,,
"	108",서울,2020-03-16,,,
"	108",서울,2020-03-17,,,
"	108",서울,2020-03-18,,,
"	108",서울,2020-03-19,0,,
"	108",서울,2020-03-20,,,
"	108",서울,2020-03-21,,,
"	108",서울,2020-03-22,,,
"	108",서울,2020-03-23,,,
"	108",서울,2020-03-24,,,
"	108",서울,2020-03-25,,,
"	108",서울,2020-03-26,1.8,,
"	108",서울,2020-03-27,2,,
"	108",서울,2020-03-28,,,
"	108",서울,2020-03-29,,,
"	108",서울,2020-03-30,,,
"	108",서울,2020-03-31,,,
"	108",서울,2020-04-01,,,
"	108",서울,2020-04-02,,,
"	108",서울,2020-04-03,,,
"	108",서울,2020-04-04,,,
"	108",서울,2020-04-05,,,
"	108",서울,2020-04-06,,,
"	108",서울,2020-04-07,,,
"	108",서울,2020-04-08,,,
"	108",서울,2020-04-09,,,
"	108",서울,2020-04-10,,,
"	108",서울,2020-04-11,,,
"	108",서울,2020-04-12,,,
"	108",서울,2020-04-13,,,
"	108",서울,2020-04-14,,,
"	108",서울,2020-04-15,,,
"	108",서울,2020-04-16,,,
"	108",서울,2020-04-17,6.5,3.9,12:38
"	108",서울,2020-04-18,,,
"	108",서울,2020-04-19,10.3,2.9,17:12
"	108",서울,2020-04-20,0.1,0.1,
"	108",서울,2020-04-21,,,
"	108",서울,2020-04-22,0,0,
"	108",서울,2020-04-23,,,
"	108",서울,2020-04-24,,,
"	108",서울,2020-04-25,,,
"	108",서울,2020-04-26,,,
"	108",서울,2020-04-27,,,
"	108",서울,2020-04-28,,,
"	108",서울,2020-04-29,,,
"	108",서울,2020-04-30,,,
"	108",서울,2020-05-01,,,
"	108",서울,2020-05-02,0,0,
"	108",서울,2020-05-03,0,0,
"	108",서울,2020-05-04,,,
"	108",서울,2020-05-05,,,
"	108",서울,2020-05-06,,,
"	108",서울,2020-05-07,,,
"	108",서울,2020-05-08,2.3,1.6,22:03
"	108",서울,2020-05-09,24.4,4.7,9:48
"	108",서울,2020-05-10,1.3,0.7,2:30
"	108",서울,2020-05-11,3.4,3.8,23:23
"	108",서울,2020-05-12,0.7,0.7,0:01
"	108",서울,2020-05-13,,,
"	108",서울,2020-05-14,,,
"	108",서울,2020-05-15,12,2.1,8:38
"	108",서울,2020-05-16,2.5,0.5,5:56
"	108",서울,2020-05-17,0,0,
"	108",서울,2020-05-18,29.8,19.8,15:53
"	108",서울,2020-05-19,19,9.6,9:49
"	108",서울,2020-05-20,0,0,
"	108",서울,2020-05-21,,,
"	108",서울,2020-05-22,0,0,
"	108",서울,2020-05-23,0,0,
"	108",서울,2020-05-24,14.5,9.9,5:44
"	108",서울,2020-05-25,,,
"	108",서울,2020-05-26,1.5,1.5,19:55
"	108",서울,2020-05-27,,,
"	108",서울,2020-05-28,0,0,
"	108",서울,2020-05-29,,,
"	108",서울,2020-05-30,,,
"	108",서울,2020-05-31,1,1,22:45
"	108",서울,2020-06-01,0.4,0.3,#VALUE!
"	108",서울,2020-06-02,2,1.9,10:55
"	108",서울,2020-06-03,,,
"	108",서울,2020-06-04,0.2,0.1,
"	108",서울,2020-06-05,,,
"	108",서울,2020-06-06,,,
"	108",서울,2020-06-07,,,
"	108",서울,2020-06-08,,,
"	108",서울,2020-06-09,,,
"	108",서울,2020-06-10,6.2,2.9,20:19
"	108",서울,2020-06-11,0,0.1,
"	108",서울,2020-06-12,,,
"	108",서울,2020-06-13,0,0,
"	108",서울,2020-06-14,1.1,1.1,2:31
"	108",서울,2020-06-15,,,
"	108",서울,2020-06-16,,,
"	108",서울,2020-06-17,,,
"	108",서울,2020-06-18,,,
"	108",서울,2020-06-19,0.1,0.1,
"	108",서울,2020-06-20,,,
"	108",서울,2020-06-21,,,
"	108",서울,2020-06-22,,,
"	108",서울,2020-06-23,0,0,
"	108",서울,2020-06-24,37.6,8.5,11:05
"	108",서울,2020-06-25,13.3,3.5,1:20
"	108",서울,2020-06-26,2.1,0.9,#VALUE!
"	108",서울,2020-06-27,0,0,
"	108",서울,2020-06-28,,,
"	108",서울,2020-06-29,11.9,9.6,23:31
"	108",서울,2020-06-30,64.7,15.9,3:30
"	108",서울,2020-07-01,0,0,
"	108",서울,2020-07-02,,,
"	108",서울,2020-07-03,0.1,0.5,23:30
"	108",서울,2020-07-04,1.6,0.9,0:36
"	108",서울,2020-07-05,,,
"	108",서울,2020-07-06,,,
"	108",서울,2020-07-07,0,0,
"	108",서울,2020-07-08,,,
"	108",서울,2020-07-09,,,
"	108",서울,2020-07-10,2.2,1.9,8:00
"	108",서울,2020-07-11,,,
"	108",서울,2020-07-12,2.9,0.9,16:44
"	108",서울,2020-07-13,47.6,6.2,22:15
"	108",서울,2020-07-14,11.5,5.9,#VALUE!
"	108",서울,2020-07-15,,,
"	108",서울,2020-07-16,,,
"	108",서울,2020-07-17,0,0,
"	108",서울,2020-07-18,,,
"	108",서울,2020-07-19,29.1,19.3,8:20
"	108",서울,2020-07-20,3.6,1.3,2:31
"	108",서울,2020-07-21,0,0,
"	108",서울,2020-07-22,11.5,6.2,7:58
"	108",서울,2020-07-23,103.1,18.5,17:17
"	108",서울,2020-07-24,2.9,2.3,8:55
"	108",서울,2020-07-25,0,0,
"	108",서울,2020-07-26,0,0,
"	108",서울,2020-07-27,2.2,0.6,3:06
"	108",서울,2020-07-28,0.4,0.3,16:14
"	108",서울,2020-07-29,50.1,27.1,9:02
"	108",서울,2020-07-30,0.1,0.1,
"	108",서울,2020-07-31,1.5,1.2,23:05
"	108",서울,2020-08-01,39.1,23.6,12:22
"	108",서울,2020-08-02,31.4,13.8,15:33
"	108",서울,2020-08-03,102.6,28.5,8:36
"	108",서울,2020-08-04,3.9,1.8,6:36
"	108",서울,2020-08-05,18.5,14.4,23:25
"	108",서울,2020-08-06,75.7,19.9,4:15
"	108",서울,2020-08-07,0,0,
"	108",서울,2020-08-08,19.1,5.9,20:26
"	108",서울,2020-08-09,50.3,13.9,13:37
"	108",서울,2020-08-10,44.6,28.6,15:56
"	108",서울,2020-08-11,97,23.6,4:35
"	108",서울,2020-08-12,,,
"	108",서울,2020-08-13,,,
"	108",서울,2020-08-14,0.4,0.4,7:50
"	108",서울,2020-08-15,69,23.7,5:52
"	108",서울,2020-08-16,,,
"	108",서울,2020-08-17,,,
"	108",서울,2020-08-18,,,
"	108",서울,2020-08-19,,,
"	108",서울,2020-08-20,,,
"	108",서울,2020-08-21,2.5,2.1,11:59
"	108",서울,2020-08-22,42.6,23,12:11
"	108",서울,2020-08-23,,,
"	108",서울,2020-08-24,,,
"	108",서울,2020-08-25,,,
"	108",서울,2020-08-26,0.6,0.6,22:25
"	108",서울,2020-08-27,8.7,4.2,6:32
"	108",서울,2020-08-28,13.6,6.7,5:23
"	108",서울,2020-08-29,13.6,6.5,10:52
"	108",서울,2020-08-30,42.5,32.5,1:44
"	108",서울,2020-08-31,0,0,
"	108",서울,2020-09-01,0,0,
"	108",서울,2020-09-02,33.3,20,17:36
"	108",서울,2020-09-03,29.8,5.1,2:20
"	108",서울,2020-09-04,,,
"	108",서울,2020-09-05,,,
"	108",서울,2020-09-06,6.4,4.1,22:40
"	108",서울,2020-09-07,61,8.4,19:33
"	108",서울,2020-09-08,0,0,
"	108",서울,2020-09-09,1.3,1.1,13:31
"	108",서울,2020-09-10,3.9,3.5,4:31
"	108",서울,2020-09-11,1.2,1.4,23:30
"	108",서울,2020-09-12,5.7,1.8,1:21
"	108",서울,2020-09-13,,,
"	108",서울,2020-09-14,0,0,
"	108",서울,2020-09-15,,,
"	108",서울,2020-09-16,0.3,0.2,
"	108",서울,2020-09-17,,,
"	108",서울,2020-09-18,,,
"	108",서울,2020-09-19,0.3,0.2,
"	108",서울,2020-09-20,,,
"	108",서울,2020-09-21,,,
"	108",서울,2020-09-22,,,
"	108",서울,2020-09-23,,,
"	108",서울,2020-09-24,,,
"	108",서울,2020-09-25,,,
"	108",서울,2020-09-26,,,
"	108",서울,2020-09-27,,,
"	108",서울,2020-09-28,,,
"	108",서울,2020-09-29,,,
"	108",서울,2020-09-30,38.3,34,18:24
"	108",서울,2020-10-01,,,
"	108",서울,2020-10-02,0,0,
"	108",서울,2020-10-03,0,0,
"	108",서울,2020-10-04,0,0,
"	108",서울,2020-10-05,,,
"	108",서울,2020-10-06,,,
"	108",서울,2020-10-07,,,
"	108",서울,2020-10-08,,,
"	108",서울,2020-10-09,,,
"	108",서울,2020-10-10,,,
"	108",서울,2020-10-11,,,
"	108",서울,2020-10-12,,,
"	108",서울,2020-10-13,,,
"	108",서울,2020-10-14,,,
"	108",서울,2020-10-15,,,
"	108",서울,2020-10-16,,,
"	108",서울,2020-10-17,,,
"	108",서울,2020-10-18,,,
"	108",서울,2020-10-19,,,
"	108",서울,2020-10-20,,,
"	108",서울,2020-10-21,,,
"	108",서울,2020-10-22,0,0,
"	108",서울,2020-10-23,,,
"	108",서울,2020-10-24,,,
"	108",서울,2020-10-25,,,
"	108",서울,2020-10-26,,,
"	108",서울,2020-10-27,,,
"	108",서울,2020-10-28,,,
"	108",서울,2020-10-29,,,
"	108",서울,2020-10-30,,,
"	108",서울,2020-10-31,,,
"	108",서울,2020-11-01,13.6,,
"	108",서울,2020-11-02,1.7,,
"	108",서울,2020-11-03,0.5,,
"	108",서울,2020-11-04,,,
"	108",서울,2020-11-05,,,
"	108",서울,2020-11-06,,,
"	108",서울,2020-11-07,0.1,,
"	108",서울,2020-11-08,,,
"	108",서울,2020-11-09,,,
"	108",서울,2020-11-10,,,
"	108",서울,2020-11-11,,,
"	108",서울,2020-11-12,,,
"	108",서울,2020-11-13,,,
"	108",서울,2020-11-14,,,
"	108",서울,2020-11-15,,,
"	108",서울,2020-11-16,,,
"	108",서울,2020-11-17,0.1,,
"	108",서울,2020-11-18,12.2,,
"	108",서울,2020-11-19,86.9,,
"	108",서울,2020-11-20,0,,
"	108",서울,2020-11-21,0.2,,
"	108",서울,2020-11-22,4.8,,
"	108",서울,2020-11-23,,,
"	108",서울,2020-11-24,,,
"	108",서울,2020-11-25,,,
"	108",서울,2020-11-26,,,
"	108",서울,2020-11-27,0,,
"	108",서울,2020-11-28,,,
"	108",서울,2020-11-29,,,
"	108",서울,2020-11-30,,,
"	108",서울,2020-12-01,,,
"	108",서울,2020-12-02,,,
"	108",서울,2020-12-03,,,
"	108",서울,2020-12-04,,,
"	108",서울,2020-12-05,,,
"	108",서울,2020-12-06,,,
"	108",서울,2020-12-07,,,
"	108",서울,2020-12-08,,,
"	108",서울,2020-12-09,,,
"	108",서울,2020-12-10,0,,
"	108",서울,2020-12-11,,,
"	108",서울,2020-12-12,,,
"	108",서울,2020-12-13,2.9,,
"	108",서울,2020-12-14,,,
"	108",서울,2020-12-15,,,
"	108",서울,2020-12-16,,,
"	108",서울,2020-12-17,0,,
"	108",서울,2020-12-18,0.2,,
"	108",서울,2020-12-19,,,
"	108",서울,2020-12-20,,,
"	108",서울,2020-12-21,,,
"	108",서울,2020-12-22,,,
"	108",서울,2020-12-23,0,,
"	108",서울,2020-12-24,,,
"	108",서울,2020-12-25,,,
"	108",서울,2020-12-26,,,
"	108",서울,2020-12-27,0,,
"	108",서울,2020-12-28,1.3,,
"	108",서울,2020-12-29,0.2,,
"	108",서울,2020-12-30,,,
"	108",서울,2020-12-31,0,,
"	108",서울,2021-01-01,,,
"	108",서울,2021-01-02,,,
"	108",서울,2021-01-03,,,
"	108",서울,2021-01-04,0,,
"	108",서울,2021-01-05,0,,
"	108",서울,2021-01-06,2.3,,
"	108",서울,2021-01-07,,,
"	108",서울,2021-01-08,,,
"	108",서울,2021-01-09,,,
"	108",서울,2021-01-10,,,
"	108",서울,2021-01-11,,,
"	108",서울,2021-01-12,2.6,,
"	108",서울,2021-01-13,0,,
"	108",서울,2021-01-14,,,
"	108",서울,2021-01-15,0.2,,
"	108",서울,2021-01-16,,,
"	108",서울,2021-01-17,0,,
"	108",서울,2021-01-18,0.3,,
"	108",서울,2021-01-19,,,
"	108",서울,2021-01-20,,,
"	108",서울,2021-01-21,9.2,,
"	108",서울,2021-01-22,0.1,,
"	108",서울,2021-01-23,,,
"	108",서울,2021-01-24,,,
"	108",서울,2021-01-25,,,
"	108",서울,2021-01-26,1.7,,
"	108",서울,2021-01-27,,,
"	108",서울,2021-01-28,2,,
"	108",서울,2021-01-29,,,
"	108",서울,2021-01-30,0.5,,
"	108",서울,2021-01-31,,,
"	108",서울,2021-02-01,0.7,,
"	108",서울,2021-02-02,0,,
"	108",서울,2021-02-03,3.4,,
"	108",서울,2021-02-04,0.1,,
"	108",서울,2021-02-05,,,
"	108",서울,2021-02-06,,,
"	108",서울,2021-02-07,,,
"	108",서울,2021-02-08,,,
"	108",서울,2021-02-09,,,
"	108",서울,2021-02-10,,,
"	108",서울,2021-02-11,,,
"	108",서울,2021-02-12,,,
"	108",서울,2021-02-13,,,
"	108",서울,2021-02-14,0,,
"	108",서울,2021-02-15,1.4,,
"	108",서울,2021-02-16,1.5,,
"	108",서울,2021-02-17,0,,
"	108",서울,2021-02-18,,,
"	108",서울,2021-02-19,,,
"	108",서울,2021-02-20,,,
"	108",서울,2021-02-21,,,
"	108",서울,2021-02-22,,,
"	108",서울,2021-02-23,,,
"	108",서울,2021-02-24,,,
"	108",서울,2021-02-25,,,
"	108",서울,2021-02-26,,,
"	108",서울,2021-02-27,,,
"	108",서울,2021-02-28,,,
"	108",서울,2021-03-01,67.5,,
"	108",서울,2021-03-02,0.1,,
"	108",서울,2021-03-03,,,
"	108",서울,2021-03-04,,,
"	108",서울,2021-03-05,,,
"	108",서울,2021-03-06,,,
"	108",서울,2021-03-07,,,
"	108",서울,2021-03-08,,,
"	108",서울,2021-03-09,,,
"	108",서울,2021-03-10,,,
"	108",서울,2021-03-11,,,
"	108",서울,2021-03-12,0,,
"	108",서울,2021-03-13,,,
"	108",서울,2021-03-14,,,
"	108",서울,2021-03-15,1.7,,
"	108",서울,2021-03-16,1.3,,
"	108",서울,2021-03-17,,,
"	108",서울,2021-03-18,,,
"	108",서울,2021-03-19,,,
"	108",서울,2021-03-20,5.1,,
"	108",서울,2021-03-21,0.3,,
"	108",서울,2021-03-22,,,
"	108",서울,2021-03-23,,,
"	108",서울,2021-03-24,,,
"	108",서울,2021-03-25,,,
"	108",서울,2021-03-26,,,
"	108",서울,2021-03-27,25.5,,
"	108",서울,2021-03-28,9.2,,
"	108",서울,2021-03-29,0.2,,
"	108",서울,2021-03-30,,,
"	108",서울,2021-03-31,,,
"	108",서울,2021-04-01,,,
"	108",서울,2021-04-02,0,0,
"	108",서울,2021-04-03,56.2,11.5,11:10
"	108",서울,2021-04-04,0.6,0.4,4:02
"	108",서울,2021-04-05,,,
"	108",서울,2021-04-06,,,
"	108",서울,2021-04-07,,,
"	108",서울,2021-04-08,,,
"	108",서울,2021-04-09,,,
"	108",서울,2021-04-10,,,
"	108",서울,2021-04-11,,,
"	108",서울,2021-04-12,22,5.4,18:31
"	108",서울,2021-04-13,8,3,#VALUE!
"	108",서울,2021-04-14,,,
"	108",서울,2021-04-15,,,
"	108",서울,2021-04-16,0.7,0.7,10:57
"	108",서울,2021-04-17,0,0,
"	108",서울,2021-04-18,,,
"	108",서울,2021-04-19,,,
"	108",서울,2021-04-20,,,
"	108",서울,2021-04-21,,,
"	108",서울,2021-04-22,,,
"	108",서울,2021-04-23,0,0,
"	108",서울,2021-04-24,0,0,
"	108",서울,2021-04-25,,,
"	108",서울,2021-04-26,,,
"	108",서울,2021-04-27,1.7,5.8,23:31
"	108",서울,2021-04-28,4.7,4.7,0:01
"	108",서울,2021-04-29,3.9,4.3,23:13
"	108",서울,2021-04-30,26.3,8.9,2:45
"	108",서울,2021-05-01,8,5.3,14:19
"	108",서울,2021-05-02,1.7,1.2,0:24
"	108",서울,2021-05-03,,,
"	108",서울,2021-05-04,19.6,5.1,14:36
"	108",서울,2021-05-05,0.1,0.4,#VALUE!
"	108",서울,2021-05-06,,,
"	108",서울,2021-05-07,8.8,8.8,9:15
"	108",서울,2021-05-08,,,
"	108",서울,2021-05-09,,,
"	108",서울,2021-05-10,0,0,
"	108",서울,2021-05-11,,,
"	108",서울,2021-05-12,,,
"	108",서울,2021-05-13,,,
"	108",서울,2021-05-14,,,
"	108",서울,2021-05-15,15,5.8,13:02
"	108",서울,2021-05-16,66.9,11.3,18:53
"	108",서울,2021-05-17,3.1,1.7,11:15
"	108",서울,2021-05-18,,,
"	108",서울,2021-05-19,,,
"	108",서울,2021-05-20,0.9,0.5,22:19
"	108",서울,2021-05-21,6.9,2,14:01
"	108",서울,2021-05-22,0.2,0.2,
"	108",서울,2021-05-23,,,
"	108",서울,2021-05-24,,,
"	108",서울,2021-05-25,8.3,5.4,5:34
"	108",서울,2021-05-26,0,0,
"	108",서울,2021-05-27,8.9,6.5,6:42
"	108",서울,2021-05-28,12.3,4.7,5:02
"	108",서울,2021-05-29,0.3,0.2,
"	108",서울,2021-05-30,18.1,11.3,22:49
"	108",서울,2021-05-31,4,4.7,#VALUE!
"	108",서울,2021-06-01,3.2,2.3,7:12
"	108",서울,2021-06-02,,,
"	108",서울,2021-06-03,18.1,5.1,19:44
"	108",서울,2021-06-04,,,
"	108",서울,2021-06-05,,,
"	108",서울,2021-06-06,,,
"	108",서울,2021-06-07,0,0,
"	108",서울,2021-06-08,0.1,0.1,
"	108",서울,2021-06-09,,,
"	108",서울,2021-06-10,6.1,5.1,22:57
"	108",서울,2021-06-11,4.6,2.6,2:19
"	108",서울,2021-06-12,,,
"	108",서울,2021-06-13,,,
"	108",서울,2021-06-14,,,
"	108",서울,2021-06-15,1.9,0.9,10:18
"	108",서울,2021-06-16,,,
"	108",서울,2021-06-17,0,0,
"	108",서울,2021-06-18,6.3,1.7,5:53
"	108",서울,2021-06-19,,,
"	108",서울,2021-06-20,,,
"	108",서울,2021-06-21,,,
"	108",서울,2021-06-22,0,0,
"	108",서울,2021-06-23,7.5,7.5,15:30
"	108",서울,2021-06-24,,,
"	108",서울,2021-06-25,,,
"	108",서울,2021-06-26,4.5,2.6,3:39
"	108",서울,2021-06-27,38.2,37.7,18:24
"	108",서울,2021-06-28,0.1,0.1,
"	108",서울,2021-06-29,8,8,16:14
"	108",서울,2021-06-30,6,6,11:59
"	108",서울,2021-07-01,,,
"	108",서울,2021-07-02,,,
"	108",서울,2021-07-03,60,13.8,16:56
"	108",서울,2021-07-04,21.4,5.3,0:45
"	108",서울,2021-07-05,,,
"	108",서울,2021-07-06,,,
"	108",서울,2021-07-07,12.7,12.4,20:25
"	108",서울,2021-07-08,2.9,2.7,0:02
"	108",서울,2021-07-09,0,0,
"	108",서울,2021-07-10,0.5,0.2,
"	108",서울,2021-07-11,0.4,0.4,6:12
"	108",서울,2021-07-12,,,
"	108",서울,2021-07-13,,,
"	108",서울,2021-07-14,,,
"	108",서울,2021-07-15,0,0,
"	108",서울,2021-07-16,,,
"	108",서울,2021-07-17,0,0,
"	108",서울,2021-07-18,,,
"	108",서울,2021-07-19,67.4,65.7,14:06
"	108",서울,2021-07-20,0,0,
"	108",서울,2021-07-21,,,
"	108",서울,2021-07-22,,,
"	108",서울,2021-07-23,,,
"	108",서울,2021-07-24,,,
"	108",서울,2021-07-25,,,
"	108",서울,2021-07-26,,,
"	108",서울,2021-07-27,,,
"	108",서울,2021-07-28,0,0,
"	108",서울,2021-07-29,,,
"	108",서울,2021-07-30,,,
"	108",서울,2021-07-31,3,2.4,2:01
"	108",서울,2021-08-01,21,8.7,19:09
"	108",서울,2021-08-02,1.7,1.4,7:43
"	108",서울,2021-08-03,0,0,
"	108",서울,2021-08-04,,,
"	108",서울,2021-08-05,,,
"	108",서울,2021-08-06,,,
"	108",서울,2021-08-07,,,
"	108",서울,2021-08-08,12.7,11.6,15:22
"	108",서울,2021-08-09,,,
"	108",서울,2021-08-10,,,
"	108",서울,2021-08-11,0,0,
"	108",서울,2021-08-12,0,0,
"	108",서울,2021-08-13,,,
"	108",서울,2021-08-14,,,
"	108",서울,2021-08-15,,,
"	108",서울,2021-08-16,0,0,
"	108",서울,2021-08-17,9.3,5.3,19:44
"	108",서울,2021-08-18,5.6,2.9,7:13
"	108",서울,2021-08-19,,,
"	108",서울,2021-08-20,0,0,
"	108",서울,2021-08-21,62.8,27.9,12:19
"	108",서울,2021-08-22,0,0,
"	108",서울,2021-08-23,7.4,2,18:23
"	108",서울,2021-08-24,10.5,2.8,12:15
"	108",서울,2021-08-25,0.3,0.3,1:50
"	108",서울,2021-08-26,0.7,0.7,15:20
"	108",서울,2021-08-27,0.9,0.7,13:18
"	108",서울,2021-08-28,,,
"	108",서울,2021-08-29,0.9,0.7,1:22
"	108",서울,2021-08-30,0,0,
"	108",서울,2021-08-31,77.4,12.4,13:56
"	108",서울,2021-09-01,0.8,3.1,#VALUE!
"	108",서울,2021-09-02,,,
"	108",서울,2021-09-03,,,
"	108",서울,2021-09-04,,,
"	108",서울,2021-09-05,,,
"	108",서울,2021-09-06,12,4,21:38
"	108",서울,2021-09-07,29.6,6.6,8:52
"	108",서울,2021-09-08,1.6,0.7,1:49
"	108",서울,2021-09-09,,,
"	108",서울,2021-09-10,,,
"	108",서울,2021-09-11,,,
"	108",서울,2021-09-12,,,
"	108",서울,2021-09-13,,,
"	108",서울,2021-09-14,,,
"	108",서울,2021-09-15,,,
"	108",서울,2021-09-16,,,
"	108",서울,2021-09-17,,,
"	108",서울,2021-09-18,,,
"	108",서울,2021-09-19,,,
"	108",서울,2021-09-20,,,
"	108",서울,2021-09-21,68.1,27.1,23:12
"	108",서울,2021-09-22,4.5,4.2,0:01
"	108",서울,2021-09-23,,,
"	108",서울,2021-09-24,,,
"	108",서울,2021-09-25,,,
"	108",서울,2021-09-26,,,
"	108",서울,2021-09-27,0,0,
"	108",서울,2021-09-28,1.3,0.7,21:00
"	108",서울,2021-09-29,13.1,5,8:47
"	108",서울,2021-09-30,,,
"	108",서울,2021-10-01,13.3,12.7,21:53
"	108",서울,2021-10-02,,,
"	108",서울,2021-10-03,,,
"	108",서울,2021-10-04,3.6,3.5,17:14
"	108",서울,2021-10-05,0,0,
"	108",서울,2021-10-06,6.4,2,7:35
"	108",서울,2021-10-07,4.6,3.8,5:05
"	108",서울,2021-10-08,3.5,0.9,10:44
"	108",서울,2021-10-09,0.4,0.3,6:35
"	108",서울,2021-10-10,14.2,4.4,12:37
"	108",서울,2021-10-11,0.3,0.3,#VALUE!
"	108",서울,2021-10-12,,,
"	108",서울,2021-10-13,,,
"	108",서울,2021-10-14,,,
"	108",서울,2021-10-15,0,0,
"	108",서울,2021-10-16,0,0,
"	108",서울,2021-10-17,,,
"	108",서울,2021-10-18,5.6,4.8,23:31
"	108",서울,2021-10-19,4.4,3.1,0:01
"	108",서울,2021-10-20,,,
"	108",서울,2021-10-21,,,
"	108",서울,2021-10-22,,,
"	108",서울,2021-10-23,,,
"	108",서울,2021-10-24,,,
"	108",서울,2021-10-25,,,
"	108",서울,2021-10-26,,,
"	108",서울,2021-10-27,0,0,
"	108",서울,2021-10-28,,,
"	108",서울,2021-10-29,,,
"	108",서울,2021-10-30,,,
"	108",서울,2021-10-31,0.7,0.7,20:15
"	108",서울,2021-11-01,,,
"	108",서울,2021-11-02,,,
"	108",서울,2021-11-03,,,
"	108",서울,2021-11-04,0,,
"	108",서울,2021-11-05,,,
"	108",서울,2021-11-06,,,
"	108",서울,2021-11-07,,,
"	108",서울,2021-11-08,25.7,,
"	108",서울,2021-11-09,2,,
"	108",서울,2021-11-10,0.3,,
"	108",서울,2021-11-11,0,,
"	108",서울,2021-11-12,,,
"	108",서울,2021-11-13,,,
"	108",서울,2021-11-14,,,
"	108",서울,2021-11-15,,,
"	108",서울,2021-11-16,,,
"	108",서울,2021-11-17,,,
"	108",서울,2021-11-18,0,,
"	108",서울,2021-11-19,,,
"	108",서울,2021-11-20,,,
"	108",서울,2021-11-21,5.9,,
"	108",서울,2021-11-22,1.3,,
"	108",서울,2021-11-23,,,
"	108",서울,2021-11-24,0,,
"	108",서울,2021-11-25,,,
"	108",서울,2021-11-26,0,,
"	108",서울,2021-11-27,,,
"	108",서울,2021-11-28,,,
"	108",서울,2021-11-29,,,
"	108",서울,2021-11-30,27.2,,
"	108",서울,2021-12-01,,,
"	108",서울,2021-12-02,0.1,,
"	108",서울,2021-12-03,0.4,,
"	108",서울,2021-12-04,,,
"	108",서울,2021-12-05,,,
"	108",서울,2021-12-06,,,
"	108",서울,2021-12-07,,,
"	108",서울,2021-12-08,,,
"	108",서울,2021-12-09,,,
"	108",서울,2021-12-10,0.7,,
"	108",서울,2021-12-11,,,
"	108",서울,2021-12-12,,,
"	108",서울,2021-12-13,,,
"	108",서울,2021-12-14,1.2,,
"	108",서울,2021-12-15,2.1,,
"	108",서울,2021-12-16,0,,
"	108",서울,2021-12-17,,,
"	108",서울,2021-12-18,2.8,,
"	108",서울,2021-12-19,0.2,,
"	108",서울,2021-12-20,0,,
"	108",서울,2021-12-21,,,
"	108",서울,2021-12-22,,,
"	108",서울,2021-12-23,,,
"	108",서울,2021-12-24,0.2,,
"	108",서울,2021-12-25,,,
"	108",서울,2021-12-26,,,
"	108",서울,2021-12-27,0,,
"	108",서울,2021-12-28,,,
"	108",서울,2021-12-29,0.2,,
"	108",서울,2021-12-30,0,,
"	108",서울,2021-12-31,,,
"	108",서울,2022-01-01,,,
"	108",서울,2022-01-02,0.3,,
"	108",서울,2022-01-03,0,,
"	108",서울,2022-01-04,0,,
"	108",서울,2022-01-05,,,
"	108",서울,2022-01-06,,,
"	108",서울,2022-01-07,,,
"	108",서울,2022-01-08,0,,
"	108",서울,2022-01-09,,,
"	108",서울,2022-01-10,0.9,,
"	108",서울,2022-01-11,0.2,,
"	108",서울,2022-01-12,,,
"	108",서울,2022-01-13,,,
"	108",서울,2022-01-14,,,
"	108",서울,2022-01-15,0,,
"	108",서울,2022-01-16,0,,
"	108",서울,2022-01-17,0.5,,
"	108",서울,2022-01-18,,,
"	108",서울,2022-01-19,1.7,,
"	108",서울,2022-01-20,,,
"	108",서울,2022-01-21,,,
"	108",서울,2022-01-22,,,
"	108",서울,2022-01-23,,,
"	108",서울,2022-01-24,,,
"	108",서울,2022-01-25,0.7,,
"	108",서울,2022-01-26,,,
"	108",서울,2022-01-27,,,
"	108",서울,2022-01-28,,,
"	108",서울,2022-01-29,,,
"	108",서울,2022-01-30,,,
"	108",서울,2022-01-31,1.2,,
"	108",서울,2022-02-01,1.7,,
"	108",서울,2022-02-02,,,
"	108",서울,2022-02-03,,,
"	108",서울,2022-02-04,0,,
"	108",서울,2022-02-05,,,
"	108",서울,2022-02-06,,,
"	108",서울,2022-02-07,,,
"	108",서울,2022-02-08,,,
"	108",서울,2022-02-09,,,
"	108",서울,2022-02-10,,,
"	108",서울,2022-02-11,,,
"	108",서울,2022-02-12,,,
"	108",서울,2022-02-13,,,
"	108",서울,2022-02-14,1.7,,
"	108",서울,2022-02-15,0,,
"	108",서울,2022-02-16,0,,
"	108",서울,2022-02-17,,,
"	108",서울,2022-02-18,,,
"	108",서울,2022-02-19,0.1,,
"	108",서울,2022-02-20,,,
"	108",서울,2022-02-21,0.1,,
"	108",서울,2022-02-22,,,
"	108",서울,2022-02-23,,,
"	108",서울,2022-02-24,,,
"	108",서울,2022-02-25,,,
"	108",서울,2022-02-26,1.1,,
"	108",서울,2022-02-27,,,
"	108",서울,2022-02-28,,,
"	108",서울,2022-03-01,2.3,,
"	108",서울,2022-03-02,,,
"	108",서울,2022-03-03,,,
"	108",서울,2022-03-04,,,
"	108",서울,2022-03-05,,,
"	108",서울,2022-03-06,,,
"	108",서울,2022-03-07,,,
"	108",서울,2022-03-08,,,
"	108",서울,2022-03-09,,,
"	108",서울,2022-03-10,,,
"	108",서울,2022-03-11,,,
"	108",서울,2022-03-12,2.6,,
"	108",서울,2022-03-13,42.1,,
"	108",서울,2022-03-14,8.7,,
"	108",서울,2022-03-15,,,
"	108",서울,2022-03-16,,,
"	108",서울,2022-03-17,1.2,,
"	108",서울,2022-03-18,0,,
"	108",서울,2022-03-19,14.6,,
"	108",서울,2022-03-20,0,,
"	108",서울,2022-03-21,,,
"	108",서울,2022-03-22,,,
"	108",서울,2022-03-23,,,
"	108",서울,2022-03-24,,,
"	108",서울,2022-03-25,10.9,,
"	108",서울,2022-03-26,19.8,,
"	108",서울,2022-03-27,,,
"	108",서울,2022-03-28,,,
"	108",서울,2022-03-29,,,
"	108",서울,2022-03-30,0.4,,
"	108",서울,2022-03-31,,,
"	108",서울,2022-04-01,,,
"	108",서울,2022-04-02,,,
"	108",서울,2022-04-03,,,
"	108",서울,2022-04-04,,,
"	108",서울,2022-04-05,,,
"	108",서울,2022-04-06,,,
"	108",서울,2022-04-07,,,
,,,,,
,,,,,
,,,,,
,,,,,
,,,,,
,,,,,
,,,,,
,,,,,
,,,,,
,,,,,
,,,,,
,,,,,
,,,,,
,,,,,
,,,,,
,,,,,
,,,,,
,,,,,
,,,,,
,,,,,
,,,,,
,,,,,
,,,,,
,,,,,
,,,,,
,,,,,
,,,,,
,,,,,
,,,,,
,,,,,
,,,,,
,,,,,
,,,,,
,,,,,
,,,,,
,,,,,
,,,,,
,,,,,
,,,,,
,,,,,
,,,,,
,,,,,
,,,,,
,,,,,
,,,,,
,,,,,
,,,,,
,,,,,
,,,,,
,,,,,
,,,,,
,,,,,
,,,,,
,,,,,
,,,,,
,,,,,
,,,,,
,,,,,
,,,,,
,,,,,
,,,,,
,,,,,
,,,,,
,,,,,
,,,,,
,,,,,
,,,,,
,,,,,
,,,,,
,,,,,
,,,,,
,,,,,
,,,,,
,,,,,
,,,,,
,,,,,
,,,,,
,,,,,
,,,,,
,,,,,
,,,,,
,,,,,
,,,,,
,,,,,
,,,,,
,,,,,
,,,,,
,,,,,
,,,,,
,,,,,
,,,,,
,,,,,
,,,,,
,,,,,
,,,,,
,,,,,
,,,,,
,,,,,
,,,,,
,,,,,
,,,,,
,,,,,
,,,,,
,,,,,
,,,,,
,,,,,
,,,,,
,,,,,
,,,,,
,,,,,
,,,,,
,,,,,
,,,,,
,,,,,
,,,,,
,,,,,
,,,,,
,,,,,
,,,,,
,,,,,
,,,,,
,,,,,
,,,,,
,,,,,
,,,,,
,,,,,
,,,,,
,,,,,
,,,,,
,,,,,
,,,,,
,,,,,
,,,,,
,,,,,
,,,,,
,,,,,
,,,,,
,,,,,
,,,,,
,,,,,
,,,,,
,,,,,
,,,,,
,,,,,
,,,,,
,,,,,
,,,,,
,,,,,
,,,,,
,,,,,
,,,,,
,,,,,
,,,,,
,,,,,
,,,,,
,,,,,
,,,,,
,,,,,
,,,,,
,,,,,
,,,,,
,,,,,
,,,,,
,,,,,
,,,,,
,,,,,
,,,,,
,,,,,
,,,,,
,,,,,
,,,,,
,,,,,
,,,,,
,,,,,
,,,,,
,,,,,
,,,,,
,,,,,
,,,,,
,,,,,
,,,,,
,,,,,
,,,,,
,,,,,
,,,,,
,,,,,
,,,,,
,,,,,
,,,,,
,,,,,
,,,,,
,,,,,
,,,,,
,,,,,
,,,,,
,,,,,
,,,,,
,,,,,
,,,,,
,,,,,
,,,,,
,,,,,
,,,,,
,,,,,
,,,,,
,,,,,
,,,,,
,,,,,
,,,,,
,,,,,
,,,,,
,,,,,
,,,,,
,,,,,
,,,,,
,,,,,
,,,,,
,,,,,
,,,,,
,,,,,
,,,,,
,,,,,
,,,,,
,,,,,
,,,,,
,,,,,
,,,,,
,,,,,
,,,,,
,,,,,
,,,,,
,,,,,
,,,,,
,,,,,
,,,,,
,,,,,
,,,,,
,,,,,
,,,,,
,,,,,
,,,,,
,,,,,
,,,,,
,,,,,
,,,,,
,,,,,
,,,,,
,,,,,
,,,,,
,,,,,
,,,,,
,,,,,
,,,,,
,,,,,
,,,,,
,,,,,
,,,,,
,,,,,
,,,,,
,,,,,
,,,,,
,,,,,
,,,,,
,,,,,
,,,,,
,,,,,
,,,,,
,,,,,
,,,,,
,,,,,
,,,,,
,,,,,
,,,,,
,,,,,
,,,,,
,,,,,
,,,,,
,,,,,
,,,,,
,,,,,
,,,,,
,,,,,
,,,,,
,,,,,
,,,,,
,,,,,
,,,,,
,,,,,
,,,,,
,,,,,
,,,,,
,,,,,
,,,,,
,,,,,
,,,,,
,,,,,
,,,,,
,,,,,
,,,,,
,,,,,
,,,,,
,,,,,
,,,,,
,,,,,
,,,,,
,,,,,
,,,,,
,,,,,
,,,,,
,,,,,
,,,,,
,,,,,
,,,,,
,,,,,
,,,,,
,,,,,
,,,,,
,,,,,
,,,,,
,,,,,
,,,,,
,,,,,
,,,,,
,,,,,
,,,,,
,,,,,
,,,,,
,,,,,
,,,,,
,,,,,
,,,,,
,,,,,
,,,,,
,,,,,
,,,,,
,,,,,
,,,,,
,,,,,
,,,,,
,,,,,
,,,,,
,,,,,
,,,,,
,,,,,
,,,,,
,,,,,
,,,,,
,,,,,
,,,,,
,,,,,
,,,,,
,,,,,
,,,,,
,,,,,
,,,,,
,,,,,
,,,,,
,,,,,
,,,,,
,,,,,
,,,,,
,,,,,
,,,,,
,,,,,
,,,,,
,,,,,
,,,,,
,,,,,
,,,,,
,,,,,
,,,,,
,,,,,
,,,,,
,,,,,
,,,,,
,,,,,
,,,,,
,,,,,
,,,,,
,,,,,
,,,,,
,,,,,
,,,,,
,,,,,
,,,,,
,,,,,
,,,,,
,,,,,
,,,,,
,,,,,
,,,,,
,,,,,
,,,,,
,,,,,
,,,,,
,,,,,
,,,,,
,,,,,
,,,,,
,,,,,
,,,,,
,,,,,
,,,,,
,,,,,
,,,,,
,,,,,
,,,,,
,,,,,
,,,,,
,,,,,
,,,,,
,,,,,
,,,,,
,,,,,
,,,,,
,,,,,
,,,,,
,,,,,
,,,,,
,,,,,
,,,,,
,,,,,
,,,,,
,,,,,
"	",,,,,
"	",,,,,
