,斥档,矫焙备,Unnamed: 2,拌距备盒,绊按荐,荤侩樊(kWh),傈扁夸陛(盔),乞闭魄概窜啊(盔/kWh)
0,202101,堡林堡开矫,堡魂备,啊肺殿,"12,803 ","2,629,917 ","281,124,107 ",106.9 
22,202101,堡林堡开矫,悼备,林琶侩,"42,234 ","15,703,732 ","1,835,417,998 ",116.9 
23,202101,堡林堡开矫,悼备,钦拌,"61,110 ","60,019,593 ","7,274,669,793 ",121.2 
24,202101,堡林堡开矫,合备,啊肺殿,"12,366 ","1,917,620 ","194,213,863 ",101.3 
25,202101,堡林堡开矫,合备,背腊侩,193 ,"15,035,409 ","1,431,892,142 ",95.2 
26,202101,堡林堡开矫,合备,丑荤侩,"2,080 ","2,668,034 ","118,001,634 ",44.2 
27,202101,堡林堡开矫,合备,魂诀侩,"1,606 ","60,836,748 ","7,044,240,810 ",115.8 
28,202101,堡林堡开矫,合备,缴 具,"1,569 ","4,052,348 ","301,830,836 ",74.5 
30,202101,堡林堡开矫,合备,林琶侩,"125,834 ","58,988,120 ","6,501,950,113 ",110.2 
31,202101,堡林堡开矫,合备,钦拌,"171,166 ","213,108,694 ","24,562,320,992 ",115.3 
32,202101,堡林堡开矫,辑备,啊肺殿,"8,638 ","1,263,873 ","131,145,747 ",103.8 
33,202101,堡林堡开矫,辑备,背腊侩,107 ,"2,766,255 ","268,372,985 ",97 
34,202101,堡林堡开矫,辑备,丑荤侩,"1,086 ","589,279 ","27,741,017 ",47.1 
35,202101,堡林堡开矫,辑备,魂诀侩,680 ,"26,999,861 ","3,240,402,113 ",120 
36,202101,堡林堡开矫,辑备,缴 具,775 ,"2,057,760 ","150,985,039 ",73.4 
37,202101,堡林堡开矫,辑备,老馆侩,"19,601 ","72,750,443 ","9,451,038,983 ",129.9 
38,202101,堡林堡开矫,辑备,林琶侩,"76,282 ","41,217,755 ","4,550,937,896 ",110.4 
39,202101,堡林堡开矫,辑备,钦拌,"107,169 ","147,645,226 ","17,820,623,780 ",120.7 
21,202101,堡林堡开矫,悼备,老馆侩,"11,568 ","34,485,010 ","4,489,389,522 ",130.2 
20,202101,堡林堡开矫,悼备,缴 具,946 ,"1,672,579 ","120,623,212 ",72.1 
29,202101,堡林堡开矫,合备,老馆侩,"27,518 ","69,610,415 ","8,970,191,594 ",128.9 
18,202101,堡林堡开矫,悼备,丑荤侩,344 ,"105,532 ","5,142,183 ",48.7 
19,202101,堡林堡开矫,悼备,魂诀侩,439 ,"3,081,336 ","386,421,624 ",125.4 
1,202101,堡林堡开矫,堡魂备,背腊侩,169 ,"6,657,102 ","648,491,335 ",97.4 
2,202101,堡林堡开矫,堡魂备,丑荤侩,"6,137 ","6,512,071 ","284,478,647 ",43.7 
3,202101,堡林堡开矫,堡魂备,魂诀侩,"3,205 ","173,642,738 ","21,163,162,804 ",121.9 
4,202101,堡林堡开矫,堡魂备,缴 具,"1,315 ","3,104,941 ","215,570,260 ",69.4 
5,202101,堡林堡开矫,堡魂备,老馆侩,"23,677 ","72,084,207 ","9,256,694,225 ",128.4 
7,202101,堡林堡开矫,堡魂备,钦拌,"132,496 ","319,599,262 ","37,854,002,275 ",118.4 
8,202101,堡林堡开矫,巢备,啊肺殿,"8,624 ","1,201,799 ","122,214,724 ",101.7 
9,202101,堡林堡开矫,巢备,背腊侩,104 ,"3,797,217 ","374,874,383 ",98.7 
6,202101,堡林堡开矫,堡魂备,林琶侩,"85,190 ","54,968,286 ","6,004,480,897 ",109.2 
17,202101,堡林堡开矫,悼备,背腊侩,57 ,"4,099,511 ","351,190,465 ",85.7 
11,202101,堡林堡开矫,巢备,魂诀侩,472 ,"3,156,371 ","438,530,338 ",138.9 
12,202101,堡林堡开矫,巢备,缴 具,"1,099 ","2,480,687 ","171,759,632 ",69.2 
13,202101,堡林堡开矫,巢备,老馆侩,"11,686 ","29,534,847 ","3,857,975,882 ",130.6 
14,202101,堡林堡开矫,巢备,林琶侩,"56,751 ","30,046,932 ","3,459,709,782 ",115.1 
15,202101,堡林堡开矫,巢备,钦拌,"81,106 ","71,491,642 ","8,484,296,780 ",118.7 
16,202101,堡林堡开矫,悼备,啊肺殿,"5,522 ","871,893 ","86,484,789 ",99.2 
10,202101,堡林堡开矫,巢备,丑荤侩,"2,370 ","1,273,789 ","59,232,039 ",46.5 
68,202102,堡林堡开矫,合备,缴 具,"1,568 ","3,706,854 ","272,847,456 ",73.6 
67,202102,堡林堡开矫,合备,魂诀侩,"1,607 ","56,296,522 ","6,584,853,264 ",117 
66,202102,堡林堡开矫,合备,丑荤侩,"2,082 ","2,274,150 ","102,641,054 ",45.1 
62,202102,堡林堡开矫,悼备,林琶侩,"42,274 ","14,844,779 ","1,657,012,304 ",111.6 
64,202102,堡林堡开矫,合备,啊肺殿,"12,385 ","1,764,200 ","187,622,175 ",106.3 
63,202102,堡林堡开矫,悼备,钦拌,"61,128 ","55,690,909 ","6,810,064,927 ",122.3 
69,202102,堡林堡开矫,合备,老馆侩,"27,513 ","65,393,073 ","8,558,338,203 ",130.9 
65,202102,堡林堡开矫,合备,背腊侩,193 ,"11,806,593 ","1,188,640,929 ",100.7 
70,202102,堡林堡开矫,合备,林琶侩,"125,989 ","56,303,793 ","5,976,734,492 ",106.2 
79,202102,堡林堡开矫,辑备,钦拌,"107,324 ","140,026,262 ","17,052,707,239 ",121.8 
72,202102,堡林堡开矫,辑备,啊肺殿,"8,648 ","1,135,540 ","123,973,540 ",109.2 
73,202102,堡林堡开矫,辑备,背腊侩,106 ,"1,791,633 ","203,093,485 ",113.4 
74,202102,堡林堡开矫,辑备,丑荤侩,"1,081 ","636,676 ","29,936,822 ",47 
75,202102,堡林堡开矫,辑备,魂诀侩,682 ,"24,658,267 ","3,004,669,212 ",121.9 
76,202102,堡林堡开矫,辑备,缴 具,772 ,"2,091,206 ","153,600,573 ",73.5 
77,202102,堡林堡开矫,辑备,老馆侩,"19,615 ","69,143,417 ","9,110,454,848 ",131.8 
78,202102,堡林堡开矫,辑备,林琶侩,"76,420 ","40,569,523 ","4,426,978,759 ",109.1 
61,202102,堡林堡开矫,悼备,老馆侩,"11,552 ","32,050,257 ","4,251,224,363 ",132.6 
71,202102,堡林堡开矫,合备,钦拌,"171,337 ","197,545,185 ","22,871,677,573 ",115.8 
60,202102,堡林堡开矫,悼备,缴 具,942 ,"1,582,376 ","114,140,571 ",72.1 
49,202102,堡林堡开矫,巢备,背腊侩,104 ,"2,708,946 ","292,656,763 ",108 
58,202102,堡林堡开矫,悼备,丑荤侩,345 ,"110,716 ","5,306,977 ",47.9 
59,202102,堡林堡开矫,悼备,魂诀侩,436 ,"2,730,566 ","351,739,828 ",128.8 
41,202102,堡林堡开矫,堡魂备,背腊侩,169 ,"4,936,618 ","539,432,107 ",109.3 
42,202102,堡林堡开矫,堡魂备,丑荤侩,"6,146 ","5,549,436 ","248,842,853 ",44.8 
43,202102,堡林堡开矫,堡魂备,魂诀侩,"3,230 ","167,987,616 ","20,747,819,265 ",123.5 
44,202102,堡林堡开矫,堡魂备,缴 具,"1,307 ","3,055,364 ","212,635,639 ",69.6 
45,202102,堡林堡开矫,堡魂备,老馆侩,"23,679 ","69,014,764 ","8,984,285,885 ",130.2 
46,202102,堡林堡开矫,堡魂备,林琶侩,"85,174 ","54,301,590 ","5,888,347,589 ",108.4 
47,202102,堡林堡开矫,堡魂备,钦拌,"132,589 ","307,322,011 ","36,895,864,528 ",120.1 
48,202102,堡林堡开矫,巢备,啊肺殿,"8,655 ","1,123,383 ","119,381,173 ",106.3 
40,202102,堡林堡开矫,堡魂备,啊肺殿,"12,884 ","2,476,623 ","274,501,190 ",110.8 
50,202102,堡林堡开矫,巢备,丑荤侩,"2,369 ","1,063,675 ","51,496,438 ",48.4 
51,202102,堡林堡开矫,巢备,魂诀侩,470 ,"3,149,202 ","439,440,085 ",139.5 
52,202102,堡林堡开矫,巢备,缴 具,"1,094 ","2,377,606 ","164,776,150 ",69.3 
53,202102,堡林堡开矫,巢备,老馆侩,"11,737 ","27,296,786 ","3,645,899,582 ",133.6 
54,202102,堡林堡开矫,巢备,林琶侩,"56,771 ","28,923,442 ","3,260,073,940 ",112.7 
55,202102,堡林堡开矫,巢备,钦拌,"81,200 ","66,643,040 ","7,973,724,131 ",119.6 
56,202102,堡林堡开矫,悼备,啊肺殿,"5,522 ","822,730 ","85,253,521 ",103.6 
57,202102,堡林堡开矫,悼备,背腊侩,57 ,"3,549,485 ","345,387,363 ",97.3 
102,202103,堡林堡开矫,悼备,林琶侩,"42,296 ","13,199,891 ","1,351,878,848 ",102.4 
103,202103,堡林堡开矫,悼备,钦拌,"61,162 ","48,563,571 ","5,519,993,104 ",113.7 
104,202103,堡林堡开矫,合备,啊肺殿,"12,389 ","1,591,423 ","171,386,926 ",107.7 
105,202103,堡林堡开矫,合备,背腊侩,192 ,"11,216,746 ","1,006,066,895 ",89.7 
106,202103,堡林堡开矫,合备,丑荤侩,"2,784 ","1,662,977 ","78,254,193 ",47.1 
107,202103,堡林堡开矫,合备,魂诀侩,"1,605 ","58,321,085 ","5,670,170,068 ",97.2 
108,202103,堡林堡开矫,合备,缴 具,"1,558 ","2,837,442 ","185,603,803 ",65.4 
110,202103,堡林堡开矫,合备,林琶侩,"125,902 ","49,372,711 ","4,776,655,081 ",96.7 
114,202103,堡林堡开矫,辑备,丑荤侩,"1,616 ","503,382 ","24,609,770 ",48.9 
112,202103,堡林堡开矫,辑备,啊肺殿,"8,649 ","1,034,442 ","114,476,343 ",110.7 
113,202103,堡林堡开矫,辑备,背腊侩,106 ,"1,736,928 ","201,713,151 ",116.1 
101,202103,堡林堡开矫,悼备,老馆侩,"11,538 ","27,822,115 ","3,441,142,260 ",123.7 
115,202103,堡林堡开矫,辑备,魂诀侩,684 ,"25,309,265 ","2,507,769,261 ",99.1 
116,202103,堡林堡开矫,辑备,缴 具,766 ,"1,663,974 ","116,320,204 ",69.9 
117,202103,堡林堡开矫,辑备,老馆侩,"19,628 ","59,373,151 ","7,496,586,814 ",126.3 
118,202103,堡林堡开矫,辑备,林琶侩,"76,467 ","34,996,462 ","3,437,992,677 ",98.2 
119,202103,堡林堡开矫,辑备,钦拌,"107,916 ","124,617,604 ","13,899,468,220 ",111.5 
111,202103,堡林堡开矫,合备,钦拌,"171,957 ","180,193,744 ","18,703,666,293 ",103.8 
100,202103,堡林堡开矫,悼备,缴 具,937 ,"1,179,030 ","74,794,324 ",63.4 
109,202103,堡林堡开矫,合备,老馆侩,"27,527 ","55,191,360 ","6,815,529,327 ",123.5 
98,202103,堡林堡开矫,悼备,丑荤侩,372 ,"90,084 ","4,578,884 ",50.8 
81,202103,堡林堡开矫,堡魂备,背腊侩,169 ,"4,611,191 ","496,782,022 ",107.7 
82,202103,堡林堡开矫,堡魂备,丑荤侩,"8,169 ","4,094,980 ","194,811,274 ",47.6 
83,202103,堡林堡开矫,堡魂备,魂诀侩,"3,233 ","168,894,151 ","17,658,558,029 ",104.6 
84,202103,堡林堡开矫,堡魂备,缴 具,"1,303 ","2,334,485 ","141,808,786 ",60.7 
85,202103,堡林堡开矫,堡魂备,老馆侩,"23,750 ","58,780,285 ","7,259,325,162 ",123.5 
86,202103,堡林堡开矫,堡魂备,林琶侩,"85,253 ","46,506,932 ","4,534,987,961 ",97.5 
87,202103,堡林堡开矫,堡魂备,钦拌,"134,764 ","287,378,423 ","30,528,775,739 ",106.2 
88,202103,堡林堡开矫,巢备,啊肺殿,"8,674 ","1,041,381 ","112,306,647 ",107.8 
89,202103,堡林堡开矫,巢备,背腊侩,104 ,"2,715,859 ","294,060,025 ",108.3 
80,202103,堡林堡开矫,堡魂备,啊肺殿,"12,887 ","2,156,399 ","242,502,505 ",112.5 
90,202103,堡林堡开矫,巢备,丑荤侩,"3,513 ","908,734 ","45,568,942 ",50.1 
91,202103,堡林堡开矫,巢备,魂诀侩,471 ,"2,763,893 ","372,720,480 ",134.9 
92,202103,堡林堡开矫,巢备,缴 具,"1,092 ","1,833,108 ","103,004,453 ",56.2 
93,202103,堡林堡开矫,巢备,老馆侩,"11,743 ","22,941,364 ","2,842,319,739 ",123.9 
94,202103,堡林堡开矫,巢备,林琶侩,"56,800 ","24,803,096 ","2,509,158,215 ",101.2 
95,202103,堡林堡开矫,巢备,钦拌,"82,397 ","57,007,435 ","6,279,138,501 ",110.1 
96,202103,堡林堡开矫,悼备,啊肺殿,"5,528 ","794,176 ","82,618,878 ",104 
97,202103,堡林堡开矫,悼备,背腊侩,56 ,"3,013,133 ","276,621,946 ",91.8 
99,202103,堡林堡开矫,悼备,魂诀侩,435 ,"2,465,142 ","288,357,964 ",117 
147,202104,堡林堡开矫,合备,魂诀侩,"1,603 ","58,113,669 ","5,497,480,767 ",94.6 
146,202104,堡林堡开矫,合备,丑荤侩,"2,105 ","1,236,151 ","61,264,854 ",49.6 
142,202104,堡林堡开矫,悼备,林琶侩,"42,327 ","13,266,615 ","1,358,328,706 ",102.4 
144,202104,堡林堡开矫,合备,啊肺殿,"12,396 ","1,543,827 ","171,908,013 ",111.4 
143,202104,堡林堡开矫,悼备,钦拌,"61,148 ","47,069,262 ","5,063,270,779 ",107.6 
148,202104,堡林堡开矫,合备,缴 具,"1,551 ","2,039,693 ","116,651,926 ",57.2 
145,202104,堡林堡开矫,合备,背腊侩,192 ,"10,179,113 ","867,348,634 ",85.2 
149,202104,堡林堡开矫,合备,老馆侩,"27,563 ","54,044,978 ","6,072,225,355 ",112.4 
154,202104,堡林堡开矫,辑备,丑荤侩,"1,074 ","408,796 ","21,099,668 ",51.6 
151,202104,堡林堡开矫,合备,钦拌,"171,327 ","177,679,067 ","17,750,333,193 ",99.9 
152,202104,堡林堡开矫,辑备,啊肺殿,"8,664 ","984,760 ","113,278,297 ",115 
153,202104,堡林堡开矫,辑备,背腊侩,106 ,"1,717,874 ","163,156,847 ",95 
155,202104,堡林堡开矫,辑备,魂诀侩,683 ,"25,412,367 ","2,487,765,471 ",97.9 
156,202104,堡林堡开矫,辑备,缴 具,763 ,"1,397,778 ","82,210,782 ",58.8 
157,202104,堡林堡开矫,辑备,老馆侩,"19,648 ","57,874,115 ","6,505,218,648 ",112.4 
158,202104,堡林堡开矫,辑备,林琶侩,"76,547 ","36,209,607 ","3,654,028,474 ",100.9 
141,202104,堡林堡开矫,悼备,老馆侩,"11,515 ","26,437,201 ","3,045,771,944 ",115.2 
150,202104,堡林堡开矫,合备,林琶侩,"125,917 ","50,521,636 ","4,963,453,644 ",98.2 
140,202104,堡林堡开矫,悼备,缴 具,935 ,"868,589 ","45,361,634 ",52.2 
159,202104,堡林堡开矫,辑备,钦拌,"107,485 ","124,005,297 ","13,026,758,187 ",105.1 
138,202104,堡林堡开矫,悼备,丑荤侩,350 ,"80,881 ","4,265,943 ",52.7 
120,202104,堡林堡开矫,堡魂备,啊肺殿,"12,900 ","2,199,494 ","246,199,476 ",111.9 
121,202104,堡林堡开矫,堡魂备,背腊侩,169 ,"4,301,034 ","402,476,978 ",93.6 
122,202104,堡林堡开矫,堡魂备,丑荤侩,"6,184 ","3,082,972 ","154,235,173 ",50 
123,202104,堡林堡开矫,堡魂备,魂诀侩,"3,237 ","172,665,120 ","17,080,712,321 ",98.9 
124,202104,堡林堡开矫,堡魂备,缴 具,"1,299 ","1,829,896 ","91,440,619 ",50 
125,202104,堡林堡开矫,堡魂备,老馆侩,"23,846 ","57,849,434 ","6,416,192,637 ",110.9 
126,202104,堡林堡开矫,堡魂备,林琶侩,"85,524 ","48,661,703 ","4,881,253,447 ",100.3 
127,202104,堡林堡开矫,堡魂备,钦拌,"133,159 ","290,589,653 ","29,272,510,651 ",100.7 
128,202104,堡林堡开矫,巢备,啊肺殿,"8,688 ","1,054,294 ","117,854,032 ",111.8 
139,202104,堡林堡开矫,悼备,魂诀侩,434 ,"2,582,508 ","283,901,051 ",109.9 
130,202104,堡林堡开矫,巢备,丑荤侩,"2,389 ","714,630 ","37,634,648 ",52.7 
131,202104,堡林堡开矫,巢备,魂诀侩,470 ,"2,809,576 ","348,585,840 ",124.1 
132,202104,堡林堡开矫,巢备,缴 具,"1,083 ","1,165,448 ","57,239,914 ",49.1 
133,202104,堡林堡开矫,巢备,老馆侩,"11,769 ","22,505,760 ","2,607,761,758 ",115.9 
134,202104,堡林堡开矫,巢备,林琶侩,"56,791 ","25,924,421 ","2,716,427,485 ",104.8 
135,202104,堡林堡开矫,巢备,钦拌,"81,294 ","56,708,946 ","6,125,635,439 ",108 
136,202104,堡林堡开矫,悼备,啊肺殿,"5,531 ","828,588 ","88,163,258 ",106.4 
137,202104,堡林堡开矫,悼备,背腊侩,56 ,"3,004,880 ","237,478,243 ",79 
129,202104,堡林堡开矫,巢备,背腊侩,104 ,"2,534,817 ","240,131,762 ",94.7 
187,202105,堡林堡开矫,合备,魂诀侩,"1,599 ","57,361,785 ","5,339,453,933 ",93.1 
186,202105,堡林堡开矫,合备,丑荤侩,"2,103 ","1,242,594 ","59,471,471 ",47.9 
185,202105,堡林堡开矫,合备,背腊侩,192 ,"9,527,476 ","801,840,884 ",84.2 
181,202105,堡林堡开矫,悼备,老馆侩,"11,491 ","25,514,142 ","2,971,230,778 ",116.5 
183,202105,堡林堡开矫,悼备,钦拌,"61,078 ","44,892,258 ","4,856,736,468 ",108.2 
182,202105,堡林堡开矫,悼备,林琶侩,"42,284 ","12,784,715 ","1,274,362,790 ",99.7 
188,202105,堡林堡开矫,合备,缴 具,"1,545 ","1,239,574 ","77,393,477 ",62.4 
184,202105,堡林堡开矫,合备,啊肺殿,"12,377 ","1,394,782 ","161,102,563 ",115.5 
189,202105,堡林堡开矫,合备,老馆侩,"27,591 ","51,677,151 ","5,903,116,827 ",114.2 
193,202105,堡林堡开矫,辑备,背腊侩,106 ,"1,299,715 ","123,655,491 ",95.1 
191,202105,堡林堡开矫,合备,钦拌,"171,281 ","170,661,652 ","16,940,222,433 ",99.3 
192,202105,堡林堡开矫,辑备,啊肺殿,"8,661 ","893,265 ","106,413,762 ",119.1 
194,202105,堡林堡开矫,辑备,丑荤侩,"1,073 ","337,122 ","18,872,844 ",56 
195,202105,堡林堡开矫,辑备,魂诀侩,686 ,"23,595,532 ","2,435,332,337 ",103.2 
196,202105,堡林堡开矫,辑备,缴 具,762 ,"891,421 ","56,454,809 ",63.3 
197,202105,堡林堡开矫,辑备,老馆侩,"19,668 ","54,916,498 ","6,273,073,046 ",114.2 
198,202105,堡林堡开矫,辑备,林琶侩,"76,644 ","33,937,832 ","3,283,531,324 ",96.8 
180,202105,堡林堡开矫,悼备,缴 具,930 ,"580,573 ","32,143,571 ",55.4 
190,202105,堡林堡开矫,合备,林琶侩,"125,874 ","48,218,290 ","4,597,843,278 ",95.4 
199,202105,堡林堡开矫,辑备,钦拌,"107,600 ","115,871,385 ","12,297,333,613 ",106.1 
179,202105,堡林堡开矫,悼备,魂诀侩,429 ,"2,587,266 ","281,001,794 ",108.6 
177,202105,堡林堡开矫,悼备,背腊侩,56 ,"2,561,429 ","208,844,656 ",81.5 
178,202105,堡林堡开矫,悼备,丑荤侩,354 ,"71,296 ","3,917,767 ",55 
160,202105,堡林堡开矫,堡魂备,啊肺殿,"12,921 ","1,998,133 ","232,674,398 ",116.4 
161,202105,堡林堡开矫,堡魂备,背腊侩,169 ,"3,165,415 ","308,655,732 ",97.5 
162,202105,堡林堡开矫,堡魂备,丑荤侩,"6,205 ","2,391,526 ","128,008,739 ",53.5 
163,202105,堡林堡开矫,堡魂备,魂诀侩,"3,248 ","166,321,005 ","16,486,762,415 ",99.1 
165,202105,堡林堡开矫,堡魂备,老馆侩,"23,939 ","55,150,173 ","6,213,686,825 ",112.7 
166,202105,堡林堡开矫,堡魂备,林琶侩,"85,672 ","45,756,700 ","4,407,462,993 ",96.3 
167,202105,堡林堡开矫,堡魂备,钦拌,"133,449 ","275,759,758 ","27,831,102,387 ",100.9 
164,202105,堡林堡开矫,堡魂备,缴 具,"1,295 ","976,806 ","53,851,285 ",55.1 
169,202105,堡林堡开矫,巢备,背腊侩,104 ,"1,857,581 ","186,880,872 ",100.6 
168,202105,堡林堡开矫,巢备,啊肺殿,"8,697 ","979,345 ","111,556,449 ",113.9 
175,202105,堡林堡开矫,巢备,钦拌,"81,273 ","52,565,452 ","5,665,358,998 ",107.8 
174,202105,堡林堡开矫,巢备,林琶侩,"56,757 ","24,469,550 ","2,449,743,540 ",100.1 
173,202105,堡林堡开矫,巢备,老馆侩,"11,769 ","21,374,413 ","2,518,755,590 ",117.8 
176,202105,堡林堡开矫,悼备,啊肺殿,"5,534 ","792,837 ","85,235,112 ",107.5 
171,202105,堡林堡开矫,巢备,魂诀侩,471 ,"2,655,736 ","336,345,538 ",126.6 
170,202105,堡林堡开矫,巢备,丑荤侩,"2,399 ","695,899 ","36,030,250 ",51.8 
172,202105,堡林堡开矫,巢备,缴 具,"1,076 ","532,928 ","26,046,759 ",48.9 
227,202106,堡林堡开矫,合备,魂诀侩,"1,604 ","62,564,978 ","7,255,952,292 ",116 
221,202106,堡林堡开矫,悼备,老馆侩,"11,493 ","28,632,980 ","3,863,701,158 ",134.9 
222,202106,堡林堡开矫,悼备,林琶侩,"42,369 ","13,328,381 ","1,344,295,777 ",100.9 
223,202106,堡林堡开矫,悼备,钦拌,"61,166 ","48,688,228 ","5,929,750,962 ",121.8 
224,202106,堡林堡开矫,合备,啊肺殿,"12,364 ","1,303,392 ","155,510,767 ",119.3 
225,202106,堡林堡开矫,合备,背腊侩,193 ,"11,245,358 ","1,216,789,648 ",108.2 
226,202106,堡林堡开矫,合备,丑荤侩,"2,110 ","1,247,678 ","58,462,671 ",46.9 
229,202106,堡林堡开矫,合备,老馆侩,"27,638 ","58,038,147 ","7,516,674,870 ",129.5 
220,202106,堡林堡开矫,悼备,缴 具,920 ,"538,684 ","28,683,494 ",53.2 
231,202106,堡林堡开矫,合备,钦拌,"171,313 ","185,754,091 ","21,175,980,116 ",114 
232,202106,堡林堡开矫,辑备,啊肺殿,"8,683 ","811,416 ","101,283,016 ",124.8 
233,202106,堡林堡开矫,辑备,背腊侩,106 ,"1,479,619 ","175,432,836 ",118.6 
234,202106,堡林堡开矫,辑备,丑荤侩,"1,084 ","346,184 ","18,687,817 ",54 
235,202106,堡林堡开矫,辑备,魂诀侩,685 ,"26,498,907 ","3,224,055,216 ",121.7 
236,202106,堡林堡开矫,辑备,缴 具,758 ,"1,033,357 ","72,170,170 ",69.8 
237,202106,堡林堡开矫,辑备,老馆侩,"19,717 ","60,939,034 ","7,704,447,415 ",126.4 
238,202106,堡林堡开矫,辑备,林琶侩,"76,627 ","35,205,670 ","3,472,329,780 ",98.6 
230,202106,堡林堡开矫,合备,林琶侩,"125,873 ","50,321,786 ","4,904,489,228 ",97.5 
219,202106,堡林堡开矫,悼备,魂诀侩,427 ,"2,625,124 ","347,394,096 ",132.3 
228,202106,堡林堡开矫,合备,缴 具,"1,531 ","1,032,752 ","68,100,640 ",65.9 
217,202106,堡林堡开矫,悼备,背腊侩,57 ,"2,720,147 ","257,001,651 ",94.5 
200,202106,堡林堡开矫,堡魂备,啊肺殿,"12,928 ","1,895,191 ","225,747,446 ",119.1 
201,202106,堡林堡开矫,堡魂备,背腊侩,169 ,"3,684,248 ","437,388,301 ",118.7 
202,202106,堡林堡开矫,堡魂备,丑荤侩,"6,202 ","2,510,179 ","127,810,740 ",50.9 
203,202106,堡林堡开矫,堡魂备,魂诀侩,"3,252 ","177,151,050 ","21,409,855,275 ",120.9 
204,202106,堡林堡开矫,堡魂备,缴 具,"1,291 ","780,453 ","44,567,441 ",57.1 
205,202106,堡林堡开矫,堡魂备,老馆侩,"23,988 ","61,788,726 ","7,796,667,465 ",126.2 
206,202106,堡林堡开矫,堡魂备,林琶侩,"85,885 ","48,017,851 ","4,751,784,443 ",99 
207,202106,堡林堡开矫,堡魂备,钦拌,"133,715 ","295,827,698 ","34,793,821,111 ",117.6 
208,202106,堡林堡开矫,巢备,啊肺殿,"8,719 ","916,056 ","107,894,097 ",117.8 
218,202106,堡林堡开矫,悼备,丑荤侩,358 ,"69,173 ","3,841,349 ",55.5 
209,202106,堡林堡开矫,巢备,背腊侩,104 ,"2,242,022 ","271,746,297 ",121.2 
210,202106,堡林堡开矫,巢备,丑荤侩,"2,399 ","731,158 ","35,019,585 ",47.9 
211,202106,堡林堡开矫,巢备,魂诀侩,469 ,"2,839,396 ","386,499,390 ",136.1 
212,202106,堡林堡开矫,巢备,缴 具,"1,072 ","323,910 ","17,150,925 ",52.9 
213,202106,堡林堡开矫,巢备,老馆侩,"11,792 ","24,630,986 ","3,338,886,414 ",135.6 
214,202106,堡林堡开矫,巢备,林琶侩,"56,742 ","25,466,870 ","2,607,415,449 ",102.4 
215,202106,堡林堡开矫,巢备,钦拌,"81,297 ","57,150,398 ","6,764,612,157 ",118.4 
216,202106,堡林堡开矫,悼备,啊肺殿,"5,542 ","773,739 ","84,833,437 ",109.6 
268,202107,堡林堡开矫,合备,老馆侩,"27,673 ","66,846,417 ","9,428,677,098 ",141 
267,202107,堡林堡开矫,合备,缴 具,"1,523 ","1,010,607 ","69,124,020 ",68.4 
266,202107,堡林堡开矫,合备,魂诀侩,"1,612 ","68,061,947 ","8,067,346,796 ",118.5 
264,202107,堡林堡开矫,合备,背腊侩,192 ,"13,473,177 ","1,462,173,282 ",108.5 
263,202107,堡林堡开矫,合备,啊肺殿,"12,445 ","1,273,830 ","151,285,381 ",118.8 
262,202107,堡林堡开矫,悼备,钦拌,"61,108 ","56,422,457 ","7,280,954,035 ",129 
269,202107,堡林堡开矫,合备,林琶侩,"125,876 ","58,754,741 ","5,823,345,923 ",99.1 
265,202107,堡林堡开矫,合备,丑荤侩,"2,120 ","1,533,318 ","71,119,669 ",46.4 
270,202107,堡林堡开矫,合备,钦拌,"171,441 ","210,954,037 ","25,073,072,169 ",118.9 
274,202107,堡林堡开矫,辑备,魂诀侩,683 ,"28,955,406 ","3,640,233,998 ",125.7 
272,202107,堡林堡开矫,辑备,背腊侩,106 ,"2,135,316 ","249,181,665 ",116.7 
273,202107,堡林堡开矫,辑备,丑荤侩,"1,083 ","371,953 ","19,753,002 ",53.1 
261,202107,堡林堡开矫,悼备,林琶侩,"42,380 ","15,531,997 ","1,615,122,866 ",104 
275,202107,堡林堡开矫,辑备,缴 具,756 ,"1,111,963 ","80,621,517 ",72.5 
276,202107,堡林堡开矫,辑备,老馆侩,"19,790 ","70,265,342 ","9,973,555,261 ",141.9 
277,202107,堡林堡开矫,辑备,林琶侩,"76,556 ","38,493,779 ","3,840,966,378 ",99.8 
278,202107,堡林堡开矫,辑备,钦拌,"107,655 ","142,110,298 ","17,901,397,077 ",126 
271,202107,堡林堡开矫,辑备,啊肺殿,"8,681 ","776,539 ","97,085,256 ",125 
260,202107,堡林堡开矫,悼备,老馆侩,"11,486 ","33,429,183 ","4,815,853,317 ",144.1 
259,202107,堡林堡开矫,悼备,缴 具,916 ,"503,938 ","29,157,690 ",57.9 
245,202107,堡林堡开矫,堡魂备,林琶侩,"86,074 ","53,007,515 ","5,357,711,010 ",101.1 
239,202107,堡林堡开矫,堡魂备,啊肺殿,"12,977 ","1,830,508 ","219,025,075 ",119.7 
240,202107,堡林堡开矫,堡魂备,背腊侩,169 ,"4,939,928 ","582,141,820 ",117.8 
241,202107,堡林堡开矫,堡魂备,丑荤侩,"6,224 ","2,745,292 ","137,179,163 ",50 
242,202107,堡林堡开矫,堡魂备,魂诀侩,"3,258 ","180,948,376 ","23,053,367,097 ",127.4 
243,202107,堡林堡开矫,堡魂备,缴 具,"1,287 ","744,851 ","44,328,523 ",59.5 
244,202107,堡林堡开矫,堡魂备,老馆侩,"24,072 ","72,031,208 ","10,041,778,342 ",139.4 
258,202107,堡林堡开矫,悼备,魂诀侩,426 ,"2,975,447 ","388,315,553 ",130.5 
246,202107,堡林堡开矫,堡魂备,钦拌,"134,061 ","316,247,678 ","39,435,531,030 ",124.7 
247,202107,堡林堡开矫,巢备,啊肺殿,"8,727 ","899,271 ","105,457,961 ",117.3 
248,202107,堡林堡开矫,巢备,背腊侩,104 ,"2,895,440 ","350,399,232 ",121 
250,202107,堡林堡开矫,巢备,魂诀侩,467 ,"3,014,872 ","424,411,502 ",140.8 
251,202107,堡林堡开矫,巢备,缴 具,"1,065 ","247,402 ","13,579,675 ",54.9 
252,202107,堡林堡开矫,巢备,老馆侩,"11,803 ","28,438,303 ","4,052,901,010 ",142.5 
253,202107,堡林堡开矫,巢备,林琶侩,"56,796 ","28,993,083 ","2,970,041,947 ",102.4 
254,202107,堡林堡开矫,巢备,钦拌,"81,374 ","65,211,147 ","7,952,514,482 ",122 
255,202107,堡林堡开矫,悼备,啊肺殿,"5,485 ","753,821 ","83,119,727 ",110.3 
256,202107,堡林堡开矫,悼备,背腊侩,57 ,"3,149,856 ","345,197,758 ",109.6 
257,202107,堡林堡开矫,悼备,丑荤侩,358 ,"78,215 ","4,187,124 ",53.5 
249,202107,堡林堡开矫,巢备,丑荤侩,"2,412 ","722,776 ","35,723,155 ",49.4 
307,202108,堡林堡开矫,合备,缴 具,"1,499 ","1,009,612 ","69,459,898 ",68.8 
308,202108,堡林堡开矫,合备,老馆侩,"27,728 ","76,264,261 ","10,453,769,557 ",137.1 
306,202108,堡林堡开矫,合备,魂诀侩,"1,611 ","68,916,943 ","8,031,477,795 ",116.5 
309,202108,堡林堡开矫,合备,林琶侩,"125,799 ","74,015,656 ","8,103,136,192 ",109.5 
304,202108,堡林堡开矫,合备,背腊侩,193 ,"12,661,704 ","1,390,577,759 ",109.8 
303,202108,堡林堡开矫,合备,啊肺殿,"12,449 ","1,399,944 ","159,747,139 ",114.1 
302,202108,堡林堡开矫,悼备,钦拌,"61,075 ","64,458,085 ","8,233,152,860 ",127.7 
305,202108,堡林堡开矫,合备,丑荤侩,"2,123 ","2,118,324 ","95,670,432 ",45.2 
310,202108,堡林堡开矫,合备,钦拌,"171,402 ","236,386,444 ","28,303,838,772 ",119.7 
284,202108,堡林堡开矫,堡魂备,老馆侩,"24,108 ","82,532,069 ","11,173,435,924 ",135.4 
312,202108,堡林堡开矫,辑备,背腊侩,105 ,"1,659,459 ","224,630,849 ",135.4 
313,202108,堡林堡开矫,辑备,丑荤侩,"1,091 ","720,982 ","29,191,749 ",40.5 
314,202108,堡林堡开矫,辑备,魂诀侩,682 ,"27,005,181 ","3,327,141,555 ",123.2 
315,202108,堡林堡开矫,辑备,缴 具,754 ,"1,123,528 ","82,184,054 ",73.1 
316,202108,堡林堡开矫,辑备,老馆侩,"19,920 ","80,431,264 ","10,940,942,938 ",136 
317,202108,堡林堡开矫,辑备,林琶侩,"76,539 ","54,264,910 ","6,180,274,956 ",113.9 
318,202108,堡林堡开矫,辑备,钦拌,"107,786 ","166,027,095 ","20,883,932,186 ",125.8 
301,202108,堡林堡开矫,悼备,林琶侩,"42,346 ","19,009,930 ","2,121,925,827 ",111.6 
311,202108,堡林堡开矫,辑备,啊肺殿,"8,695 ","821,771 ","99,566,085 ",121.2 
300,202108,堡林堡开矫,悼备,老馆侩,"11,486 ","37,613,661 ","5,225,649,224 ",138.9 
279,202108,堡林堡开矫,堡魂备,啊肺殿,"12,994 ","1,957,607 ","227,472,124 ",116.2 
298,202108,堡林堡开矫,悼备,魂诀侩,423 ,"3,080,691 ","399,228,339 ",129.6 
299,202108,堡林堡开矫,悼备,缴 具,914 ,"442,804 ","25,305,924 ",57.1 
280,202108,堡林堡开矫,堡魂备,背腊侩,169 ,"4,224,469 ","556,996,104 ",131.8 
281,202108,堡林堡开矫,堡魂备,丑荤侩,"6,247 ","3,763,868 ","176,794,844 ",47 
282,202108,堡林堡开矫,堡魂备,魂诀侩,"3,263 ","165,784,333 ","21,262,832,671 ",128.3 
283,202108,堡林堡开矫,堡魂备,缴 具,"1,284 ","668,104 ","41,423,146 ",62 
286,202108,堡林堡开矫,堡魂备,钦拌,"134,323 ","333,060,019 ","41,996,448,096 ",126.1 
287,202108,堡林堡开矫,巢备,啊肺殿,"8,728 ","970,996 ","109,824,240 ",113.1 
288,202108,堡林堡开矫,巢备,背腊侩,104 ,"2,296,655 ","310,054,518 ",135 
285,202108,堡林堡开矫,堡魂备,林琶侩,"86,258 ","74,129,569 ","8,557,493,283 ",115.4 
290,202108,堡林堡开矫,巢备,魂诀侩,467 ,"3,240,837 ","442,719,015 ",136.6 
291,202108,堡林堡开矫,巢备,缴 具,"1,061 ","217,092 ","12,310,901 ",56.7 
292,202108,堡林堡开矫,巢备,老馆侩,"11,824 ","31,832,186 ","4,412,291,556 ",138.6 
293,202108,堡林堡开矫,巢备,林琶侩,"56,711 ","37,092,512 ","4,226,889,890 ",114 
294,202108,堡林堡开矫,巢备,钦拌,"81,318 ","76,589,439 ","9,558,121,615 ",124.8 
295,202108,堡林堡开矫,悼备,啊肺殿,"5,488 ","801,965 ","86,208,131 ",107.5 
296,202108,堡林堡开矫,悼备,背腊侩,57 ,"3,397,281 ","369,244,753 ",108.7 
289,202108,堡林堡开矫,巢备,丑荤侩,"2,423 ","939,161 ","44,031,495 ",46.9 
297,202108,堡林堡开矫,悼备,丑荤侩,361 ,"111,753 ","5,590,662 ",50 
346,202109,堡林堡开矫,合备,魂诀侩,"1,617 ","64,254,994 ","6,134,601,504 ",95.5 
345,202109,堡林堡开矫,合备,丑荤侩,"2,129 ","1,573,013 ","74,333,798 ",47.3 
344,202109,堡林堡开矫,合备,背腊侩,193 ,"12,281,341 ","1,122,521,760 ",91.4 
340,202109,堡林堡开矫,悼备,老馆侩,"11,501 ","32,382,040 ","3,981,473,616 ",123 
342,202109,堡林堡开矫,悼备,钦拌,"61,158 ","54,922,110 ","6,262,956,891 ",114 
341,202109,堡林堡开矫,悼备,林琶侩,"42,318 ","15,262,755 ","1,547,821,147 ",101.4 
347,202109,堡林堡开矫,合备,缴 具,"1,491 ","862,112 ","60,146,271 ",69.8 
343,202109,堡林堡开矫,合备,啊肺殿,"12,472 ","1,495,703 ","165,875,640 ",110.9 
348,202109,堡林堡开矫,合备,老馆侩,"27,714 ","66,309,339 ","8,092,884,385 ",122 
357,202109,堡林堡开矫,辑备,林琶侩,"76,589 ","44,686,055 ","4,596,453,144 ",102.9 
350,202109,堡林堡开矫,合备,钦拌,"171,530 ","204,793,712 ","21,443,774,515 ",104.7 
351,202109,堡林堡开矫,辑备,啊肺殿,"8,697 ","879,944 ","103,150,538 ",117.2 
352,202109,堡林堡开矫,辑备,背腊侩,105 ,"2,044,289 ","245,351,862 ",120 
353,202109,堡林堡开矫,辑备,丑荤侩,"1,092 ","547,691 ","26,215,667 ",47.9 
354,202109,堡林堡开矫,辑备,魂诀侩,683 ,"24,032,345 ","2,408,281,206 ",100.2 
355,202109,堡林堡开矫,辑备,缴 具,752 ,"979,752 ","71,382,603 ",72.9 
356,202109,堡林堡开矫,辑备,老馆侩,"19,951 ","71,260,680 ","9,001,482,407 ",126.3 
339,202109,堡林堡开矫,悼备,缴 具,910 ,"374,494 ","19,958,247 ",53.3 
349,202109,堡林堡开矫,合备,林琶侩,"125,914 ","58,017,210 ","5,793,411,157 ",99.9 
358,202109,堡林堡开矫,辑备,钦拌,"107,869 ","144,430,756 ","16,452,317,427 ",113.9 
338,202109,堡林堡开矫,悼备,魂诀侩,423 ,"2,804,944 ","312,412,348 ",111.4 
336,202109,堡林堡开矫,悼备,背腊侩,57 ,"3,212,018 ","315,729,863 ",98.3 
319,202109,堡林堡开矫,堡魂备,啊肺殿,"13,009 ","2,062,215 ","234,398,398 ",113.7 
320,202109,堡林堡开矫,堡魂备,背腊侩,169 ,"4,807,941 ","554,099,054 ",115.2 
321,202109,堡林堡开矫,堡魂备,丑荤侩,"6,253 ","3,418,214 ","164,745,759 ",48.2 
322,202109,堡林堡开矫,堡魂备,魂诀侩,"3,270 ","166,632,367 ","17,966,620,079 ",107.8 
323,202109,堡林堡开矫,堡魂备,缴 具,"1,276 ","608,849 ","36,077,668 ",59.3 
324,202109,堡林堡开矫,堡魂备,老馆侩,"24,258 ","72,747,411 ","8,979,604,508 ",123.4 
325,202109,堡林堡开矫,堡魂备,林琶侩,"86,324 ","61,973,742 ","6,535,725,065 ",105.5 
326,202109,堡林堡开矫,堡魂备,钦拌,"134,559 ","312,250,739 ","34,471,270,531 ",110.4 
337,202109,堡林堡开矫,悼备,丑荤侩,361 ,"150,312 ","7,004,362 ",46.6 
328,202109,堡林堡开矫,巢备,背腊侩,104 ,"2,858,871 ","323,596,024 ",113.2 
329,202109,堡林堡开矫,巢备,丑荤侩,"2,426 ","715,448 ","36,902,492 ",51.6 
330,202109,堡林堡开矫,巢备,魂诀侩,468 ,"3,179,912 ","404,787,020 ",127.3 
331,202109,堡林堡开矫,巢备,缴 具,"1,059 ","243,675 ","13,645,390 ",56 
332,202109,堡林堡开矫,巢备,老馆侩,"11,886 ","27,363,291 ","3,307,751,795 ",120.9 
333,202109,堡林堡开矫,巢备,林琶侩,"56,692 ","30,007,440 ","3,182,470,417 ",106.1 
334,202109,堡林堡开矫,巢备,钦拌,"81,366 ","65,360,784 ","7,379,207,788 ",112.9 
335,202109,堡林堡开矫,悼备,啊肺殿,"5,588 ","735,547 ","78,557,308 ",106.8 
327,202109,堡林堡开矫,巢备,啊肺殿,"8,731 ","992,147 ","110,054,650 ",110.9 
386,202110,堡林堡开矫,合备,魂诀侩,"1,617 ","61,170,253 ","5,717,907,907 ",93.5 
385,202110,堡林堡开矫,合备,丑荤侩,"2,140 ","1,203,069 ","63,683,053 ",52.9 
381,202110,堡林堡开矫,悼备,林琶侩,"42,401 ","13,488,360 ","1,422,984,074 ",105.5 
383,202110,堡林堡开矫,合备,啊肺殿,"12,502 ","1,609,476 ","175,943,421 ",109.3 
382,202110,堡林堡开矫,悼备,钦拌,"61,098 ","48,850,696 ","5,328,614,066 ",109.1 
387,202110,堡林堡开矫,合备,缴 具,"1,488 ","829,704 ","60,979,727 ",73.5 
384,202110,堡林堡开矫,合备,背腊侩,193 ,"10,976,341 ","954,479,227 ",87 
388,202110,堡林堡开矫,合备,老馆侩,"27,758 ","57,799,501 ","6,455,808,063 ",111.7 
393,202110,堡林堡开矫,辑备,丑荤侩,"1,095 ","424,467 ","22,841,542 ",53.8 
390,202110,堡林堡开矫,合备,钦拌,"171,606 ","184,299,724 ","18,624,634,522 ",101.1 
391,202110,堡林堡开矫,辑备,啊肺殿,"8,718 ","968,059 ","110,790,377 ",114.4 
392,202110,堡林堡开矫,辑备,背腊侩,105 ,"1,683,468 ","176,006,586 ",104.6 
394,202110,堡林堡开矫,辑备,魂诀侩,682 ,"26,469,766 ","2,582,078,275 ",97.5 
395,202110,堡林堡开矫,辑备,缴 具,749 ,"819,833 ","65,154,525 ",79.5 
396,202110,堡林堡开矫,辑备,老馆侩,"19,934 ","62,174,690 ","6,910,117,035 ",111.1 
397,202110,堡林堡开矫,辑备,林琶侩,"76,700 ","36,460,122 ","3,839,191,423 ",105.3 
380,202110,堡林堡开矫,悼备,老馆侩,"11,499 ","28,562,133 ","3,257,599,963 ",114.1 
389,202110,堡林堡开矫,合备,林琶侩,"125,908 ","50,711,380 ","5,195,833,124 ",102.5 
379,202110,堡林堡开矫,悼备,缴 具,907 ,"348,522 ","19,890,104 ",57.1 
398,202110,堡林堡开矫,辑备,钦拌,"107,983 ","129,000,405 ","13,706,179,763 ",106.2 
377,202110,堡林堡开矫,悼备,丑荤侩,361 ,"100,428 ","5,428,535 ",54.1 
359,202110,堡林堡开矫,堡魂备,啊肺殿,"12,977 ","2,245,993 ","251,718,471 ",112.1 
360,202110,堡林堡开矫,堡魂备,背腊侩,169 ,"4,232,017 ","422,108,030 ",99.7 
361,202110,堡林堡开矫,堡魂备,丑荤侩,"6,278 ","2,769,031 ","147,877,489 ",53.4 
362,202110,堡林堡开矫,堡魂备,魂诀侩,"3,277 ","163,508,927 ","16,675,269,711 ",102 
363,202110,堡林堡开矫,堡魂备,缴 具,"1,274 ","494,715 ","30,961,034 ",62.6 
364,202110,堡林堡开矫,堡魂备,老馆侩,"24,315 ","63,829,120 ","6,994,778,629 ",109.6 
365,202110,堡林堡开矫,堡魂备,林琶侩,"86,435 ","49,455,783 ","5,189,567,674 ",104.9 
366,202110,堡林堡开矫,堡魂备,钦拌,"134,725 ","286,535,586 ","29,712,281,038 ",103.7 
367,202110,堡林堡开矫,巢备,啊肺殿,"8,752 ","1,051,371 ","114,870,423 ",109.3 
378,202110,堡林堡开矫,悼备,魂诀侩,424 ,"2,694,501 ","296,411,716 ",110 
369,202110,堡林堡开矫,巢备,丑荤侩,"2,437 ","640,871 ","36,780,630 ",57.4 
370,202110,堡林堡开矫,巢备,魂诀侩,469 ,"2,900,781 ","349,048,314 ",120.3 
371,202110,堡林堡开矫,巢备,缴 具,"1,057 ","389,082 ","21,667,701 ",55.7 
372,202110,堡林堡开矫,巢备,老馆侩,"11,909 ","23,987,460 ","2,733,717,016 ",114 
373,202110,堡林堡开矫,巢备,林琶侩,"56,630 ","25,686,027 ","2,754,320,980 ",107.2 
374,202110,堡林堡开矫,巢备,钦拌,"81,358 ","56,917,327 ","6,246,068,457 ",109.7 
375,202110,堡林堡开矫,悼备,啊肺殿,"5,447 ","807,625 ","86,163,552 ",106.7 
376,202110,堡林堡开矫,悼备,背腊侩,59 ,"2,849,127 ","240,136,122 ",84.3 
368,202110,堡林堡开矫,巢备,背腊侩,104 ,"2,261,735 ","235,663,393 ",104.2 
426,202111,堡林堡开矫,合备,魂诀侩,"1,613 ","59,130,103 ","6,983,812,650 ",118.1 
425,202111,堡林堡开矫,合备,丑荤侩,"2,840 ","1,794,297 ","81,800,218 ",45.6 
424,202111,堡林堡开矫,合备,背腊侩,193 ,"11,025,618 ","1,157,063,460 ",104.9 
420,202111,堡林堡开矫,悼备,老馆侩,"11,498 ","26,865,120 ","3,577,761,675 ",133.2 
422,202111,堡林堡开矫,悼备,钦拌,"61,156 ","47,881,631 ","5,790,847,872 ",120.9 
421,202111,堡林堡开矫,悼备,林琶侩,"42,435 ","13,849,282 ","1,459,509,430 ",105.4 
427,202111,堡林堡开矫,合备,缴 具,"1,482 ","1,844,583 ","130,414,076 ",70.7 
423,202111,堡林堡开矫,合备,啊肺殿,"12,520 ","1,739,025 ","186,531,619 ",107.3 
428,202111,堡林堡开矫,合备,老馆侩,"27,818 ","55,255,082 ","7,083,362,966 ",128.2 
432,202111,堡林堡开矫,辑备,背腊侩,105 ,"1,604,890 ","179,995,187 ",112.2 
430,202111,堡林堡开矫,合备,钦拌,"172,504 ","181,868,922 ","20,901,467,275 ",114.9 
431,202111,堡林堡开矫,辑备,啊肺殿,"8,724 ","1,078,211 ","119,892,418 ",111.2 
433,202111,堡林堡开矫,辑备,丑荤侩,"1,629 ","802,694 ","31,051,061 ",38.7 
434,202111,堡林堡开矫,辑备,魂诀侩,682 ,"23,571,353 ","3,044,683,442 ",129.2 
435,202111,堡林堡开矫,辑备,缴 具,746 ,"1,008,045 ","70,797,300 ",70.2 
436,202111,堡林堡开矫,辑备,老馆侩,"19,967 ","58,497,630 ","7,344,339,842 ",125.5 
437,202111,堡林堡开矫,辑备,林琶侩,"76,742 ","35,595,075 ","3,724,631,867 ",104.6 
419,202111,堡林堡开矫,悼备,缴 具,903 ,"701,584 ","45,624,210 ",65 
429,202111,堡林堡开矫,合备,林琶侩,"126,038 ","51,080,214 ","5,278,482,286 ",103.3 
438,202111,堡林堡开矫,辑备,钦拌,"108,595 ","122,157,898 ","14,515,391,117 ",118.8 
418,202111,堡林堡开矫,悼备,魂诀侩,427 ,"2,658,458 ","350,838,404 ",132 
416,202111,堡林堡开矫,悼备,背腊侩,59 ,"2,847,110 ","262,600,146 ",92.2 
417,202111,堡林堡开矫,悼备,丑荤侩,386 ,"112,542 ","5,626,770 ",50 
399,202111,堡林堡开矫,堡魂备,啊肺殿,"13,001 ","2,479,247 ","274,166,118 ",110.6 
400,202111,堡林堡开矫,堡魂备,背腊侩,170 ,"4,383,220 ","475,855,896 ",108.6 
401,202111,堡林堡开矫,堡魂备,丑荤侩,"8,393 ","4,523,369 ","202,376,112 ",44.7 
402,202111,堡林堡开矫,堡魂备,魂诀侩,"3,295 ","178,768,537 ","21,470,916,037 ",120.1 
404,202111,堡林堡开矫,堡魂备,老馆侩,"24,425 ","59,854,682 ","7,508,569,463 ",125.4 
405,202111,堡林堡开矫,堡魂备,林琶侩,"86,601 ","48,864,025 ","5,113,945,453 ",104.7 
406,202111,堡林堡开矫,堡魂备,钦拌,"137,153 ","299,905,074 ","35,108,058,423 ",117.1 
403,202111,堡林堡开矫,堡魂备,缴 具,"1,268 ","1,031,994 ","62,229,344 ",60.3 
408,202111,堡林堡开矫,巢备,背腊侩,103 ,"2,516,148 ","280,167,382 ",111.3 
407,202111,堡林堡开矫,巢备,啊肺殿,"8,765 ","1,123,955 ","120,253,799 ",107 
414,202111,堡林堡开矫,巢备,钦拌,"82,563 ","59,000,095 ","6,914,760,399 ",117.2 
413,202111,堡林堡开矫,巢备,林琶侩,"56,688 ","26,285,864 ","2,858,614,568 ",108.8 
412,202111,堡林堡开矫,巢备,老馆侩,"11,921 ","23,549,022 ","3,119,934,954 ",132.5 
415,202111,堡林堡开矫,悼备,啊肺殿,"5,448 ","847,535 ","88,887,237 ",104.9 
410,202111,堡林堡开矫,巢备,魂诀侩,467 ,"3,048,052 ","399,832,172 ",131.2 
409,202111,堡林堡开矫,巢备,丑荤侩,"3,564 ","1,218,877 ","50,070,996 ",41.1 
411,202111,堡林堡开矫,巢备,缴 具,"1,055 ","1,258,177 ","85,886,528 ",68.3 
466,202112,堡林堡开矫,合备,魂诀侩,"1,617 ","60,786,838 ","7,292,223,305 ",120 
460,202112,堡林堡开矫,悼备,老馆侩,"11,549 ","30,767,193 ","4,268,879,926 ",138.7 
461,202112,堡林堡开矫,悼备,林琶侩,"42,403 ","14,309,914 ","1,577,991,448 ",110.3 
462,202112,堡林堡开矫,悼备,钦拌,"61,163 ","53,855,551 ","6,792,117,659 ",126.1 
463,202112,堡林堡开矫,合备,啊肺殿,"12,536 ","1,788,323 ","188,318,816 ",105.3 
464,202112,堡林堡开矫,合备,背腊侩,193 ,"14,421,655 ","1,465,463,924 ",101.6 
465,202112,堡林堡开矫,合备,丑荤侩,"2,146 ","2,013,469 ","98,913,184 ",49.1 
467,202112,堡林堡开矫,合备,缴 具,"1,465 ","2,900,578 ","224,167,009 ",77.3 
459,202112,堡林堡开矫,悼备,缴 具,900 ,"1,130,450 ","85,252,128 ",75.4 
469,202112,堡林堡开矫,合备,林琶侩,"126,067 ","53,661,933 ","5,721,297,116 ",106.6 
470,202112,堡林堡开矫,合备,钦拌,"171,940 ","196,925,994 ","23,404,427,494 ",118.8 
471,202112,堡林堡开矫,辑备,啊肺殿,"8,717 ","1,159,631 ","125,632,553 ",108.3 
472,202112,堡林堡开矫,辑备,背腊侩,105 ,"2,355,327 ","255,527,580 ",108.5 
473,202112,堡林堡开矫,辑备,丑荤侩,"1,100 ","478,466 ","23,846,401 ",49.8 
474,202112,堡林堡开矫,辑备,魂诀侩,682 ,"27,488,272 ","3,431,216,502 ",124.8 
475,202112,堡林堡开矫,辑备,缴 具,740 ,"1,485,977 ","114,715,191 ",77.2 
476,202112,堡林堡开矫,辑备,老馆侩,"20,012 ","64,050,824 ","8,849,702,280 ",138.2 
468,202112,堡林堡开矫,合备,老馆侩,"27,916 ","61,353,198 ","8,414,044,140 ",137.1 
458,202112,堡林堡开矫,悼备,魂诀侩,428 ,"3,074,327 ","398,024,796 ",129.5 
477,202112,堡林堡开矫,辑备,林琶侩,"76,728 ","36,353,318 ","3,854,905,776 ",106 
456,202112,堡林堡开矫,悼备,背腊侩,59 ,"3,617,998 ","368,550,327 ",101.9 
439,202112,堡林堡开矫,堡魂备,啊肺殿,"13,020 ","2,613,975 ","283,312,538 ",108.4 
440,202112,堡林堡开矫,堡魂备,背腊侩,170 ,"6,006,802 ","645,590,708 ",107.5 
441,202112,堡林堡开矫,堡魂备,丑荤侩,"6,355 ","4,705,696 ","231,039,936 ",49.1 
442,202112,堡林堡开矫,堡魂备,魂诀侩,"3,290 ","182,339,770 ","22,856,967,060 ",125.4 
443,202112,堡林堡开矫,堡魂备,缴 具,"1,264 ","2,136,999 ","155,300,881 ",72.7 
444,202112,堡林堡开矫,堡魂备,老馆侩,"24,543 ","65,482,168 ","8,942,344,743 ",136.6 
445,202112,堡林堡开矫,堡魂备,林琶侩,"86,872 ","49,590,864 ","5,256,492,235 ",106 
446,202112,堡林堡开矫,堡魂备,钦拌,"135,514 ","312,876,274 ","38,371,048,101 ",122.6 
457,202112,堡林堡开矫,悼备,丑荤侩,366 ,"117,691 ","6,454,309 ",54.8 
448,202112,堡林堡开矫,巢备,背腊侩,103 ,"3,467,499 ","374,907,556 ",108.1 
449,202112,堡林堡开矫,巢备,丑荤侩,"2,426 ","956,589 ","50,772,861 ",53.1 
450,202112,堡林堡开矫,巢备,魂诀侩,470 ,"3,348,844 ","474,915,258 ",141.8 
451,202112,堡林堡开矫,巢备,缴 具,"1,050 ","1,918,451 ","139,249,325 ",72.6 
452,202112,堡林堡开矫,巢备,老馆侩,"11,984 ","26,381,684 ","3,643,715,547 ",138.1 
453,202112,堡林堡开矫,巢备,林琶侩,"56,606 ","27,177,488 ","3,007,856,768 ",110.7 
454,202112,堡林堡开矫,巢备,钦拌,"81,405 ","64,384,798 ","7,810,773,764 ",121.3 
455,202112,堡林堡开矫,悼备,啊肺殿,"5,458 ","837,978 ","86,964,725 ",103.8 
447,202112,堡林堡开矫,巢备,啊肺殿,"8,766 ","1,134,243 ","119,356,449 ",105.2 
506,202201,堡林堡开矫,合备,缴 具,"1,459 ","3,667,243 ","281,505,136 ",76.8 
505,202201,堡林堡开矫,合备,魂诀侩,"1,617 ","61,042,366 ","7,197,395,470 ",117.9 
501,202201,堡林堡开矫,悼备,钦拌,"61,218 ","60,822,131 ","7,550,309,629 ",124.1 
503,202201,堡林堡开矫,合备,背腊侩,193 ,"15,312,383 ","1,518,382,968 ",99.2 
502,202201,堡林堡开矫,合备,啊肺殿,"12,567 ","1,827,598 ","193,218,551 ",105.7 
507,202201,堡林堡开矫,合备,老馆侩,"27,947 ","71,266,862 ","9,341,902,509 ",131.1 
504,202201,堡林堡开矫,合备,丑荤侩,"2,150 ","2,654,096 ","125,699,012 ",47.4 
508,202201,堡林堡开矫,合备,林琶侩,"126,185 ","57,965,336 ","6,548,504,168 ",113 
513,202201,堡林堡开矫,辑备,魂诀侩,682 ,"26,982,772 ","3,318,100,717 ",123 
510,202201,堡林堡开矫,辑备,啊肺殿,"8,723 ","1,229,769 ","132,852,816 ",108 
511,202201,堡林堡开矫,辑备,背腊侩,105 ,"2,791,548 ","293,157,677 ",105 
512,202201,堡林堡开矫,辑备,丑荤侩,"1,094 ","536,877 ","27,588,496 ",51.4 
514,202201,堡林堡开矫,辑备,缴 具,739 ,"1,906,425 ","146,355,823 ",76.8 
515,202201,堡林堡开矫,辑备,老馆侩,"20,082 ","73,907,051 ","9,790,803,317 ",132.5 
516,202201,堡林堡开矫,辑备,林琶侩,"76,702 ","39,825,334 ","4,503,990,390 ",113.1 
517,202201,堡林堡开矫,辑备,钦拌,"108,127 ","147,179,776 ","18,212,849,236 ",123.7 
500,202201,堡林堡开矫,悼备,林琶侩,"42,421 ","15,798,183 ","1,867,922,024 ",118.2 
509,202201,堡林堡开矫,合备,钦拌,"172,118 ","213,735,884 ","25,206,607,814 ",117.9 
499,202201,堡林堡开矫,悼备,老馆侩,"11,577 ","35,175,736 ","4,667,527,763 ",132.7 
498,202201,堡林堡开矫,悼备,缴 具,899 ,"1,503,993 ","113,218,764 ",75.3 
478,202201,堡林堡开矫,堡魂备,啊肺殿,"13,048 ","2,701,664 ","295,208,292 ",109.3 
497,202201,堡林堡开矫,悼备,魂诀侩,425 ,"3,340,624 ","415,770,434 ",124.5 
479,202201,堡林堡开矫,堡魂备,背腊侩,170 ,"6,862,868 ","710,854,412 ",103.6 
480,202201,堡林堡开矫,堡魂备,丑荤侩,"6,370 ","6,459,733 ","302,574,365 ",46.8 
481,202201,堡林堡开矫,堡魂备,魂诀侩,"3,311 ","183,027,209 ","22,721,180,043 ",124.1 
482,202201,堡林堡开矫,堡魂备,缴 具,"1,261 ","2,765,486 ","200,414,295 ",72.5 
484,202201,堡林堡开矫,堡魂备,林琶侩,"87,003 ","54,307,677 ","6,108,399,029 ",112.5 
485,202201,堡林堡开矫,堡魂备,钦拌,"135,839 ","331,235,848 ","40,179,347,077 ",121.3 
486,202201,堡林堡开矫,巢备,啊肺殿,"8,775 ","1,162,161 ","122,855,550 ",105.7 
487,202201,堡林堡开矫,巢备,背腊侩,103 ,"3,914,402 ","409,052,596 ",104.5 
483,202201,堡林堡开矫,堡魂备,老馆侩,"24,676 ","75,111,211 ","9,840,716,641 ",131 
489,202201,堡林堡开矫,巢备,魂诀侩,470 ,"3,845,966 ","519,187,981 ",135 
488,202201,堡林堡开矫,巢备,丑荤侩,"2,424 ","1,291,574 ","64,381,718 ",49.8 
495,202201,堡林堡开矫,悼备,背腊侩,59 ,"3,990,595 ","389,078,997 ",97.5 
494,202201,堡林堡开矫,悼备,啊肺殿,"5,471 ","849,941 ","88,517,556 ",104.1 
493,202201,堡林堡开矫,巢备,钦拌,"81,407 ","72,909,207 ","8,844,074,669 ",121.3 
496,202201,堡林堡开矫,悼备,丑荤侩,366 ,"163,059 ","8,274,091 ",50.7 
491,202201,堡林堡开矫,巢备,老馆侩,"12,010 ","30,547,507 ","4,039,487,114 ",132.2 
490,202201,堡林堡开矫,巢备,缴 具,"1,049 ","2,287,030 ","164,443,408 ",71.9 
492,202201,堡林堡开矫,巢备,林琶侩,"56,576 ","29,860,567 ","3,524,666,302 ",118 
547,202202,堡林堡开矫,合备,老馆侩,"27,978 ","69,323,324 ","9,130,690,803 ",131.7 
540,202202,堡林堡开矫,悼备,林琶侩,"42,412 ","15,320,399 ","1,776,505,972 ",116 
541,202202,堡林堡开矫,悼备,钦拌,"61,230 ","58,256,334 ","7,245,476,584 ",124.4 
542,202202,堡林堡开矫,合备,啊肺殿,"12,599 ","1,707,949 ","187,990,768 ",110.1 
543,202202,堡林堡开矫,合备,背腊侩,193 ,"12,695,308 ","1,304,703,481 ",102.8 
544,202202,堡林堡开矫,合备,丑荤侩,"2,150 ","2,383,150 ","114,433,697 ",48 
545,202202,堡林堡开矫,合备,魂诀侩,"1,616 ","56,611,627 ","6,787,613,022 ",119.9 
546,202202,堡林堡开矫,合备,缴 具,"1,441 ","3,592,500 ","275,194,691 ",76.6 
548,202202,堡林堡开矫,合备,林琶侩,"126,106 ","57,237,193 ","6,414,998,981 ",112.1 
539,202202,堡林堡开矫,悼备,老馆侩,"11,596 ","33,960,749 ","4,537,867,533 ",133.6 
550,202202,堡林堡开矫,辑备,啊肺殿,"8,741 ","1,133,916 ","128,349,754 ",113.2 
551,202202,堡林堡开矫,辑备,背腊侩,105 ,"1,868,664 ","212,875,130 ",113.9 
552,202202,堡林堡开矫,辑备,丑荤侩,"1,092 ","590,700 ","29,764,609 ",50.4 
553,202202,堡林堡开矫,辑备,魂诀侩,683 ,"24,230,134 ","3,034,567,940 ",125.2 
554,202202,堡林堡开矫,辑备,缴 具,736 ,"1,976,695 ","151,447,327 ",76.6 
555,202202,堡林堡开矫,辑备,老馆侩,"20,106 ","72,205,123 ","9,561,031,782 ",132.4 
556,202202,堡林堡开矫,辑备,林琶侩,"76,716 ","40,638,984 ","4,650,071,503 ",114.4 
557,202202,堡林堡开矫,辑备,钦拌,"108,179 ","142,644,216 ","17,768,108,045 ",124.6 
549,202202,堡林堡开矫,合备,钦拌,"172,083 ","203,551,051 ","24,215,625,443 ",119 
538,202202,堡林堡开矫,悼备,缴 具,897 ,"1,519,931 ","114,404,697 ",75.3 
518,202202,堡林堡开矫,堡魂备,啊肺殿,"13,069 ","2,583,481 ","288,931,810 ",111.8 
536,202202,堡林堡开矫,悼备,丑荤侩,364 ,"185,883 ","9,189,969 ",49.4 
537,202202,堡林堡开矫,悼备,魂诀侩,425 ,"3,034,791 ","387,453,549 ",127.7 
519,202202,堡林堡开矫,堡魂备,背腊侩,169 ,"4,929,654 ","547,403,411 ",111 
520,202202,堡林堡开矫,堡魂备,丑荤侩,"6,371 ","6,331,857 ","298,154,593 ",47.1 
521,202202,堡林堡开矫,堡魂备,魂诀侩,"3,317 ","168,809,577 ","21,316,827,954 ",126.3 
522,202202,堡林堡开矫,堡魂备,缴 具,"1,256 ","2,718,740 ","196,798,832 ",72.4 
524,202202,堡林堡开矫,堡魂备,林琶侩,"87,178 ","54,922,534 ","6,224,449,935 ",113.3 
525,202202,堡林堡开矫,堡魂备,钦拌,"136,128 ","313,918,690 ","38,557,059,225 ",122.8 
526,202202,堡林堡开矫,巢备,啊肺殿,"8,780 ","1,072,994 ","119,376,298 ",111.3 
523,202202,堡林堡开矫,堡魂备,老馆侩,"24,768 ","73,622,847 ","9,684,492,690 ",131.5 
528,202202,堡林堡开矫,巢备,丑荤侩,"2,432 ","1,218,056 ","61,235,734 ",50.3 
529,202202,堡林堡开矫,巢备,魂诀侩,469 ,"3,667,295 ","494,011,148 ",134.7 
530,202202,堡林堡开矫,巢备,缴 具,"1,045 ","2,280,806 ","163,484,873 ",71.7 
531,202202,堡林堡开矫,巢备,老馆侩,"12,048 ","29,201,642 ","3,908,740,056 ",133.9 
532,202202,堡林堡开矫,巢备,林琶侩,"56,565 ","29,869,787 ","3,527,423,489 ",118.1 
533,202202,堡林堡开矫,巢备,钦拌,"81,442 ","70,166,300 ","8,592,874,404 ",122.5 
534,202202,堡林堡开矫,悼备,啊肺殿,"5,477 ","820,763 ","88,456,354 ",107.8 
527,202202,堡林堡开矫,巢备,背腊侩,103 ,"2,855,720 ","318,602,806 ",111.6 
535,202202,堡林堡开矫,悼备,背腊侩,59 ,"3,413,818 ","331,598,510 ",97.1 
586,202203,堡林堡开矫,合备,缴 具,"1,428 ","2,956,854 ","200,175,112 ",67.7 
585,202203,堡林堡开矫,合备,魂诀侩,"1,614 ","60,614,816 ","5,997,548,270 ",98.9 
584,202203,堡林堡开矫,合备,丑荤侩,"2,860 ","1,705,822 ","85,420,820 ",50.1 
580,202203,堡林堡开矫,悼备,林琶侩,"42,388 ","14,095,073 ","1,525,673,831 ",108.2 
582,202203,堡林堡开矫,合备,啊肺殿,"12,615 ","1,506,102 ","169,019,539 ",112.2 
581,202203,堡林堡开矫,悼备,钦拌,"61,258 ","52,244,050 ","6,043,894,130 ",115.7 
587,202203,堡林堡开矫,合备,老馆侩,"27,983 ","59,511,673 ","7,377,260,301 ",124 
583,202203,堡林堡开矫,合备,背腊侩,193 ,"12,435,009 ","1,138,337,966 ",91.5 
588,202203,堡林堡开矫,合备,林琶侩,"126,156 ","51,343,669 ","5,330,375,729 ",103.8 
597,202203,堡林堡开矫,辑备,钦拌,"108,835 ","130,450,948 ","14,986,319,407 ",114.9 
590,202203,堡林堡开矫,辑备,啊肺殿,"8,752 ","969,229 ","112,350,490 ",115.9 
591,202203,堡林堡开矫,辑备,背腊侩,104 ,"2,067,067 ","245,764,638 ",118.9 
592,202203,堡林堡开矫,辑备,丑荤侩,"1,621 ","537,015 ","27,629,183 ",51.4 
593,202203,堡林堡开矫,辑备,魂诀侩,687 ,"25,400,197 ","2,588,289,350 ",101.9 
594,202203,堡林堡开矫,辑备,缴 具,735 ,"1,678,660 ","122,580,994 ",73 
595,202203,堡林堡开矫,辑备,老馆侩,"20,164 ","63,912,286 ","8,112,797,818 ",126.9 
596,202203,堡林堡开矫,辑备,林琶侩,"76,772 ","35,886,494 ","3,776,906,934 ",105.2 
579,202203,堡林堡开矫,悼备,老馆侩,"11,616 ","29,771,521 ","3,705,404,824 ",124.5 
589,202203,堡林堡开矫,合备,钦拌,"172,849 ","190,073,945 ","20,298,137,737 ",106.8 
578,202203,堡林堡开矫,悼备,缴 具,895 ,"1,203,541 ","79,741,254 ",66.3 
577,202203,堡林堡开矫,悼备,魂诀侩,426 ,"2,912,947 ","325,988,053 ",111.9 
576,202203,堡林堡开矫,悼备,丑荤侩,389 ,"178,160 ","8,773,481 ",49.2 
559,202203,堡林堡开矫,堡魂备,背腊侩,170 ,"5,159,123 ","571,422,448 ",110.8 
560,202203,堡林堡开矫,堡魂备,丑荤侩,"8,417 ","5,004,968 ","244,258,242 ",48.8 
561,202203,堡林堡开矫,堡魂备,魂诀侩,"3,311 ","173,212,363 ","18,620,852,965 ",107.5 
562,202203,堡林堡开矫,堡魂备,缴 具,"1,254 ","2,309,099 ","150,834,970 ",65.3 
563,202203,堡林堡开矫,堡魂备,老馆侩,"24,787 ","65,163,896 ","8,101,304,422 ",124.3 
564,202203,堡林堡开矫,堡魂备,林琶侩,"87,261 ","48,375,786 ","5,074,463,767 ",104.9 
565,202203,堡林堡开矫,堡魂备,钦拌,"138,282 ","301,515,164 ","33,022,154,050 ",109.5 
566,202203,堡林堡开矫,巢备,啊肺殿,"8,799 ","987,559 ","111,335,716 ",112.7 
558,202203,堡林堡开矫,堡魂备,啊肺殿,"13,082 ","2,289,929 ","259,017,236 ",113.1 
568,202203,堡林堡开矫,巢备,丑荤侩,"3,567 ","1,016,295 ","53,656,313 ",52.8 
569,202203,堡林堡开矫,巢备,魂诀侩,468 ,"3,540,659 ","439,575,947 ",124.2 
570,202203,堡林堡开矫,巢备,缴 具,"1,043 ","1,858,417 ","108,303,759 ",58.3 
571,202203,堡林堡开矫,巢备,老馆侩,"12,087 ","24,606,260 ","3,060,760,181 ",124.4 
572,202203,堡林堡开矫,巢备,林琶侩,"56,607 ","26,047,796 ","2,816,953,960 ",108.1 
573,202203,堡林堡开矫,巢备,钦拌,"82,674 ","61,117,088 ","6,928,319,279 ",113.4 
574,202203,堡林堡开矫,悼备,啊肺殿,"5,484 ","768,475 ","83,603,012 ",108.8 
575,202203,堡林堡开矫,悼备,背腊侩,60 ,"3,314,333 ","314,709,675 ",95 
567,202203,堡林堡开矫,巢备,背腊侩,103 ,"3,060,102 ","337,733,403 ",110.4 
625,202204,堡林堡开矫,合备,魂诀侩,"1,624 ","60,488,533 ","6,207,373,293 ",102.6 
624,202204,堡林堡开矫,合备,丑荤侩,"2,174 ","1,507,158 ","92,306,305 ",61.2 
620,202204,堡林堡开矫,悼备,林琶侩,"42,394 ","13,898,724 ","1,551,252,653 ",111.6 
622,202204,堡林堡开矫,合备,啊肺殿,"12,740 ","1,460,398 ","174,466,871 ",119.5 
621,202204,堡林堡开矫,悼备,钦拌,"61,232 ","48,759,049 ","5,573,294,795 ",114.3 
626,202204,堡林堡开矫,合备,缴 具,"1,419 ","2,092,085 ","128,462,732 ",61.4 
623,202204,堡林堡开矫,合备,背腊侩,193 ,"10,975,066 ","1,021,926,720 ",93.1 
627,202204,堡林堡开矫,合备,老馆侩,"28,027 ","56,456,501 ","6,614,458,239 ",117.2 
632,202204,堡林堡开矫,辑备,丑荤侩,"1,100 ","413,021 ","22,683,343 ",54.9 
629,202204,堡林堡开矫,合备,钦拌,"172,429 ","184,797,527 ","19,829,114,890 ",107.3 
630,202204,堡林堡开矫,辑备,啊肺殿,"8,751 ","907,999 ","113,401,187 ",124.9 
631,202204,堡林堡开矫,辑备,背腊侩,104 ,"2,009,978 ","204,880,523 ",101.9 
633,202204,堡林堡开矫,辑备,魂诀侩,684 ,"24,663,751 ","2,643,596,937 ",107.2 
634,202204,堡林堡开矫,辑备,缴 具,733 ,"1,419,496 ","93,352,605 ",65.8 
635,202204,堡林堡开矫,辑备,老馆侩,"20,218 ","59,921,908 ","6,989,839,176 ",116.6 
636,202204,堡林堡开矫,辑备,林琶侩,"76,773 ","37,096,850 ","4,060,395,612 ",109.5 
619,202204,堡林堡开矫,悼备,老馆侩,"11,601 ","27,224,445 ","3,295,301,398 ",121 
628,202204,堡林堡开矫,合备,林琶侩,"126,252 ","51,817,786 ","5,590,120,730 ",107.9 
618,202204,堡林堡开矫,悼备,缴 具,894 ,"866,312 ","52,245,532 ",60.3 
637,202204,堡林堡开矫,辑备,钦拌,"108,363 ","126,433,003 ","14,128,149,383 ",111.7 
616,202204,堡林堡开矫,悼备,丑荤侩,365 ,"155,365 ","8,388,401 ",54 
598,202204,堡林堡开矫,堡魂备,啊肺殿,"13,113 ","2,234,285 ","265,375,686 ",118.8 
599,202204,堡林堡开矫,堡魂备,背腊侩,169 ,"4,884,102 ","486,035,552 ",99.5 
600,202204,堡林堡开矫,堡魂备,丑荤侩,"6,403 ","3,694,471 ","200,792,705 ",54.3 
601,202204,堡林堡开矫,堡魂备,魂诀侩,"3,317 ","168,232,352 ","18,183,912,573 ",108.1 
602,202204,堡林堡开矫,堡魂备,缴 具,"1,247 ","1,902,671 ","103,529,249 ",54.4 
603,202204,堡林堡开矫,堡魂备,老馆侩,"24,974 ","61,913,585 ","7,173,536,749 ",115.9 
604,202204,堡林堡开矫,堡魂备,林琶侩,"87,408 ","50,522,911 ","5,496,200,320 ",108.8 
605,202204,堡林堡开矫,堡魂备,钦拌,"136,631 ","293,384,377 ","31,909,382,834 ",108.8 
606,202204,堡林堡开矫,巢备,啊肺殿,"8,802 ","976,265 ","118,176,252 ",121 
617,202204,堡林堡开矫,悼备,魂诀侩,425 ,"2,707,313 ","314,145,248 ",116 
608,202204,堡林堡开矫,巢备,丑荤侩,"2,467 ","776,865 ","45,954,133 ",59.2 
609,202204,堡林堡开矫,巢备,魂诀侩,467 ,"3,662,662 ","438,636,345 ",119.8 
610,202204,堡林堡开矫,巢备,缴 具,"1,040 ","1,018,792 ","55,003,878 ",54 
611,202204,堡林堡开矫,巢备,老馆侩,"12,097 ","23,584,708 ","2,853,885,619 ",121 
612,202204,堡林堡开矫,巢备,林琶侩,"56,667 ","26,616,686 ","3,042,434,645 ",114.3 
613,202204,堡林堡开矫,巢备,钦拌,"81,643 ","59,518,051 ","6,844,911,554 ",115 
614,202204,堡林堡开矫,悼备,啊肺殿,"5,493 ","785,482 ","88,840,178 ",113.1 
615,202204,堡林堡开矫,悼备,背腊侩,60 ,"3,121,408 ","263,121,385 ",84.3 
607,202204,堡林堡开矫,巢备,背腊侩,103 ,"2,882,073 ","290,820,682 ",100.9 
665,202205,堡林堡开矫,合备,魂诀侩,"1,619 ","61,683,850 ","6,302,413,381 ",102.2 
664,202205,堡林堡开矫,合备,丑荤侩,"2,172 ","1,244,702 ","70,307,460 ",56.5 
663,202205,堡林堡开矫,合备,背腊侩,194 ,"9,366,690 ","890,056,643 ",95 
659,202205,堡林堡开矫,悼备,老馆侩,"11,681 ","26,149,485 ","3,298,180,828 ",126.1 
661,202205,堡林堡开矫,悼备,钦拌,"61,286 ","45,689,719 ","5,423,899,225 ",118.7 
660,202205,堡林堡开矫,悼备,林琶侩,"42,347 ","12,984,256 ","1,452,524,614 ",111.9 
666,202205,堡林堡开矫,合备,缴 具,"1,412 ","1,179,419 ","83,201,072 ",70.5 
662,202205,堡林堡开矫,合备,啊肺殿,"12,719 ","1,311,540 ","169,539,769 ",129.3 
667,202205,堡林堡开矫,合备,老馆侩,"28,011 ","53,220,279 ","6,559,868,516 ",123.3 
671,202205,堡林堡开矫,辑备,背腊侩,104 ,"1,275,846 ","132,955,072 ",104.2 
669,202205,堡林堡开矫,合备,钦拌,"172,477 ","175,584,785 ","19,126,902,582 ",108.9 
670,202205,堡林堡开矫,辑备,啊肺殿,"8,754 ","809,851 ","107,973,672 ",133.3 
672,202205,堡林堡开矫,辑备,丑荤侩,"1,111 ","320,174 ","20,926,032 ",65.4 
673,202205,堡林堡开矫,辑备,魂诀侩,685 ,"24,460,065 ","2,639,899,380 ",107.9 
674,202205,堡林堡开矫,辑备,缴 具,729 ,"1,036,665 ","78,553,238 ",75.8 
675,202205,堡林堡开矫,辑备,老馆侩,"20,211 ","56,385,036 ","6,944,885,943 ",123.2 
676,202205,堡林堡开矫,辑备,林琶侩,"76,733 ","33,482,536 ","3,641,545,868 ",108.8 
658,202205,堡林堡开矫,悼备,缴 具,893 ,"534,075 ","34,006,323 ",63.7 
668,202205,堡林堡开矫,合备,林琶侩,"126,350 ","47,578,305 ","5,051,515,741 ",106.2 
677,202205,堡林堡开矫,辑备,钦拌,"108,327 ","117,770,173 ","13,566,739,205 ",115.2 
657,202205,堡林堡开矫,悼备,魂诀侩,425 ,"2,629,101 ","312,090,444 ",118.7 
655,202205,堡林堡开矫,悼备,背腊侩,60 ,"2,476,983 ","226,553,099 ",91.5 
656,202205,堡林堡开矫,悼备,丑荤侩,365 ,"151,262 ","8,779,337 ",58 
638,202205,堡林堡开矫,堡魂备,啊肺殿,"13,139 ","2,034,966 ","257,254,871 ",126.4 
639,202205,堡林堡开矫,堡魂备,背腊侩,169 ,"3,353,119 ","350,669,301 ",104.6 
640,202205,堡林堡开矫,堡魂备,丑荤侩,"6,412 ","2,666,176 ","164,646,717 ",61.8 
641,202205,堡林堡开矫,堡魂备,魂诀侩,"3,324 ","165,608,757 ","18,285,049,116 ",110.4 
643,202205,堡林堡开矫,堡魂备,老馆侩,"25,022 ","59,032,445 ","7,127,423,865 ",120.7 
644,202205,堡林堡开矫,堡魂备,林琶侩,"87,574 ","45,877,635 ","4,964,939,033 ",108.2 
645,202205,堡林堡开矫,堡魂备,钦拌,"136,883 ","279,360,234 ","31,196,475,899 ",111.7 
642,202205,堡林堡开矫,堡魂备,缴 具,"1,243 ","787,136 ","46,492,996 ",59.1 
647,202205,堡林堡开矫,巢备,背腊侩,103 ,"1,890,272 ","202,464,854 ",107.1 
646,202205,堡林堡开矫,巢备,啊肺殿,"8,818 ","922,682 ","116,423,501 ",126.2 
653,202205,堡林堡开矫,巢备,钦拌,"81,756 ","54,014,568 ","6,348,965,684 ",117.5 
652,202205,堡林堡开矫,巢备,林琶侩,"56,741 ","24,350,842 ","2,720,597,297 ",111.7 
651,202205,堡林堡开矫,巢备,老馆侩,"12,128 ","22,222,887 ","2,804,592,096 ",126.2 
654,202205,堡林堡开矫,悼备,啊肺殿,"5,515 ","764,557 ","91,764,580 ",120 
649,202205,堡林堡开矫,巢备,魂诀侩,470 ,"3,510,075 ","438,001,499 ",124.8 
648,202205,堡林堡开矫,巢备,丑荤侩,"2,464 ","681,624 ","41,571,659 ",61 
650,202205,堡林堡开矫,巢备,缴 具,"1,032 ","436,186 ","25,314,778 ",58 
705,202206,堡林堡开矫,合备,魂诀侩,"1,618 ","65,615,071 ","8,056,720,310 ",122.8 
699,202206,堡林堡开矫,悼备,老馆侩,"11,677 ","29,619,867 ","4,192,494,777 ",141.5 
700,202206,堡林堡开矫,悼备,林琶侩,"42,319 ","13,963,517 ","1,600,399,034 ",114.6 
701,202206,堡林堡开矫,悼备,钦拌,"61,256 ","50,528,053 ","6,586,799,225 ",130.4 
702,202206,堡林堡开矫,合备,啊肺殿,"12,735 ","1,235,322 ","162,746,381 ",131.7 
703,202206,堡林堡开矫,合备,背腊侩,194 ,"12,476,764 ","1,399,563,322 ",112.2 
704,202206,堡林堡开矫,合备,丑荤侩,"2,179 ","1,358,685 ","76,793,428 ",56.5 
706,202206,堡林堡开矫,合备,缴 具,"1,409 ","1,034,762 ","79,840,943 ",77.2 
698,202206,堡林堡开矫,悼备,缴 具,887 ,"481,009 ","30,001,612 ",62.4 
708,202206,堡林堡开矫,合备,林琶侩,"126,399 ","49,943,929 ","5,442,997,850 ",109 
709,202206,堡林堡开矫,合备,钦拌,"172,562 ","191,917,104 ","23,437,875,547 ",122.1 
710,202206,堡林堡开矫,辑备,啊肺殿,"8,745 ","737,953 ","102,426,090 ",138.8 
711,202206,堡林堡开矫,辑备,背腊侩,104 ,"1,589,636 ","193,211,969 ",121.5 
712,202206,堡林堡开矫,辑备,丑荤侩,"1,113 ","434,048 ","25,222,703 ",58.1 
713,202206,堡林堡开矫,辑备,魂诀侩,689 ,"26,100,888 ","3,487,071,902 ",133.6 
714,202206,堡林堡开矫,辑备,缴 具,728 ,"969,528 ","76,321,309 ",78.7 
715,202206,堡林堡开矫,辑备,老馆侩,"20,220 ","62,858,060 ","8,328,456,690 ",132.5 
716,202206,堡林堡开矫,辑备,林琶侩,"76,785 ","34,370,261 ","3,794,070,911 ",110.4 
697,202206,堡林堡开矫,悼备,魂诀侩,425 ,"2,760,369 ","379,792,646 ",137.6 
707,202206,堡林堡开矫,合备,老馆侩,"28,028 ","60,252,571 ","8,219,213,313 ",136.4 
695,202206,堡林堡开矫,悼备,背腊侩,60 ,"2,794,639 ","283,052,377 ",101.3 
678,202206,堡林堡开矫,堡魂备,啊肺殿,"13,144 ","1,982,768 ","254,624,447 ",128.4 
679,202206,堡林堡开矫,堡魂备,背腊侩,169 ,"4,142,129 ","504,934,150 ",121.9 
680,202206,堡林堡开矫,堡魂备,丑荤侩,"6,424 ","3,092,020 ","181,618,513 ",58.7 
681,202206,堡林堡开矫,堡魂备,魂诀侩,"3,343 ","164,993,479 ","21,537,260,081 ",130.5 
682,202206,堡林堡开矫,堡魂备,缴 具,"1,238 ","608,859 ","40,984,203 ",67.3 
683,202206,堡林堡开矫,堡魂备,老馆侩,"25,153 ","66,771,521 ","8,820,746,767 ",132.1 
684,202206,堡林堡开矫,堡魂备,林琶侩,"87,670 ","47,551,429 ","5,203,810,934 ",109.4 
685,202206,堡林堡开矫,堡魂备,钦拌,"137,141 ","289,142,205 ","36,543,979,095 ",126.4 
696,202206,堡林堡开矫,悼备,丑荤侩,370 ,"151,621 ","8,982,109 ",59.2 
687,202206,堡林堡开矫,巢备,背腊侩,103 ,"2,290,706 ","291,191,249 ",127.1 
688,202206,堡林堡开矫,巢备,丑荤侩,"2,470 ","832,092 ","46,551,724 ",55.9 
689,202206,堡林堡开矫,巢备,魂诀侩,474 ,"3,617,016 ","497,079,580 ",137.4 
690,202206,堡林堡开矫,巢备,缴 具,"1,029 ","298,735 ","18,462,866 ",61.8 
691,202206,堡林堡开矫,巢备,老馆侩,"12,152 ","25,628,508 ","3,669,708,538 ",143.2 
692,202206,堡林堡开矫,巢备,林琶侩,"56,752 ","25,371,518 ","2,875,112,857 ",113.3 
693,202206,堡林堡开矫,巢备,钦拌,"81,800 ","58,917,281 ","7,512,510,602 ",127.5 
694,202206,堡林堡开矫,悼备,啊肺殿,"5,518 ","757,031 ","92,076,670 ",121.6 
686,202206,堡林堡开矫,巢备,啊肺殿,"8,820 ","878,706 ","114,403,788 ",130.2 
744,202207,堡林堡开矫,合备,魂诀侩,"1,615 ","72,369,556 ","9,479,029,034 ",131 
743,202207,堡林堡开矫,合备,丑荤侩,"2,195 ","1,526,691 ","96,860,306 ",63.4 
739,202207,堡林堡开矫,悼备,林琶侩,"42,328 ","17,680,698 ","2,197,389,314 ",124.3 
741,202207,堡林堡开矫,合备,啊肺殿,"12,740 ","1,190,104 ","163,692,371 ",137.5 
740,202207,堡林堡开矫,悼备,钦拌,"61,316 ","61,442,643 ","8,788,741,678 ",143 
745,202207,堡林堡开矫,合备,缴 具,"1,403 ","1,070,863 ","89,803,880 ",83.9 
742,202207,堡林堡开矫,合备,背腊侩,194 ,"14,645,645 ","1,747,717,619 ",119.3 
746,202207,堡林堡开矫,合备,老馆侩,"28,114 ","72,620,595 ","11,246,892,570 ",154.9 
751,202207,堡林堡开矫,辑备,丑荤侩,"1,118 ","483,792 ","29,728,951 ",61.4 
748,202207,堡林堡开矫,合备,钦拌,"172,633 ","228,444,951 ","30,669,129,463 ",134.3 
749,202207,堡林堡开矫,辑备,啊肺殿,"8,763 ","708,387 ","102,551,834 ",144.8 
750,202207,堡林堡开矫,辑备,背腊侩,104 ,"2,555,304 ","314,533,522 ",123.1 
752,202207,堡林堡开矫,辑备,魂诀侩,685 ,"29,932,801 ","4,137,628,164 ",138.2 
753,202207,堡林堡开矫,辑备,缴 具,720 ,"1,078,274 ","96,975,861 ",89.9 
754,202207,堡林堡开矫,辑备,老馆侩,"20,258 ","74,988,373 ","11,563,018,684 ",154.2 
755,202207,堡林堡开矫,辑备,林琶侩,"76,799 ","42,389,225 ","5,180,049,286 ",122.2 
738,202207,堡林堡开矫,悼备,老馆侩,"11,727 ","35,808,300 ","5,592,088,259 ",156.2 
747,202207,堡林堡开矫,合备,林琶侩,"126,372 ","65,021,497 ","7,845,133,683 ",120.7 
737,202207,堡林堡开矫,悼备,缴 具,877 ,"470,317 ","32,795,375 ",69.7 
756,202207,堡林堡开矫,辑备,钦拌,"108,447 ","152,136,156 ","21,424,486,302 ",140.8 
735,202207,堡林堡开矫,悼备,丑荤侩,374 ,"181,332 ","11,391,823 ",62.8 
717,202207,堡林堡开矫,堡魂备,啊肺殿,"13,151 ","1,881,172 ","253,441,468 ",134.7 
718,202207,堡林堡开矫,堡魂备,背腊侩,169 ,"5,716,580 ","729,611,719 ",127.6 
719,202207,堡林堡开矫,堡魂备,丑荤侩,"6,424 ","3,513,418 ","222,474,566 ",63.3 
720,202207,堡林堡开矫,堡魂备,魂诀侩,"3,340 ","173,223,986 ","24,823,120,622 ",143.3 
721,202207,堡林堡开矫,堡魂备,缴 具,"1,235 ","668,494 ","49,432,026 ",73.9 
722,202207,堡林堡开矫,堡魂备,老馆侩,"25,254 ","80,567,514 ","12,219,637,267 ",151.7 
723,202207,堡林堡开矫,堡魂备,林琶侩,"87,864 ","59,152,230 ","7,276,644,368 ",123 
724,202207,堡林堡开矫,堡魂备,钦拌,"137,437 ","324,723,394 ","45,574,362,036 ",140.3 
725,202207,堡林堡开矫,巢备,啊肺殿,"8,821 ","869,580 ","116,929,522 ",134.5 
736,202207,堡林堡开矫,悼备,魂诀侩,428 ,"3,099,707 ","441,483,648 ",142.4 
727,202207,堡林堡开矫,巢备,丑荤侩,"2,475 ","737,684 ","47,992,879 ",65.1 
728,202207,堡林堡开矫,巢备,魂诀侩,474 ,"3,902,396 ","589,388,485 ",151 
729,202207,堡林堡开矫,巢备,缴 具,"1,028 ","236,946 ","16,694,643 ",70.5 
730,202207,堡林堡开矫,巢备,老馆侩,"12,202 ","31,214,262 ","4,851,573,652 ",155.4 
731,202207,堡林堡开矫,巢备,林琶侩,"56,793 ","31,754,687 ","3,937,532,406 ",124 
732,202207,堡林堡开矫,巢备,钦拌,"81,896 ","72,051,434 ","9,984,824,596 ",138.6 
733,202207,堡林堡开矫,悼备,啊肺殿,"5,522 ","744,172 ","94,078,258 ",126.4 
734,202207,堡林堡开矫,悼备,背腊侩,60 ,"3,458,117 ","419,515,001 ",121.3 
726,202207,堡林堡开矫,巢备,背腊侩,103 ,"3,335,879 ","424,713,009 ",127.3 
784,202208,堡林堡开矫,合备,魂诀侩,"1,618 ","72,052,345 ","9,453,089,728 ",131.2 
783,202208,堡林堡开矫,合备,丑荤侩,"2,202 ","2,044,705 ","123,012,043 ",60.2 
782,202208,堡林堡开矫,合备,背腊侩,193 ,"13,744,821 ","1,689,801,685 ",122.9 
778,202208,堡林堡开矫,悼备,老馆侩,"11,762 ","38,132,601 ","5,888,891,385 ",154.4 
780,202208,堡林堡开矫,悼备,钦拌,"61,344 ","66,097,799 ","9,392,197,547 ",142.1 
779,202208,堡林堡开矫,悼备,林琶侩,"42,315 ","19,940,313 ","2,490,674,387 ",124.9 
785,202208,堡林堡开矫,合备,缴 具,"1,391 ","1,041,875 ","91,327,576 ",87.7 
781,202208,堡林堡开矫,合备,啊肺殿,"12,747 ","1,276,111 ","169,596,108 ",132.9 
786,202208,堡林堡开矫,合备,老馆侩,"28,170 ","77,739,682 ","11,807,910,265 ",151.9 
790,202208,堡林堡开矫,辑备,背腊侩,104 ,"1,786,640 ","259,998,407 ",145.5 
788,202208,堡林堡开矫,合备,钦拌,"172,648 ","242,399,045 ","32,410,282,665 ",133.7 
789,202208,堡林堡开矫,辑备,啊肺殿,"8,780 ","762,062 ","106,505,881 ",139.8 
791,202208,堡林堡开矫,辑备,丑荤侩,"1,122 ","531,450 ","33,034,662 ",62.2 
792,202208,堡林堡开矫,辑备,魂诀侩,683 ,"28,930,105 ","4,009,515,280 ",138.6 
793,202208,堡林堡开矫,辑备,缴 具,716 ,"1,125,957 ","103,024,438 ",91.5 
794,202208,堡林堡开矫,辑备,老馆侩,"20,321 ","81,466,200 ","12,358,669,405 ",151.7 
795,202208,堡林堡开矫,辑备,林琶侩,"76,770 ","51,553,153 ","6,326,267,111 ",122.7 
777,202208,堡林堡开矫,悼备,缴 具,875 ,"431,668 ","33,111,744 ",76.7 
787,202208,堡林堡开矫,合备,林琶侩,"126,327 ","74,499,506 ","9,075,545,260 ",121.8 
796,202208,堡林堡开矫,辑备,钦拌,"108,496 ","166,155,567 ","23,197,015,184 ",139.6 
776,202208,堡林堡开矫,悼备,魂诀侩,427 ,"3,233,604 ","455,548,190 ",140.9 
774,202208,堡林堡开矫,悼备,背腊侩,60 ,"3,379,051 ","414,848,441 ",122.8 
775,202208,堡林堡开矫,悼备,丑荤侩,375 ,"211,525 ","13,007,904 ",61.5 
757,202208,堡林堡开矫,堡魂备,啊肺殿,"13,173 ","1,994,436 ","264,970,462 ",132.9 
758,202208,堡林堡开矫,堡魂备,背腊侩,169 ,"4,590,149 ","651,101,544 ",141.8 
759,202208,堡林堡开矫,堡魂备,丑荤侩,"6,448 ","4,468,995 ","276,427,867 ",61.9 
760,202208,堡林堡开矫,堡魂备,魂诀侩,"3,344 ","166,657,968 ","24,015,587,338 ",144.1 
762,202208,堡林堡开矫,堡魂备,老馆侩,"25,393 ","87,272,716 ","13,099,163,639 ",150.1 
763,202208,堡林堡开矫,堡魂备,林琶侩,"87,933 ","73,153,637 ","9,196,640,745 ",125.7 
764,202208,堡林堡开矫,堡魂备,钦拌,"137,694 ","338,751,887 ","47,550,341,538 ",140.4 
761,202208,堡林堡开矫,堡魂备,缴 具,"1,234 ","613,986 ","46,449,943 ",75.7 
766,202208,堡林堡开矫,巢备,背腊侩,103 ,"2,493,564 ","363,785,367 ",145.9 
765,202208,堡林堡开矫,巢备,啊肺殿,"8,827 ","909,639 ","119,047,991 ",130.9 
772,202208,堡林堡开矫,巢备,钦拌,"81,927 ","78,610,537 ","10,909,961,154 ",138.8 
771,202208,堡林堡开矫,巢备,林琶侩,"56,753 ","37,313,341 ","4,707,379,507 ",126.2 
770,202208,堡林堡开矫,巢备,老馆侩,"12,266 ","32,807,846 ","5,051,107,983 ",154 
773,202208,堡林堡开矫,悼备,啊肺殿,"5,530 ","769,037 ","96,115,496 ",125 
768,202208,堡林堡开矫,巢备,魂诀侩,475 ,"4,011,986 ","599,389,799 ",149.4 
767,202208,堡林堡开矫,巢备,丑荤侩,"2,476 ","855,388 ","54,351,327 ",63.5 
769,202208,堡林堡开矫,巢备,缴 具,"1,027 ","218,773 ","14,899,180 ",68.1 
825,202209,堡林堡开矫,合备,缴 具,"1,389 ","909,394 ","75,359,595 ",82.9 
819,202209,堡林堡开矫,悼备,林琶侩,"42,316 ","16,573,900 ","1,990,484,650 ",120.1 
820,202209,堡林堡开矫,悼备,钦拌,"61,376 ","58,024,074 ","7,522,726,730 ",129.6 
821,202209,堡林堡开矫,合备,啊肺殿,"12,784 ","1,387,812 ","177,951,347 ",128.2 
822,202209,堡林堡开矫,合备,背腊侩,193 ,"12,897,048 ","1,351,082,856 ",104.8 
823,202209,堡林堡开矫,合备,丑荤侩,"2,206 ","1,614,299 ","100,001,335 ",61.9 
824,202209,堡林堡开矫,合备,魂诀侩,"1,616 ","66,823,047 ","7,337,763,790 ",109.8 
836,202209,堡林堡开矫,辑备,钦拌,"108,640 ","150,585,966 ","19,486,241,676 ",129.4 
818,202209,堡林堡开矫,悼备,老馆侩,"11,797 ","33,791,766 ","4,654,895,790 ",137.8 
828,202209,堡林堡开矫,合备,钦拌,"172,792 ","213,004,950 ","25,536,386,251 ",119.9 
829,202209,堡林堡开矫,辑备,啊肺殿,"8,781 ","857,917 ","114,680,027 ",133.7 
830,202209,堡林堡开矫,辑备,背腊侩,104 ,"2,064,902 ","281,768,575 ",136.5 
831,202209,堡林堡开矫,辑备,丑荤侩,"1,126 ","614,324 ","37,259,896 ",60.7 
832,202209,堡林堡开矫,辑备,魂诀侩,684 ,"24,658,763 ","2,830,856,561 ",114.8 
833,202209,堡林堡开矫,辑备,缴 具,712 ,"922,689 ","89,248,586 ",96.7 
834,202209,堡林堡开矫,辑备,老馆侩,"20,393 ","74,258,949 ","10,426,164,144 ",140.4 
835,202209,堡林堡开矫,辑备,林琶侩,"76,840 ","47,208,422 ","5,706,263,887 ",120.9 
827,202209,堡林堡开矫,合备,林琶侩,"126,412 ","60,041,119 ","6,984,407,936 ",116.3 
817,202209,堡林堡开矫,悼备,缴 具,869 ,"327,371 ","24,945,800 ",76.2 
826,202209,堡林堡开矫,合备,老馆侩,"28,192 ","69,332,231 ","9,509,819,392 ",137.2 
815,202209,堡林堡开矫,悼备,丑荤侩,375 ,"225,088 ","15,102,892 ",67.1 
797,202209,堡林堡开矫,堡魂备,啊肺殿,"13,233 ","2,136,687 ","274,027,300 ",128.2 
798,202209,堡林堡开矫,堡魂备,背腊侩,169 ,"4,918,003 ","642,806,159 ",130.7 
799,202209,堡林堡开矫,堡魂备,丑荤侩,"6,459 ","4,412,955 ","282,817,078 ",64.1 
800,202209,堡林堡开矫,堡魂备,魂诀侩,"3,354 ","159,737,770 ","19,890,382,392 ",124.5 
801,202209,堡林堡开矫,堡魂备,缴 具,"1,230 ","489,619 ","38,491,387 ",78.6 
802,202209,堡林堡开矫,堡魂备,老馆侩,"25,502 ","78,905,329 ","10,808,305,744 ",137 
803,202209,堡林堡开矫,堡魂备,林琶侩,"88,083 ","66,213,080 ","8,205,481,756 ",123.9 
804,202209,堡林堡开矫,堡魂备,钦拌,"138,030 ","316,813,443 ","40,142,311,816 ",126.7 
805,202209,堡林堡开矫,巢备,啊肺殿,"8,764 ","961,242 ","122,352,052 ",127.3 
816,202209,堡林堡开矫,悼备,魂诀侩,426 ,"2,949,152 ","358,990,344 ",121.7 
807,202209,堡林堡开矫,巢备,丑荤侩,"2,477 ","785,521 ","50,323,824 ",64.1 
808,202209,堡林堡开矫,巢备,魂诀侩,476 ,"3,822,018 ","524,725,879 ",137.3 
809,202209,堡林堡开矫,巢备,缴 具,"1,020 ","231,524 ","16,435,828 ",71 
810,202209,堡林堡开矫,巢备,老馆侩,"12,294 ","28,457,453 ","3,854,511,743 ",135.4 
811,202209,堡林堡开矫,巢备,林琶侩,"56,753 ","31,335,795 ","3,859,419,246 ",123.2 
812,202209,堡林堡开矫,巢备,钦拌,"81,887 ","68,459,310 ","8,797,133,815 ",128.5 
813,202209,堡林堡开矫,悼备,啊肺殿,"5,533 ","773,922 ","94,575,095 ",122.2 
814,202209,堡林堡开矫,悼备,背腊侩,60 ,"3,382,875 ","383,732,159 ",113.4 
806,202209,堡林堡开矫,巢备,背腊侩,103 ,"2,865,757 ","369,365,243 ",128.9 
865,202210,堡林堡开矫,合备,缴 具,"1,384 ","865,287 ","73,807,089 ",85.3 
864,202210,堡林堡开矫,合备,魂诀侩,"1,617 ","61,783,567 ","7,387,481,601 ",119.6 
863,202210,堡林堡开矫,合备,丑荤侩,"2,212 ","1,181,266 ","82,614,665 ",69.9 
859,202210,堡林堡开矫,悼备,林琶侩,"42,327 ","14,018,371 ","1,735,321,854 ",123.8 
861,202210,堡林堡开矫,合备,啊肺殿,"12,794 ","1,530,340 ","192,585,520 ",125.8 
860,202210,堡林堡开矫,悼备,钦拌,"61,427 ","48,712,219 ","6,237,274,085 ",128 
866,202210,堡林堡开矫,合备,老馆侩,"28,340 ","56,686,897 ","7,378,988,927 ",130.2 
862,202210,堡林堡开矫,合备,背腊侩,193 ,"10,990,543 ","1,150,479,872 ",104.7 
867,202210,堡林堡开矫,合备,林琶侩,"126,547 ","49,794,761 ","5,854,695,793 ",117.6 
871,202210,堡林堡开矫,辑备,丑荤侩,"1,128 ","487,151 ","30,572,562 ",62.8 
869,202210,堡林堡开矫,辑备,啊肺殿,"8,797 ","954,318 ","124,699,311 ",130.7 
870,202210,堡林堡开矫,辑备,背腊侩,104 ,"1,679,472 ","209,644,341 ",124.8 
872,202210,堡林堡开矫,辑备,魂诀侩,687 ,"23,215,986 ","2,929,711,737 ",126.2 
873,202210,堡林堡开矫,辑备,缴 具,707 ,"728,423 ","68,623,040 ",94.2 
874,202210,堡林堡开矫,辑备,老馆侩,"20,433 ","61,728,781 ","7,956,994,063 ",128.9 
875,202210,堡林堡开矫,辑备,林琶侩,"76,891 ","36,270,949 ","4,360,194,365 ",120.2 
876,202210,堡林堡开矫,辑备,钦拌,"108,747 ","125,065,080 ","15,680,439,419 ",125.4 
858,202210,堡林堡开矫,悼备,老馆侩,"11,836 ","27,690,579 ","3,720,241,942 ",134.4 
868,202210,堡林堡开矫,合备,钦拌,"173,087 ","182,832,661 ","22,120,653,467 ",121 
857,202210,堡林堡开矫,悼备,缴 具,867 ,"301,682 ","25,442,585 ",84.3 
856,202210,堡林堡开矫,悼备,魂诀侩,423 ,"2,717,615 ","347,397,115 ",127.8 
855,202210,堡林堡开矫,悼备,丑荤侩,376 ,"171,137 ","11,322,390 ",66.2 
837,202210,堡林堡开矫,堡魂备,啊肺殿,"13,232 ","2,253,923 ","285,155,126 ",126.5 
838,202210,堡林堡开矫,堡魂备,背腊侩,169 ,"4,255,611 ","498,521,731 ",117.1 
839,202210,堡林堡开矫,堡魂备,丑荤侩,"6,498 ","3,891,328 ","267,574,771 ",68.8 
840,202210,堡林堡开矫,堡魂备,魂诀侩,"3,365 ","152,835,804 ","19,321,276,977 ",126.4 
841,202210,堡林堡开矫,堡魂备,缴 具,"1,227 ","410,976 ","32,981,470 ",80.3 
843,202210,堡林堡开矫,堡魂备,林琶侩,"88,159 ","49,721,562 ","5,945,178,780 ",119.6 
844,202210,堡林堡开矫,堡魂备,钦拌,"138,241 ","278,690,759 ","34,692,572,039 ",124.5 
845,202210,堡林堡开矫,巢备,啊肺殿,"8,770 ","1,021,102 ","129,849,865 ",127.2 
842,202210,堡林堡开矫,堡魂备,老馆侩,"25,591 ","65,321,555 ","8,341,883,184 ",127.7 
847,202210,堡林堡开矫,巢备,丑荤侩,"2,477 ","639,628 ","47,687,709 ",74.6 
846,202210,堡林堡开矫,巢备,背腊侩,103 ,"2,199,013 ","269,892,480 ",122.7 
853,202210,堡林堡开矫,悼备,啊肺殿,"5,538 ","798,689 ","96,583,522 ",120.9 
852,202210,堡林堡开矫,巢备,钦拌,"81,952 ","56,278,764 ","7,216,402,838 ",128.2 
851,202210,堡林堡开矫,巢备,林琶侩,"56,770 ","25,164,723 ","3,092,972,386 ",122.9 
854,202210,堡林堡开矫,悼备,背腊侩,60 ,"3,014,146 ","300,964,677 ",99.9 
849,202210,堡林堡开矫,巢备,缴 具,"1,016 ","357,315 ","25,118,786 ",70.3 
848,202210,堡林堡开矫,巢备,魂诀侩,473 ,"3,487,924 ","473,562,234 ",135.8 
850,202210,堡林堡开矫,巢备,老馆侩,"12,343 ","23,409,059 ","3,177,319,378 ",135.7 
906,202211,堡林堡开矫,合备,老馆侩,"28,380 ","54,322,994 ","8,240,482,035 ",151.7 
899,202211,堡林堡开矫,悼备,林琶侩,"42,294 ","13,904,615 ","1,777,083,994 ",127.8 
900,202211,堡林堡开矫,悼备,钦拌,"61,446 ","46,842,952 ","6,732,876,563 ",143.7 
901,202211,堡林堡开矫,合备,啊肺殿,"12,799 ","1,660,747 ","210,379,363 ",126.7 
902,202211,堡林堡开矫,合备,背腊侩,193 ,"10,729,983 ","1,319,572,974 ",123 
903,202211,堡林堡开矫,合备,丑荤侩,"2,928 ","1,656,151 ","106,839,298 ",64.5 
904,202211,堡林堡开矫,合备,魂诀侩,"1,610 ","60,787,370 ","8,716,650,938 ",143.4 
905,202211,堡林堡开矫,合备,缴 具,"1,381 ","1,634,691 ","144,586,507 ",88.4 
916,202211,堡林堡开矫,辑备,钦拌,"109,337 ","120,915,345 ","17,074,667,931 ",141.2 
915,202211,堡林堡开矫,辑备,林琶侩,"76,927 ","34,537,073 ","4,294,198,685 ",124.3 
908,202211,堡林堡开矫,合备,钦拌,"173,787 ","180,942,932 ","24,871,341,287 ",137.5 
909,202211,堡林堡开矫,辑备,啊肺殿,"8,790 ","1,092,889 ","141,669,206 ",129.6 
910,202211,堡林堡开矫,辑备,背腊侩,104 ,"1,501,239 ","188,135,854 ",125.3 
911,202211,堡林堡开矫,辑备,丑荤侩,"1,658 ","689,126 ","41,594,559 ",60.4 
912,202211,堡林堡开矫,辑备,魂诀侩,684 ,"25,504,142 ","3,851,223,615 ",151 
913,202211,堡林堡开矫,辑备,缴 具,703 ,"967,442 ","85,301,956 ",88.2 
914,202211,堡林堡开矫,辑备,老馆侩,"20,471 ","56,623,434 ","8,472,544,056 ",149.6 
898,202211,堡林堡开矫,悼备,老馆侩,"11,852 ","25,937,566 ","4,070,048,038 ",156.9 
907,202211,堡林堡开矫,合备,林琶侩,"126,496 ","50,150,996 ","6,132,830,172 ",122.3 
897,202211,堡林堡开矫,悼备,缴 具,866 ,"571,699 ","49,837,084 ",87.2 
886,202211,堡林堡开矫,巢备,背腊侩,103 ,"2,436,434 ","313,594,336 ",128.7 
895,202211,堡林堡开矫,悼备,丑荤侩,405 ,"182,804 ","12,414,403 ",67.9 
877,202211,堡林堡开矫,堡魂备,啊肺殿,"13,240 ","2,450,050 ","318,188,467 ",129.9 
878,202211,堡林堡开矫,堡魂备,背腊侩,169 ,"4,020,939 ","510,734,062 ",127 
879,202211,堡林堡开矫,堡魂备,丑荤侩,"8,621 ","5,923,452 ","372,450,432 ",62.9 
880,202211,堡林堡开矫,堡魂备,魂诀侩,"3,365 ","161,685,323 ","23,664,923,014 ",146.4 
881,202211,堡林堡开矫,堡魂备,缴 具,"1,224 ","929,201 ","71,358,060 ",76.8 
896,202211,堡林堡开矫,悼备,魂诀侩,423 ,"2,640,646 ","399,069,313 ",151.1 
883,202211,堡林堡开矫,堡魂备,林琶侩,"88,388 ","48,018,867 ","5,938,781,221 ",123.7 
884,202211,堡林堡开矫,堡魂备,钦拌,"140,671 ","283,554,182 ","39,859,500,181 ",140.6 
882,202211,堡林堡开矫,堡魂备,老馆侩,"25,664 ","60,526,350 ","8,983,064,925 ",148.4 
887,202211,堡林堡开矫,巢备,丑荤侩,"3,616 ","1,371,182 ","80,162,097 ",58.5 
888,202211,堡林堡开矫,巢备,魂诀侩,474 ,"3,816,608 ","580,453,794 ",152.1 
889,202211,堡林堡开矫,巢备,缴 具,"1,008 ","932,477 ","78,958,483 ",84.7 
890,202211,堡林堡开矫,巢备,老馆侩,"12,389 ","23,110,830 ","3,616,548,413 ",156.5 
891,202211,堡林堡开矫,巢备,林琶侩,"56,758 ","25,546,801 ","3,238,137,264 ",126.8 
892,202211,堡林堡开矫,巢备,钦拌,"83,128 ","58,269,114 ","8,042,034,060 ",138 
893,202211,堡林堡开矫,悼备,啊肺殿,"5,546 ","822,383 ","102,279,714 ",124.4 
894,202211,堡林堡开矫,悼备,背腊侩,60 ,"2,783,239 ","322,144,017 ",115.7 
885,202211,堡林堡开矫,巢备,啊肺殿,"8,780 ","1,054,782 ","134,179,673 ",127.2 
938,202212,堡林堡开矫,悼备,老馆侩,"11,864 ","31,046,732 ","4,984,468,665 ",160.5 
939,202212,堡林堡开矫,悼备,林琶侩,"42,311 ","15,112,894 ","1,977,963,938 ",130.9 
940,202212,堡林堡开矫,悼备,钦拌,"61,449 ","54,685,542 ","8,069,650,820 ",147.6 
941,202212,堡林堡开矫,合备,啊肺殿,"12,804 ","1,726,078 ","214,622,423 ",124.3 
942,202212,堡林堡开矫,合备,背腊侩,193 ,"15,457,204 ","1,838,938,914 ",119 
943,202212,堡林堡开矫,合备,丑荤侩,"2,211 ","1,663,350 ","116,008,676 ",69.7 
944,202212,堡林堡开矫,合备,魂诀侩,"1,612 ","61,295,238 ","8,970,799,049 ",146.4 
953,202212,堡林堡开矫,辑备,缴 具,699 ,"1,273,849 ","122,462,022 ",96.1 
946,202212,堡林堡开矫,合备,老馆侩,"28,439 ","62,735,214 ","9,903,424,333 ",157.9 
947,202212,堡林堡开矫,合备,林琶侩,"126,419 ","53,211,681 ","6,642,922,281 ",124.8 
948,202212,堡林堡开矫,合备,钦拌,"173,055 ","198,709,490 ","27,938,043,020 ",140.6 
949,202212,堡林堡开矫,辑备,啊肺殿,"8,808 ","1,169,389 ","147,176,587 ",125.9 
950,202212,堡林堡开矫,辑备,背腊侩,104 ,"2,340,582 ","303,112,422 ",129.5 
951,202212,堡林堡开矫,辑备,丑荤侩,"1,133 ","382,922 ","28,849,424 ",75.3 
952,202212,堡林堡开矫,辑备,魂诀侩,684 ,"26,773,505 ","4,076,579,360 ",152.3 
937,202212,堡林堡开矫,悼备,缴 具,865 ,"933,597 ","89,885,205 ",96.3 
945,202212,堡林堡开矫,合备,缴 具,"1,377 ","2,620,725 ","251,327,344 ",95.9 
936,202212,堡林堡开矫,悼备,魂诀侩,423 ,"3,064,951 ","460,599,457 ",150.3 
926,202212,堡林堡开矫,巢备,背腊侩,103 ,"3,668,155 ","455,817,881 ",124.3 
934,202212,堡林堡开矫,悼备,背腊侩,60 ,"3,536,312 ","443,420,152 ",125.4 
954,202212,堡林堡开矫,辑备,老馆侩,"20,502 ","63,473,543 ","10,215,853,633 ",160.9 
917,202212,堡林堡开矫,堡魂备,啊肺殿,"13,244 ","2,499,654 ","320,104,648 ",128.1 
918,202212,堡林堡开矫,堡魂备,背腊侩,169 ,"6,157,714 ","780,528,557 ",126.8 
919,202212,堡林堡开矫,堡魂备,丑荤侩,"6,547 ","5,541,983 ","377,314,910 ",68.1 
920,202212,堡林堡开矫,堡魂备,魂诀侩,"3,356 ","160,994,244 ","24,506,775,522 ",152.2 
921,202212,堡林堡开矫,堡魂备,缴 具,"1,223 ","1,885,138 ","170,072,216 ",90.2 
922,202212,堡林堡开矫,堡魂备,老馆侩,"25,766 ","67,525,642 ","10,686,036,975 ",158.3 
923,202212,堡林堡开矫,堡魂备,林琶侩,"88,471 ","49,574,177 ","6,193,558,355 ",124.9 
924,202212,堡林堡开矫,堡魂备,钦拌,"138,776 ","294,178,552 ","43,034,391,183 ",146.3 
925,202212,堡林堡开矫,巢备,啊肺殿,"8,780 ","1,095,604 ","135,521,916 ",123.7 
927,202212,堡林堡开矫,巢备,丑荤侩,"2,481 ","871,011 ","63,950,877 ",73.4 
928,202212,堡林堡开矫,巢备,魂诀侩,475 ,"4,131,545 ","655,740,592 ",158.7 
929,202212,堡林堡开矫,巢备,缴 具,"1,004 ","1,752,990 ","158,420,758 ",90.4 
930,202212,堡林堡开矫,巢备,老馆侩,"12,443 ","27,187,630 ","4,336,415,500 ",159.5 
931,202212,堡林堡开矫,巢备,林琶侩,"56,721 ","26,932,740 ","3,467,625,067 ",128.8 
932,202212,堡林堡开矫,巢备,钦拌,"82,007 ","65,639,675 ","9,273,492,591 ",141.3 
933,202212,堡林堡开矫,悼备,啊肺殿,"5,545 ","826,212 ","101,577,756 ",122.9 
935,202212,堡林堡开矫,悼备,丑荤侩,381 ,"164,844 ","11,735,647 ",71.2 
955,202212,堡林堡开矫,辑备,林琶侩,"76,911 ","35,741,374 ","4,461,869,338 ",124.8 
